lat,lon,bathymetry.meters,cum_dist_from_00
35.00543300000018,139.97546699999984,0.13500000536441803,0.0
34.95363335311912,140.06509353601913,1574.3333101272583,9.999999999999725
34.901767214250725,140.15460730223697,2293.9999103546143,20.000000000000654
34.89859296336221,140.16091244403847,2293.9999103546143,20.673977144212348
34.80859142405107,140.1669823743746,2293.9999103546143,27.98606733304679
34.71858824894929,140.17303912093593,2293.9999103546143,36.592706448444424
34.69072647741027,140.1749749340766,2293.9999103546143,39.39330761404635
34.60058287064144,140.1749749342642,2293.9999103546143,48.481452634766775
34.510437929652724,140.1749749344514,2293.9999103546143,57.871143669025265
34.420291656019145,140.17497493463821,2293.9999103546143,67.43653864718284
34.405022750715936,140.17497493467252,2293.9999103546143,69.06889665807343
34.31663346801603,140.19634141231884,2293.9999103546143,79.04817827421539
34.22823918803204,140.21766314352297,2293.9999103546143,89.03210911943448
34.13983993217086,140.23894036755155,2293.9999103546143,99.01928288424384
34.05143572173553,140.2601733222868,2293.9999103546143,109.00880824243853
33.9630265779263,140.28136224423722,1993.99995803833,119.00009297825248
33.93964008831966,140.28747485497644,1394.0000534057617,121.65433221787283
33.888300841569155,140.37636316674158,1394.0000534057617,129.28404666886922
33.836897117668876,140.46514497566363,1394.0000534057617,137.2185924287563
33.785429115785654,140.55382048291403,1394.0000534057617,145.40807646830876
33.73389703465959,140.64238989018122,1394.0000534057617,153.811782724842
33.68230107260394,140.73085339966303,1394.0000534057617,162.39645783117933
33.63064142750508,140.81921121405904,1394.0000534057617,171.13487001541833
33.578918296822415,140.90746353656297,1394.0000534057617,180.0046309455199
33.527131877588324,140.99561057085532,1394.0000534057617,188.98724770631947
33.47528236640812,141.0836525210957,3797.3334789276123,198.0673664087044
33.42336995946006,141.17158959191565,4999.000072479248,207.2321709647873
33.37139485249527,141.2594219884112,4999.000072479248,216.47090551670487
33.319357240837824,141.34714991613555,4999.000072479248,225.7744945579608
33.267257319384754,141.43477358109186,4999.000072479248,235.13523992649485
33.21509528260602,141.52229318972607,4999.000072479248,244.5465782255725
33.162871324544675,141.60970894891972,4999.000072479248,254.00288579456534
33.1105856388168,141.697021065983,4999.000072479248,263.49932118526107
33.05823841861169,141.78422974864742,4999.000072479248,273.0316973184581
33.00582985669186,141.87133520505924,4999.000072479248,282.5963772199641
32.953360145393226,141.95833764377215,4678.999900817871,292.19018856933815
32.90082947662518,142.0452372737407,5752.999782562256,301.8103533262789
32.8482380418707,142.13203430431315,6370.00036239624,311.45442949714015
32.8123187832876,142.19997350014447,6370.00036239624,318.5706758617601
32.73527915468264,142.25543889397034,6370.00036239624,328.46954975944846
32.6582140795612,142.3108089222984,6370.00036239624,338.3743655459793
32.58112367239291,142.36608399964715,6370.00036239624,348.2846162797888
32.50400804713188,142.42126453889242,6370.00036239624,358.1998508576512
32.426867317219916,142.4763509512756,6370.00036239624,368.11966656267725
32.34970159558959,142.53134364641144,6370.00036239624,378.04370277018273
32.27251099466749,142.58624303229573,6370.00036239624,387.9716356076393
32.19529562637723,142.64104951531334,6370.00036239624,397.903173404718
32.11805560214258,142.69576350024593,6370.00036239624,407.83805280076126
32.04079103289056,142.75038539027972,6370.00036239624,417.77603540182326
31.963502029054464,142.80491558701323,6375.333309173584,427.7169048991037
31.886188700576923,142.85935449046505,6386.000156402588,437.6604645763596
31.808851156912905,142.9137024990815,6386.000156402588,447.6065351465592
31.7314895070327,142.9679600097443,6386.000156402588,457.5549528682523
31.654103859424964,143.02212741777825,6417.333602905273,467.50556790045056
31.57669432209962,143.07620511695873,6480.000019073486,477.4582428616253
31.499261002590796,143.1301934995195,6480.000019073486,487.4128515639227
31.421804007959818,143.18409295616004,6480.000019073486,497.36927789826547
31.344323444798064,143.23790387605322,6480.000019073486,507.3274148498511
31.26681941922988,143.29162664685273,6480.000019073486,517.2871636266083
31.18929203691542,143.3452616547007,6480.000019073486,527.24843288581
31.11174140305356,143.39880928423491,6480.000019073486,537.2111380461812
31.03416762238468,143.45226991859653,6480.000019073486,547.1752006747467
30.95657079919351,143.50564393943722,6466.000080108643,557.1405479390829
30.9013960885155,143.5499725437925,6459.000110626221,564.5811077795331
30.82054130585465,143.59631375330278,6459.000110626221,574.459833503152
30.739668967254826,143.64257737415795,6459.000110626221,584.342673862006
30.658779154162332,143.6887637682652,6459.000110626221,594.2294235588957
30.577871947655318,143.7348732959699,6459.000110626221,604.1198906571798
30.496947428446216,143.78090631606477,6459.000110626221,614.013895517072
30.416005676884236,143.826863185799,6459.000110626221,623.9112698314246
30.335046772957735,143.87274426088723,6459.000110626221,633.8118557504007
30.25407079629669,143.9185498955185,6459.000110626221,643.7155050856055
30.173077826175042,143.9642804423653,6459.000110626221,653.6220785855135
30.092067941513104,144.0099362525922,6277.6665687561035,663.5314452747939
30.01104122087992,144.0555176758651,5914.999485015869,673.4434818511738
29.92999774249561,144.10102506035955,5841.666698455811,683.3580721340198
29.848937584233667,144.14645875276977,5804.999828338623,693.275106559628
29.767860823623355,144.1918190983173,5804.999828338623,703.1944817186461
29.68676753785191,144.2371064407595,5804.999828338623,713.1160999316114
29.605657803766892,144.28232112239834,5804.999828338623,723.0398688590201
29.524531697878412,144.32746348408875,5804.999828338623,732.9657011426742
29.44338929636141,144.37253386524725,5804.999828338623,742.8935140754561
29.362230675057877,144.41753260386034,5804.999828338623,752.8232292969371
29.281055909479054,144.4624600364929,5804.999828338623,762.7547725124973
29.1998650748077,144.50731649829652,5804.999828338623,772.688073233867
29.11865824590021,144.5521023230179,5804.999828338623,782.6230645392413
29.037435497288826,144.596817843007,5804.999828338623,792.5596828512341
28.95619690318382,144.64146338922527,5658.999919891357,802.4978677311673
28.874942537475597,144.68603929125396,5585.999965667725,812.4375616883354
28.793672473736844,144.730545877302,5585.999965667725,822.378710002934
28.71238678522464,144.77498347421434,5585.999965667725,832.3212605615988
28.63108554488259,144.81935240747973,5585.999965667725,842.2651637044613
28.549768825342834,144.86365300123896,5585.999965667725,852.2103720828449
28.468436698928247,144.9078855782926,5585.999965667725,862.1568405266893
28.387089237654365,144.95205046010898,5585.999965667725,872.1045259210171
28.305726513231523,144.99614796683213,5585.999965667725,882.053387090655
28.22434859706686,145.0401784172894,5638.000011444092,892.0033846926248
28.142955560266305,145.08414212899947,5664.000034332275,901.9544811156046
28.061547473636626,145.12803941817987,5664.000034332275,911.9066403859124
27.980124407687423,145.17187059975473,5434.333324432373,921.8598280795413
27.89868643263307,145.21563598736248,4974.999904632568,931.8140112397879
27.817233618394685,145.25933589336339,4974.999904632568,941.7691583000789
27.7357660346021,145.3029706288472,4974.999904632568,951.7252390115891
27.654283750595827,145.3465405036405,4974.999904632568,961.6822243753371
27.572786835428897,145.39004582631435,4974.999904632568,971.6400865784269
27.491275357868847,145.4334869041916,4974.999904632568,981.5987989341475
27.409749386399607,145.47686404335434,4974.999904632568,991.5583358256512
27.32820898922335,145.5201775486513,4974.999904632568,1001.5186726529776
27.2466542342624,145.56342772370505,4974.999904632568,1011.4797857831885
27.165085189161122,145.60661487091932,4974.999904632568,1021.4416525034001
27.083501921287663,145.64973929148627,4974.999904632568,1031.404250976528
27.001904497735904,145.6928012853936,4974.999904632568,1041.367560199548
26.920292985327244,145.7358011514318,4642.333507537842,1051.3315599641182
26.838667450612398,145.77873918720113,4475.99983215332,1061.2962308194205
26.75702795987319,145.82161568911883,4475.99983215332,1071.2615540370498
26.67537457912439,145.86443095242606,4475.99983215332,1081.2275115778368
26.593707374115436,145.90718527119498,4475.99983215332,1091.194086060487
26.51202641033223,145.94987893833556,4475.99983215332,1101.1612607319062
26.43033175299888,145.99251224560268,4475.99983215332,1111.1290194391222
26.34862346707945,146.03508548360287,5024.666309356689,1121.0973466026876
26.266901617279686,146.0775989418012,5298.999786376953,1131.0662271914896
26.185166268048718,146.1200529085281,5298.999786376953,1141.0356466988744
26.103417483580785,146.1624476709861,5298.999786376953,1151.0055911200025
26.021655327816955,146.20478351525662,5298.999786376953,1160.9760469303692
25.939879864446738,146.24706072630656,5170.333385467529,1170.9470010654104
25.858091156909836,146.28927958799503,5105.999946594238,1180.9184409011468
25.77628926839776,146.33144038307995,5105.999946594238,1190.8903542357934
25.694474261855508,146.3735433932247,5105.999946594238,1200.8627292722745
25.612646199983185,146.4155888990045,5105.999946594238,1210.8355546016023
25.53080514523763,146.45757717991313,5105.999946594238,1220.8088191870827
25.448951159834067,146.4995085143692,5105.999946594238,1230.7825123492514
25.367084305747685,146.54138317972286,5105.999946594238,1240.7566237515737
25.28520464471525,146.58320145226185,5105.999946594238,1250.7311433867906
25.203312238236684,146.6249636072182,5105.999946594238,1260.7060615639386
25.121407147576654,146.6666699187744,5105.999946594238,1270.6813688959598
25.03948943376613,146.70832066006972,5105.999946594238,1280.6570562878937
24.957559157603942,146.74991610320652,5402.000427246094,1290.633114925621
24.875616379658343,146.79145651925643,5550.0006675720215,1300.609536265116
24.79366116026851,146.8329421782666,5550.0006675720215,1310.5863120221948
24.71169355954613,146.87437334926588,5550.0006675720215,1320.5634341627144
24.62971363737687,146.91575030027084,5550.0006675720215,1330.5408948932254
24.54772145342187,146.95707329829204,5550.0006675720215,1340.51868665204
24.465717067119318,146.99834260933997,5550.0006675720215,1350.4968021006744
24.383700537685858,147.03955849843112,5599.999904632568,1360.475234115697
24.3016719241181,147.080721229594,5625.0,1370.4539757809086
24.219631285194097,147.12183106587509,5625.0,1380.4330203798695
24.137578679474796,147.1628882693448,5625.0,1390.4123613887434
24.055514165305507,147.20389310110338,5625.0,1400.391992469453
23.9734378008173,147.24484582128673,5688.999652862549,1410.3719074631204
23.89134964392847,147.28574668907234,5816.999912261963,1420.3521003837843
23.80924975234598,147.32659596268505,5816.999912261963,1430.332565412377
23.727138183566804,147.3673938994028,5816.999912261963,1440.313296890957
23.645014994879432,147.40814075556244,5816.999912261963,1450.2942893171703
23.562880243365157,147.4488367865654,5816.999912261963,1460.2755373389477
23.480733985899562,147.48948224688345,5816.999912261963,1470.2570357494103
23.398576279153826,147.5300773900643,5816.999912261963,1480.2387794819895
23.316407179596116,147.5706224687372,5816.999912261963,1490.2207636057296
23.298598065875893,147.59996967473646,5816.999912261963,1493.369715664426
23.209919932923622,147.618382589733,5816.999912261963,1502.9303470677205
23.121238647885253,147.6367712183358,5816.999912261963,1512.4965553613947
23.032554225628196,147.65513569541093,5816.999912261963,1522.0682353618706
22.943866680979067,147.67347615525338,5677.666187286377,1531.6452844552475
22.855176028724,147.69179273159122,5607.999801635742,1541.2276025211074
22.766482283609044,147.7100855575898,5607.999801635742,1550.8150918589624
22.67778546034044,147.7283547658557,5607.999801635742,1560.4076571172184
22.589085573585017,147.74660048844095,5607.999801635742,1570.0052052245676
22.500382637970485,147.764822856847,5607.999801635742,1579.6076453237206
22.41167666808578,147.78302200202862,5607.999801635742,1589.2148887073636
22.322967678481376,147.80119805439804,5607.999801635742,1598.8268487562966
22.23425568366966,147.8193511438288,5607.999801635742,1608.4434408796292
22.145540698125206,147.83748139965977,5607.999801635742,1618.06458245698
22.05682273628511,147.85558895069886,5607.999801635742,1627.6901927826023
21.968101812549303,147.87367392522708,5461.999893188477,1637.3201930113469
21.87937794128089,147.8917364510023,5170.000076293945,1646.9545061064152
21.790651136806453,147.90977665526296,5170.000076293945,1656.5930567888167
21.701921413416326,147.92779466473215,5170.000076293945,1666.2357714884963
21.61318878536495,147.94579060562097,5170.000076293945,1675.8825782970157
21.52445326687118,147.96376460363268,5170.000076293945,1685.5334069218
21.435714872118528,147.98171678396602,5170.000076293945,1695.1881886418341
21.346973615255543,147.99964727131925,5170.000076293945,1704.846856264797
21.258229510396045,148.0175561898935,4860.000133514404,1714.5093440855467
21.169482571619472,148.03544366339662,4704.999923706055,1724.1755878459392
21.080732812971117,148.05330981504673,4704.999923706055,1733.8455246959154
20.99198024846248,148.0711547675757,4545.000076293945,1743.5190931558009
20.903224892071513,148.0889786432329,4224.999904632568,1753.196233079805
20.814466757742935,148.10678156378856,4224.999904632568,1762.8768856206548
20.72570585938847,148.1245636505374,4224.999904632568,1772.5609931953186
20.6369422108872,148.14232502430207,4224.999904632568,1782.248499451802
20.548175826085785,148.1600658054366,4224.999904632568,1791.939349236951
20.459406718798768,148.17778611382988,4224.999904632568,1801.6334885652693
20.37063490280885,148.1954860689091,4224.999904632568,1811.3308645886564
20.281860391867145,148.21316578964309,4224.999904632568,1821.0314255670896
20.19308319969346,148.23082539454566,4224.999904632568,1830.7351208401788
20.10430333997659,148.24846500167908,4224.999904632568,1840.441900799586
20.015520826374555,148.26608472865735,4224.999904632568,1850.1517168622656
19.92673567251485,148.28368469264942,4392.333507537842,1859.8645214445175
19.837947891994748,148.30126501038265,4475.99983215332,1869.5802679367964
19.74915749838155,148.31882579814587,4475.99983215332,1879.2989106792677
19.660364505212815,148.33636717179286,4475.99983215332,1889.0204049381055
19.571568925996655,148.35388924674533,4475.99983215332,1898.7447068824536
19.482770774211954,148.3713921379963,4475.99983215332,1908.4717735620923
19.393970063308654,148.3888759601132,4475.99983215332,1918.2015628857273
19.30516680670798,148.40634082724108,4475.99983215332,1927.9340335999334
19.216361017802697,148.42378685310567,4475.99983215332,1937.6691452686812
19.127552709957367,148.44121415101654,4475.99983215332,1947.40685825347
19.038741896508565,148.45862283387027,4475.99983215332,1957.147133694027
18.949928590765172,148.4760130141534,4992.666244506836,1966.889933489544
18.861112806008556,148.49338480394564,5250.999927520752,1976.6352202804646
18.772294555492845,148.51073831492272,5250.999927520752,1986.382957430771
18.683473852445168,148.52807365835963,5250.999927520752,1996.1331090107783
18.594650710065878,148.54539094513345,5250.999927520752,2005.885639780404
18.505825141528792,148.5626902857264,5250.999927520752,2015.6405151729086
18.4169971599814,148.5799717902288,5250.999927520752,2025.3977012790954
18.32816677854514,148.59723556834206,5250.999927520752,2035.157164831928
18.239334010315588,148.6144817293815,5250.999927520752,2044.9188731915874
18.150498868362696,148.63171038227944,5250.999927520752,2054.6827943309418
18.06166136573102,148.6489216355878,5250.999927520752,2064.4488968213923
17.972821515439936,148.66611559748134,5445.666790008545,2074.2171498191365
17.883979330483875,148.68329237576017,5835.000514984131,2083.9875230517687
17.795134823832527,148.70045207785284,5835.000514984131,2093.7599868052716
17.70628800843106,148.7175948108191,5835.000514984131,2103.5345119113417
17.61743889720036,148.7347206813525,5835.000514984131,2113.311069735055
17.528587503037198,148.75182979578358,5835.000514984131,2123.089632162871
17.439733838814497,148.76892226008223,5835.000514984131,2132.8701715909456
17.350877917381503,148.7859981798607,5835.000514984131,2142.6526609137545
17.262019751564008,148.80305766037625,5835.000514984131,2152.437073513023
17.17315935416458,148.82010080653384,5835.000514984131,2162.2233832469356
17.08429673796272,148.8371277228889,5835.000514984131,2172.011564439646
16.995431915715123,148.85413851365004,5650.000095367432,2181.801591871036
16.90656490015586,148.87113328268157,5280.00020980835,2191.593440766753
16.81769570399652,148.8881121335063,5280.00020980835,2201.3870867885175
16.72882433992652,148.9050751693082,5280.00020980835,2211.1825060246506
16.639950820613237,148.92202249293481,5280.00020980835,2220.9796749808643
16.551075158702208,148.9389542069002,5280.00020980835,2230.778570571294
16.534196198259725,148.9499687183845,5280.00020980835,2232.9501669304204
16.444897280754418,148.93563247576262,5280.00020980835,2241.5537414494775
16.355596624821402,148.92130933641158,5280.00020980835,2250.1683812336796
16.266294240593563,148.90699921345336,5280.00020980835,2258.793959490729
16.176990138190636,148.89270202028902,5280.00020980835,2267.430351197103
16.087684327719405,148.87841767059655,5280.00020980835,2276.077433070515
15.998376819273792,148.86414607832867,5154.666900634766,2284.735083542807
15.909067622934977,148.8498871577106,4903.999805450439,2293.4031827332637
15.819756748771553,148.83564082323798,4903.999805450439,2302.0816124223606
15.730444206839627,148.82140698967464,4903.999805450439,2310.7702560259163
15.641130007182939,148.80718557205049,4903.999805450439,2319.4689985696596
15.551814159833018,148.79297648565935,4903.999805450439,2328.177726664208
15.462496674809259,148.77877964605696,4903.999805450439,2336.8963284804413
15.373177562119078,148.7645949690587,4903.999805450439,2345.6246937252663
15.283856831758005,148.7504223707376,4903.999805450439,2354.362713617776
15.194534493709828,148.73626176742223,4903.999805450439,2363.1102808657984
15.105210557946695,148.72211307569472,4903.999805450439,2371.8672896428016
15.01588503442922,148.70797621238847,4992.000102996826,2380.633635565202
14.926557933106631,148.6938510945864,5168.000221252441,2389.40921567001
14.83722926391684,148.67973763961865,5168.000221252441,2398.1939283928577
14.747899036786611,148.66563576506073,5168.000221252441,2406.9876735463768
14.658567261631616,148.65154538873142,5168.000221252441,2415.7903522989263
14.569233948356592,148.63746642869086,5168.000221252441,2424.6018671536717
14.47989910685542,148.6233988032384,5168.000221252441,2433.422121927994
14.390562747011248,148.60934243091077,5168.000221252441,2442.2510217332465
14.301224878696615,148.59529723048007,5168.000221252441,2451.0884729548384
14.211885511773534,148.58126312095175,5168.000221252441,2459.934383232632
14.122544656093606,148.5672400215627,5168.000221252441,2468.7886614416866
14.033202321498129,148.55322785177935,5238.333225250244,2477.65121767329
13.94385851781822,148.53922653129572,5379.000186920166,2486.5219632163125
13.85451325487488,148.52523598003145,5379.000186920166,2495.400810538877
13.765166542479147,148.51125611812998,5379.000186920166,2504.2876732703053
13.710817738179637,148.49996903716843,5379.000186920166,2509.601634534691
13.620431474507503,148.49996903716843,5379.000186920166,2519.0875508246113
13.530044555204636,148.49996903716843,5379.000186920166,2528.57722026193
13.439656984285977,148.49996903716843,5379.000186920166,2538.0706006468763
13.349268765773104,148.49996903716843,5379.000186920166,2547.5676503918967
13.273238157547592,148.49996903716843,5379.000186920166,2555.558911326954
13.202931444802667,148.5579579289137,5379.000186920166,2564.910398349108
13.132611220130674,148.61591365163804,5379.000186920166,2574.2664942586784
13.062277565074254,148.6738364009844,5379.000186920166,2583.6271488556126
12.991930561028596,148.7317263723198,5534.3337059021,2592.992312639928
12.921570289242421,148.78958376073655,5611.999988555908,2602.3619367999754
12.851196830818886,148.8474087610541,5611.999988555908,2611.7359732009472
12.780810266716573,148.9052015678203,5611.999988555908,2621.1143743735793
12.710410677750428,148.96296237531303,5611.999988555908,2630.4970935030956
12.639998144592678,149.02069137754168,5684.000015258789,2639.8840844183437
12.569572747773803,149.07838876824871,5828.000545501709,2649.275301581148
12.499134567683447,149.1360547409111,5828.000545501709,2658.670700075863
12.42868368457137,149.193689488742,5828.000545501709,2668.0702355991243
12.358220178548388,149.25129320469202,5828.000545501709,2677.473864449789
12.287744129587274,149.30886608145104,5828.000545501709,2686.8815435190754
12.217255617523723,149.36640831144945,5828.000545501709,2696.293230280881
12.146754722057244,149.42392008685988,5828.000545501709,2705.708882782283
12.0762415227521,149.4814015995986,5828.000545501709,2715.12845963423
12.005716099038235,149.53885304132703,5790.666580200195,2724.551920002377
11.935178530212191,149.5962746034534,5771.999835968018,2733.9792235981304
11.864628895438,149.6536664771341,5771.999835968018,2743.4103306698335
11.794067273748132,149.71102885327528,5771.999835968018,2752.8452019941237
11.723493744044381,149.76836192253438,5771.999835968018,2762.2837988674487
11.65290838509879,149.82566587532162,5771.999835968018,2771.726083097748
11.58231127555455,149.8829409018015,5771.999835968018,2781.1720169962737
11.51170249392691,149.94018719189444,5771.999835968018,2790.6215633695765
11.441082118604069,149.99740493527807,5771.999835968018,2800.074685511627
11.370450227848101,150.054594321389,5822.000026702881,2809.5313471960917
11.299806899795817,150.1117555394242,5847.0001220703125,2818.991512668744
11.229152212459697,150.16888877834248,5847.0001220703125,2828.455146640018
11.158486243728747,150.22599422686616,5847.0001220703125,2837.922214277695
11.087809071369433,150.2830720734825,5847.0001220703125,2847.392681199723
11.017120773026535,150.3401225064451,5847.0001220703125,2856.866513467172
10.946421426224049,150.39714571377573,5781.667232513428,2866.3436775773102
10.875711108366062,150.45414188326552,5749.000072479248,2875.8241404568093
10.804989896737661,150.51111120247663,5749.000072479248,2885.3078694550695
10.734257868505779,150.56805385874378,5749.000072479248,2894.794832337668
10.663515100720101,150.6249700391758,5749.000072479248,2904.2849972799277
10.592761670313928,150.681859930657,5749.000072479248,2913.778332860592
10.521997654105045,150.7387237198488,5749.000072479248,2923.274808055615
10.451223128796613,150.79556159319128,5749.000072479248,2932.774392232075
10.380438170978023,150.85237373690458,5749.000072479248,2942.27705514218
10.309642857125773,150.90916033699048,5749.000072479248,2951.782766917386
10.238837263604331,150.965921579234,5749.000072479248,2961.2914980626288
10.168021466667001,151.02265764920475,5727.666854858398,2970.803219450634
10.097195542456777,151.07936873225853,5684.999942779541,2980.317902316359
10.026359567007221,151.13605501353888,5684.999942779541,2989.8355182515
9.967915186974132,151.1999671244645,5399.00016784668,2998.3523095849064
9.911655300309757,151.27135156398296,5256.00004196167,3006.938092007633
9.855380051735207,151.3427116674355,5256.00004196167,3015.531933240532
9.799089535116176,151.4140475774624,5256.00004196167,3024.1337642355525
9.742783844226375,151.4853594366705,5256.00004196167,3032.7435166630044
9.686463072748053,151.55664738763306,5256.00004196167,3041.361122903175
9.630127314272523,151.62791157288984,5256.00004196167,3049.986516038066
9.573776662300716,151.69915213494718,5256.00004196167,3058.619629843211
9.517411210243697,151.77036921627777,5256.00004196167,3067.2603987795933
9.461031051423214,151.84156295932092,5256.00004196167,3075.908757985669
9.40463627907221,151.91273350648234,5256.00004196167,3084.564643269475
9.348226986335387,151.98388100013426,5256.00004196167,3093.227991100828
9.29180326626972,152.05500558261542,5231.333255767822,3101.8987386036365
9.235365211844996,152.1261073962311,5218.999862670898,3110.576823548281
9.178912915944347,152.1971865832531,5218.999862670898,3119.262184344103
9.122446471364796,152.26824328591988,5218.999862670898,3127.9547600319725
9.065965970817775,152.3392776464363,5218.999862670898,3136.654490276952
9.009471506929668,152.41028980697405,5218.999862670898,3145.3613153610495
8.952963172242354,152.48127990967131,4396.33321762085,3154.075176176051
8.89644105921372,152.55224809663315,3984.999895095825,3162.7960142164548
8.839905260218226,152.62319450993115,3984.999895095825,3171.523771572467
8.783355867547405,152.69411929160387,3984.999895095825,3180.2583909231107
8.726792973410435,152.76502258365656,3984.999895095825,3188.999815529397
8.670216669934643,152.8359045280614,3984.999895095825,3197.7479892275824
8.61362704916606,152.90676526675753,3984.999895095825,3206.5028564225267
8.557024203069943,152.97760494165107,3984.999895095825,3215.2643620811027
8.500408223531323,153.04842369461517,4719.666481018066,3224.0324517257072
8.443779202355525,153.11922166749008,5086.999893188477,3232.807071427843
8.38713723126872,153.1899990020833,5086.999893188477,3241.5881678017836
8.330482401918452,153.26075584016954,5086.999893188477,3250.3756879983066
8.273814805874167,153.33149232349086,5086.999893188477,3259.1695796985164
8.217134534627762,153.40220859375668,5086.999893188477,3267.9697911077324
8.190543417795496,153.44996553054452,5086.999893188477,3272.725562147687
8.115448863314075,153.5005081171178,5086.999893188477,3282.544302838129
8.040347762697806,153.55103193817587,5086.999893188477,3292.3640362548003
7.965240179447967,153.60153717499162,4806.333065032959,3302.1847534769317
7.890126176987903,153.65202400863785,4244.999885559082,3312.006445688431
7.81500581866382,153.70249261998927,4244.999885559082,3321.8291041763673
7.739879167745567,153.7529431897244,4244.999885559082,3331.652720329471
7.664746287427454,153.80337589832757,4244.999885559082,3341.47728563666
7.5896072408290065,153.85379092609094,4244.999885559082,3351.3027916856045
7.514462090995768,153.90418845311632,4244.999885559082,3361.1292301613025
7.439310900900099,153.95456865931715,4244.999885559082,3370.9565928446773
7.364153733441926,154.00493172442057,4304.333209991455,3380.7848716112144
7.288990651449552,154.05527782796923,4422.999858856201,3390.6140584296127
7.2138217176804265,154.10560714932328,4422.999858856201,3400.444145360453
7.1386469948219196,154.1559198676623,4422.999858856201,3410.275124554895
7.063466545492102,154.2062161619873,4422.999858856201,3420.1069882534016
6.988280432240526,154.25649621112257,4325.000286102295,3429.9397287844713
6.913088717548981,154.3067601937176,4129.000186920166,3439.7733385634056
6.8378914638322845,154.35700828824918,4129.000186920166,3449.6078100910822
6.762688733439041,154.4072406730231,4129.000186920166,3459.4431359527684
6.687480588652415,154.45745752617628,4129.000186920166,3469.279308816933
6.61226709169089,154.50765902567855,4129.000186920166,3479.1163214340927
6.537048304709044,154.55784534933463,4129.000186920166,3488.9541666356686
6.46182428979831,154.60801667478609,4129.000186920166,3498.7928373328723
6.386595108987727,154.6581731795132,4129.000186920166,3508.6323265155966
6.311360824244723,154.7083150408369,4129.000186920166,3518.472627251337
6.2361214974758505,154.75844243592067,4129.000186920166,3528.3137326841147
6.160877190527567,154.8085555417725,4129.000186920166,3538.1556360334416
6.085627965186971,154.85865453524676,4129.000186920166,3547.998330593282
6.0103738831825675,154.90873959304605,4129.000186920166,3557.841809731031
5.935115006185023,154.95881089172332,3732.3334217071533,3567.6860668865265
5.859851395807913,155.0088686076835,3588.3331298828125,3577.5310955710606
5.7845831136084715,155.0589129171856,3696.9997882843018,3587.3768893664137
5.709310221088353,155.10894399634458,3696.9997882843018,3597.223441923898
5.634032779694364,155.15896202113314,3696.9997882843018,3607.070746963432
5.558750850819218,155.20896716738372,3696.9997882843018,3616.918798272612
5.483464495802284,155.25895961079044,3696.9997882843018,3626.7675897058066
5.4081737759303214,155.3089395269109,3696.9997882843018,3636.6171151832677
5.332878752438239,155.35890709116805,3696.9997882843018,3646.4673686902415
5.25757948650982,155.40886247885217,3696.9997882843018,3656.318344276124
5.182276039278472,155.45880586512277,3696.9997882843018,3666.170036053593
5.106968471827967,155.5087374250104,3696.9997882843018,3676.022438197782
5.031656845193171,155.5586573334185,3696.9997882843018,3685.8755449454434
4.956341220360795,155.6085657651255,3591.0003185272217,3695.7293505941584
4.881021658270122,155.65846289478642,3538.0001068115234,3705.5838495015164
4.805698219813739,155.708348896935,3538.0001068115234,3715.439036084346
4.730370965838281,155.7582239459854,3538.0001068115234,3725.2949048179266
4.655039957145155,155.8080882162342,3538.0001068115234,3735.1514502352447
4.579705254491275,155.85794188186216,3538.0001068115234,3745.0086669262255
4.5043669185897945,155.90778511693622,3538.0001068115234,3754.86654953701
4.429025010110834,155.95761809541133,3538.0001068115234,3764.725092769216
4.353679589682207,156.00744099113223,3487.0002269744873,3774.5842913792294
4.278330717890155,156.05725397783547,3384.999990463257,3784.444140177498
4.202978455280062,156.10705722915122,3384.999990463257,3794.304634027839
4.164912849976942,156.1499636178406,3384.999990463257,3800.0880271076435
4.078308300727508,156.17588891459948,3384.999990463257,3810.007270759744
3.991702727394176,156.20180866104448,3251.666784286499,3819.926884000562
3.905096151923696,156.22772297652128,2984.999895095825,3829.846863918449
3.818488596250136,156.25363198028117,2984.999895095825,3839.767207631602
3.7318800822951625,156.27953579148303,2984.999895095825,3849.6879122876785
3.645270631968324,156.30543452919545,2984.999895095825,3859.6089750634246
3.5586602671673404,156.33132831239882,2984.999895095825,3869.530393164294
3.472049009778375,156.35721725998752,2984.999895095825,3879.4521638240976
3.385436881676323,156.3831014907718,2984.999895095825,3889.3742843046334
3.2988239047250874,156.40898112348,2984.999895095825,3899.2967518953355
3.2122101007778636,156.4348562767607,2984.999895095825,3909.2195639129277
3.125595491677416,156.46072706918466,2984.999895095825,3919.1427177010787
3.0389800992563605,156.48659361924683,2984.999895095825,3929.0662106300583
2.9523639453374413,156.51245604536876,2822.333335876465,3938.9900400964175
2.865747051733811,156.53831446590024,2740.999937057495,3948.914203522643
2.7791294402493065,156.5641689991217,2740.999937057495,3958.838698356852
2.6925111326787277,156.59001976324612,2740.999937057495,3968.763522072459
2.6058921508081174,156.61586687642108,2740.999937057495,3978.688672167867
2.5192725164150365,156.6417104567309,2740.999937057495,3988.6141461661623
2.4326522512688373,156.66755062219866,2740.999937057495,3998.5399416148052
2.346031377130944,156.69338749078827,2740.999937057495,4008.466056085332
2.259409915755129,156.71922118040644,2740.999937057495,4018.392487173056
2.172787888887784,156.7450518089049,2740.999937057495,4028.319232496781
2.086165318268201,156.7708794940823,2740.999937057495,4038.246289698512
1.9995422256288389,156.79670435368627,2595.9999561309814,4048.1736564431685
1.912918632695609,156.82252650541562,2305.999994277954,4058.101330418314
1.8262945611881412,156.84834606692215,2305.999994277954,4068.0293093338696
1.739670032820059,156.87416315581288,2305.999994277954,4077.9575909218556
1.6530450692992558,156.89997788965204,2305.999994277954,4087.8861729361197
1.566419692328169,156.92579038596307,2305.999994277954,4097.815053152067
1.4797939236040478,156.95160076223064,2305.999994277954,4107.744229366409
1.3931677848192334,156.97740913590283,2305.999994277954,4117.67369939691
1.3065412976614257,157.003215624393,2324.666738510132,4127.603461082123
1.2199144838139608,157.0290203450819,2361.999988555908,4137.5335122811575
1.13328736495608,157.05482341531973,2361.999988555908,4147.463850873419
1.0466599627632023,157.0806249524281,2361.999988555908,4157.394474758382
0.9600322989072005,157.10642507370213,2292.3333644866943,4167.325381855334
0.8734043950566658,157.13222389641243,2153.0001163482666,4177.256570103165
0.7867762728771867,157.15802153780714,2153.0001163482666,4187.188037460119
0.7001479540316186,157.18381811511406,2153.0001163482666,4197.119781903565
0.6135194601803492,157.20961374554247,2153.0001163482666,4207.051801429781
0.5268908129815827,157.2354085462853,2153.0001163482666,4216.984094053729
0.4402620340915978,157.26120263452123,2153.0001163482666,4226.916657808837
0.35363314516502764,157.2869961274165,2153.0001163482666,4236.84949074678
0.2670041678551244,157.31278914212714,2153.0001163482666,4246.782590937275
0.18037512381403853,157.33858179580085,2153.0001163482666,4256.715956467859
0.09374603469308275,157.36437420557917,2153.0001163482666,4266.649585443696
0.007116922143007216,157.3901664885993,2153.0001163482666,4276.583475987366
-0.07951219218573691,157.41595876199636,2032.3333740234375,4286.517626238661
-0.16614128664271074,157.44175114290528,1972.000002861023,4296.452034354396
-0.252770339577234,157.46754374846282,1972.000002861023,4306.38669850821
-0.331409329660265,157.49996266148847,1972.000002861023,4315.80059514112
-0.41721009454786856,157.52835624153457,1972.000002861023,4325.765503915487
-0.5030107374983064,157.55675043668145,1972.000002861023,4335.730548590947
-0.5888112334312975,157.58514537344925,1972.000002861023,4345.695728209808
-0.6746115572646466,157.61354117837053,1972.000002861023,4355.661041823052
-0.7604116839139189,157.64193797799248,1972.000002861023,4365.626488490246
-0.8462115882921106,157.67033589887888,1972.000002861023,4375.592067279424
-0.9320112453093254,157.69873506761238,1972.000002861023,4385.55777726701
-1.0178106298724447,157.72713561079655,1911.666750907898,4395.52361753772
-1.1036097168848018,157.75553765505805,1791.0000085830688,4405.489587184459
-1.1894084812458543,157.78394132704864,1791.0000085830688,4415.455685308231
-1.275206897850858,157.81234675344746,1791.0000085830688,4425.421911018058
-1.3610049415905363,157.8407540609631,1791.0000085830688,4435.388263430879
-1.4468025873507557,157.86916337633568,1791.0000085830688,4445.354741671468
-1.5325998100121951,157.89757482633902,1791.0000085830688,4455.321344872339
-1.6183965844500208,157.92598853778279,1791.0000085830688,4465.288072173669
-1.7041928855335533,157.95440463751459,1791.0000085830688,4475.254922723205
-1.7899886881259444,157.98282325242215,1791.0000085830688,4485.221895676184
-1.8757839670838428,158.01124450943541,1865.0001287460327,4495.18899019525
-1.9615786972570688,158.03966853552868,2013.0000114440918,4505.15620545037
-2.0473728534882834,158.06809545772276,1952.3333311080933,4515.123540618753
-2.1331664106126573,158.0965254030871,1922.0000505447388,4525.090994884773
-2.218959343457545,158.1249584987419,1922.0000505447388,4535.05856743989
-2.304751626842148,158.1533948718604,1922.0000505447388,4545.026257482569
-2.3905432355771885,158.18183464967075,1922.0000505447388,4554.9940642182055
-2.47633414446458,158.2102779594584,1922.0000505447388,4564.961986859048
-2.5621243282970885,158.23872492856816,1922.0000505447388,4574.93002462413
-2.647913761858008,158.26717568440634,1922.0000505447388,4584.898176739191
-2.7337024199208257,158.29563035444295,1922.0000505447388,4594.866442436599
-2.81949027724889,158.3240890662137,1922.0000505447388,4604.834820955284
-2.905277308595073,158.35255194732244,1922.0000505447388,4614.803311540675
-2.9910634887014442,158.38101912544303,1922.0000505447388,4624.771913444612
-3.0299959680086603,158.3999620239206,1852.000117301941,4629.55749928863
-3.09810488470779,158.45914358508622,1817.0000314712524,4639.061113815808
-3.166210392109472,158.51833271115174,1817.0000314712524,4648.566428232616
-3.2343124147039752,158.57752956936594,1817.0000314712524,4658.073431783755
-3.3024108769485556,158.63673432703104,1817.0000314712524,4667.582113798568
-3.3705057032667347,158.69594715150396,1817.0000314712524,4677.092463690208
-3.438596818047588,158.7551682101973,1817.0000314712524,4686.604470954827
-3.5066841456450177,158.81439767058066,1817.0000314712524,4696.118125170764
-3.574767610377039,158.87363570018172,1817.0000314712524,4705.633415997758
-3.642847136525055,158.93288246658733,1817.0000314712524,4715.150333176152
-3.7109226483331414,158.99213813744473,1817.0000314712524,4724.668866526117
-3.7789940700073217,159.05140288046266,1857.6666116714478,4734.189005946877
-3.847061325714846,159.11067686341255,1877.9999017715454,4743.7107414159545
-3.9151243395834663,159.1699602541296,1877.9999017715454,4753.234062988409
-3.983183035700721,159.22925322051398,1877.9999017715454,4762.758960796103
-4.051237338113203,159.28855593053194,1662.66667842865,4772.285425046947
-4.11928717082584,159.347868552217,1554.9999475479126,4781.813446024196
-4.187332457801169,159.40719125367102,1554.9999475479126,4791.343014085707
-4.255373122958614,159.46652420306543,1554.9999475479126,4800.874119663239
-4.323409090173752,159.52586756864235,1554.9999475479126,4810.4067532617455
-4.391440283277597,159.58522151871563,1554.9999475479126,4819.940905458671
-4.459466626055862,159.6445862216722,1554.9999475479126,4829.476566903283
-4.527488042248246,159.70396184597297,1554.9999475479126,4839.013728315962
-4.595504455547682,159.76334856015418,1554.9999475479126,4848.5523804875465
-4.663515789599641,159.82274653282846,1554.9999475479126,4858.092514278669
-4.73152196800137,159.88215593268592,1554.9999475479126,4867.634120619085
-4.7995229143011775,159.9415769284954,1554.9999475479126,4877.1771905070245
-4.825692499217419,159.97496090817668,1554.9999475479126,4881.322510304854
-4.885880621176515,160.04224494857684,1865.6665086746216,4890.432231568105
-4.946061884081523,160.10954099289327,2020.9999084472656,4899.54471281553
-5.006236201862363,160.17684919051754,1960.333228111267,4908.6599380172265
-5.0664034884002005,160.24416969088,1839.0001058578491,4917.777891255384
-5.126563657526834,160.31150264345027,1839.0001058578491,4926.898556723333
-5.186716623024093,160.37884819773777,1839.0001058578491,4936.021918724604
-5.246862298623242,160.44620650329196,1839.0001058578491,4945.147961671983
-5.307000598004375,160.513577709703,1839.0001058578491,4954.276670086592
-5.367131434795813,160.58096196660193,1839.0001058578491,4963.408028596964
-5.427254722573497,160.64835942366133,1839.0001058578491,4972.54202193814
-5.487370374860397,160.71577023059555,1839.0001058578491,4981.678634950768
-5.547478305125892,160.78319453716122,1839.0001058578491,4990.8178525801995
-5.60757842678518,160.8506324931577,1839.0001058578491,4999.959659875621
-5.66767065319867,160.9180842484274,1839.0001058578491,5009.10404198917
-5.727754897671374,160.9855499528563,1839.0001058578491,5018.250984175072
-5.787831073452305,161.05302975637431,2291.6667461395264,5027.400471788774
-5.84789909373388,161.1205238089557,2517.9998874664307,5036.552490286106
-5.907958871651304,161.18803226061948,2517.9998874664307,5045.707025222425
-5.968010320281969,161.2555552614298,2517.9998874664307,5054.864062251794
-6.0280533526448545,161.32309296149649,2433.333158493042,5064.023587126139
-6.088087881699907,161.39064551097525,2263.9999389648438,5073.185585694448
-6.148113820347458,161.45821306006823,2263.9999389648438,5082.3500439019435
-6.20813108142759,161.52579575902436,2263.9999389648438,5091.516947789291
-6.268139577719552,161.5933937581397,2263.9999389648438,5100.686283491794
-6.328139221941148,161.66100720775802,2263.9999389648438,5109.85803723861
-6.388129926748118,161.7286362582709,2263.9999389648438,5119.0321953519715
-6.4481116047335485,161.79628106011845,2263.9999389648438,5128.208744246403
-6.508084168427253,161.86394176378943,2263.9999389648438,5137.387670427971
-6.56804753029517,161.9316185198218,2263.9999389648438,5146.5689604935005
-6.616650693475356,161.99995947364866,2263.9999389648438,5154.647090019784
-6.697567206496776,162.04032781269692,2767.9998874664307,5164.644418151079
-6.778480136171128,162.08070945472488,3019.9997425079346,5174.6417542335375
-6.859389437818702,162.1211045658392,3019.9997425079346,5184.639098218601
-6.940295066710859,162.16151331233615,3019.9997425079346,5194.636450058083
-7.021196978069421,162.20193586070394,2884.999990463257,5204.633809704159
-7.102095127066028,162.24237237762512,2615.000009536743,5214.631177109361
-7.182989468821508,162.28282302997897,2615.000009536743,5224.6285522265725
-7.263879958405253,162.32328798484397,2615.000009536743,5234.625935009038
-7.344766550834571,162.36376740950016,2615.000009536743,5244.62332541034
-7.425649201074059,162.4042614714316,2615.000009536743,5254.620723384413
-7.5065278640349575,162.44477033832877,2615.000009536743,5264.618128885534
-7.587402494574513,162.48529417809092,2615.000009536743,5274.615541868313
-7.668273047495342,162.52583315882868,2615.000009536743,5284.612962287696
-7.7491394775447775,162.56638744886635,2615.000009536743,5294.610390098964
-7.830001739414222,162.60695721674443,2615.000009536743,5304.6078252577245
-7.910859787738521,162.64754263122197,2615.000009536743,5314.605267719913
-7.991713577095281,162.68814386127917,2615.000009536743,5324.602717441787
-8.07256306200425,162.7287610761197,2839.6666049957275,5334.600174379922
-8.153408196926643,162.76939444517325,2951.9999027252197,5344.597638491211
-8.234248936264498,162.81004413809796,2951.9999027252197,5354.59510973286
-8.315085234360016,162.85071032478294,2951.9999027252197,5364.592588062385
-8.395917045494901,162.8913931753507,2951.9999027252197,5374.590073437612
-8.401139048122838,162.89995883608063,2951.9999027252197,5375.515840903245
-8.4888695938596,162.92193184989148,2951.9999027252197,5385.320680220737
-8.576598506697245,162.94391484323742,2951.9999027252197,5395.126056060192
-8.66432576913951,162.96590792524725,2951.9999027252197,5404.931965302545
-8.752051363670665,162.9879112052371,2951.9999027252197,5414.738404850531
-8.8397752727553,163.0099247927129,3008.333206176758,5424.545371628502
-8.927497478838092,163.0319487973722,3121.000051498413,5434.352862582216
-9.015217964343565,163.05398332910661,3321.000099182129,5444.160874678667
-9.102936711675868,163.07602849800384,3720.9999561309814,5453.969404905873
-9.190653703218528,163.09808441434987,3720.9999561309814,5463.778450272703
-9.278368921334224,163.12015118863124,3720.9999561309814,5473.5880078086875
-9.366082348364538,163.14222893153703,3720.9999561309814,5483.398074563829
-9.453793966629734,163.16431775396134,3720.9999561309814,5493.208647608428
-9.541503758428505,163.18641776700528,3720.9999561309814,5503.019724032901
-9.629211706037738,163.2085290819793,3720.9999561309814,5512.831300947599
-9.716917791712277,163.2306518104053,3720.9999561309814,5522.6433754826285
-9.804621997684677,163.25278606401906,3720.9999561309814,5532.45594478769
-9.892324306164952,163.27493195477228,3720.9999561309814,5542.26900603189
-9.980024699340348,163.29708959483497,3720.9999561309814,5552.082556403581
-10.067723159375088,163.31925909659762,3581.6667079925537,5561.896593110182
-10.155419668410119,163.3414405726735,3512.00008392334,5571.711113378025
-10.177457430361068,163.3499585172967,3512.00008392334,5574.314401976788
-10.267176065367421,163.33870606893933,3512.00008392334,5582.77833318716
-10.35689381510305,163.3274472768471,3512.00008392334,5591.245962385222
-10.446610671734238,163.316182080781,3512.00008392334,5599.717271428152
-10.536326627424433,163.3049104203726,3512.00008392334,5608.192242271235
-10.626041674334234,163.29363223512246,3512.00008392334,5616.670856967226
-10.715755804621338,163.282347464399,3512.00008392334,5625.153097665734
-10.805469010440508,163.27105604743713,3512.00008392334,5633.638946612581
-10.895181283943522,163.25975792333676,3512.00008392334,5642.128386149194
-10.984892617279142,163.24845303106164,3512.00008392334,5650.621398711983
-11.074603002593067,163.23714130943785,3994.000196456909,5659.117966831717
-11.164312432027891,163.22582269715255,4235.000133514404,5667.6180731329405
-11.254020897723064,163.2144971327525,4235.000133514404,5676.121700333346
-11.343728391814851,163.20316455464285,4235.000133514404,5684.628831243183
-11.433434906436272,163.19182490108557,4235.000133514404,5693.139448764662
-11.523140433717085,163.1804781101981,4235.000133514404,5701.653535891351
-11.612844965783724,163.16912411995213,4235.000133514404,5710.171075707603
-11.702548494759256,163.15776286817194,4235.000133514404,5718.692051387957
-11.792251012763343,163.14639429253324,4235.000133514404,5727.216446196567
-11.881952511912187,163.13501833056156,4235.000133514404,5735.7442434866125
-11.971652984318487,163.12363491963092,4235.000133514404,5744.275426699735
-12.061352422091401,163.1122439969624,4299.999713897705,5752.809979365468
-12.151050817336493,163.1008454996227,4429.999828338623,5761.347885100663
-12.240748162155684,163.08943936452266,4429.999828338623,5769.889127608934
-12.330444448647196,163.0780255284159,4429.999828338623,5778.433690680097
-12.420139668905524,163.06660392789732,4429.999828338623,5786.981558189613
-12.509833815021373,163.05517449940155,4429.999828338623,5795.5327140980435
-12.599526879081603,163.0437371792016,4429.999828338623,5804.087142450488
-12.6892188531692,163.0322919034074,4429.999828338623,5812.644827376061
-12.778909729363203,163.0208386079642,4429.999828338623,5821.205753087335
-12.868599499738671,163.0093772286512,4429.999828338623,5829.769903879808
-12.958288156366619,162.9979077010799,4256.999969482422,5838.337264131376
-13.047975691313965,162.9864299606928,3911.0000133514404,5846.9078183017955
-13.137662096643492,162.97494394276168,3608.3333492279053,5855.481550932161
-13.227347364413774,162.96344958238626,3457.0000171661377,5864.058446644377
-13.317031486679149,162.95194681449252,3457.0000171661377,5872.638490140654
-13.406714455489633,162.94043557383125,3457.0000171661377,5881.2216662029705
-13.4963962628909,162.92891579497655,3457.0000171661377,5889.807959692586
-13.58607690092419,162.91738741232408,3457.0000171661377,5898.397355549503
-13.675756361626282,162.90585036008974,3457.0000171661377,5906.989838791988
-13.69898726961074,162.89995883608063,3457.0000171661377,5909.090700316881
-13.780078269394775,162.85911973038841,3457.0000171661377,5915.552329778997
-13.861161954210983,162.81825244396137,3457.0000171661377,5922.020780491015
-13.942238275101715,162.7773567871686,3457.0000171661377,5928.496027683141
-14.02330718300206,162.7364325699529,3457.0000171661377,5934.978046662751
-14.104368628739032,162.6954796018274,3801.666498184204,5941.466812814227
-14.185422563030725,162.65449769187262,3973.9999771118164,5947.962301598802
-14.266468936485483,162.61348664873333,3973.9999771118164,5954.464488554406
-14.347507699601078,162.57244628061525,3973.9999771118164,5960.9733492955
-14.428538802763832,162.53137639528217,3973.9999771118164,5967.48885951292
-14.509562196247812,162.49027680005247,3973.9999771118164,5974.010994973708
-14.590577830213954,162.44914730179627,3973.9999771118164,5980.539731520963
-14.671585654709226,162.407987706932,3973.9999771118164,5987.075045073659
-14.752585619665755,162.36679782142326,3973.9999771118164,5993.616911626491
-14.83357767489998,162.32557745077568,3973.9999771118164,6000.1653072497
-14.91456177011177,162.28432640003368,3973.9999771118164,6006.7202080889165
-14.995537854883588,162.2430444737771,3973.9999771118164,6013.281590364975
-15.076505878679566,162.20173147611825,4149.333477020264,6019.849430373759
-15.157465790844677,162.16038721069827,4500.0,6026.42370448602
-15.238417540603825,162.11901148068418,4500.0,6033.004389147205
-15.319361077060966,162.07760408876547,4500.0,6039.59146087729
-15.400296349198225,162.03616483715078,4500.0,6046.184896270594
-15.48122330587499,161.99469352756458,4528.666973114014,6052.784671995622
-15.562141895827011,161.95318996124402,4585.999965667725,6059.390764794862
-15.643052067665526,161.91165393893536,4585.999965667725,6066.003151484628
-15.723953769876315,161.8700852608908,4585.999965667725,6072.621808954874
-15.804846950818819,161.828483726865,4585.999965667725,6079.246714169017
-15.885731558725189,161.78684913611184,4585.999965667725,6085.87784416375
-15.966607541699416,161.74518128738094,4585.999965667725,6092.5151760488725
-16.047474847716348,161.70347997891432,4604.666233062744,6099.158687007097
-16.12833342462082,161.66174500844284,4613.999843597412,6105.808354293864
-16.20918322012667,161.61997617318306,4613.999843597412,6112.464155237177
-16.290024181815813,161.57817326983354,4613.999843597412,6119.1260672373965
-16.370856257137326,161.5363360945715,4613.999843597412,6125.79406776706
-16.45167939340647,161.49446444304937,4613.999843597412,6132.468134370707
-16.532493537803735,161.45255811039132,4613.999843597412,6139.148244664681
-16.61329863737391,161.41061689118965,4613.999843597412,6145.834376336942
-16.694094639025092,161.36864057950146,4613.999843597412,6152.526507146879
-16.774881489527733,161.326628968845,4613.999843597412,6159.22461492513
-16.85565913551368,161.28458185219623,4613.999843597412,6165.928677573374
-16.936427523475153,161.24249902198514,4613.999843597412,6172.638673064159
-17.017186599763832,161.2003802700924,4496.666431427002,6179.3545794407
-17.09793631058981,161.1582253878456,4262.00008392334,6186.07637481669
-17.178676602020623,161.11603416601565,4262.00008392334,6192.804037376106
-17.259407419980263,161.0738063948134,4262.00008392334,6199.537545373025
-17.34012871024817,161.03154186388576,4262.00008392334,6206.27687713141
-17.420840418458216,160.98924036231222,4063.000202178955,6213.022011044943
-17.501542490097695,160.94690167860117,3664.9999618530273,6219.772925576805
-17.582234870506326,160.9045256006862,3664.9999618530273,6226.529599259504
-17.662917504875196,160.86211191592253,3664.9999618530273,6233.292010694655
-17.743590338245777,160.8196604110831,3664.9999618530273,6240.060138552805
-17.824253315508834,160.77717087235513,3664.9999618530273,6246.833961573225
-17.904906381403443,160.73464308533622,3664.9999618530273,6253.6134585637155
-17.98554948051592,160.69207683503066,3664.9999618530273,6260.398608400411
-18.066182557278765,160.64947190584573,3123.000144958496,6267.189390027576
-18.14680555596963,160.6068280815878,2851.9999980926514,6273.985782457418
-18.227418420710237,160.5641451454587,2851.9999980926514,6280.787764769874
-18.30802109546533,160.5214228800518,2851.9999980926514,6287.595316112423
-18.388613524041595,160.47866106734827,2851.9999980926514,6294.408415699877
-18.469195650086576,160.43585948871322,2851.9999980926514,6301.227042814196
-18.549767417087594,160.39301792489186,2851.9999980926514,6308.051176804269
-18.630328768370685,160.35013615600562,2851.9999980926514,6314.880797085726
-18.710879647099464,160.30721396154826,2851.9999980926514,6321.715883140731
-18.79141999627406,160.26425112038206,2851.9999980926514,6328.556414517791
-18.871949758729972,160.22124741073375,2851.9999980926514,6335.4023708315335
-18.880139975101176,160.19996074878455,2851.9999980926514,6335.49535551351
-18.967904430388185,160.17744861591478,2851.9999980926514,6343.834895363257
-19.055665317015368,160.15491290907994,2608.0000400543213,6352.177523312834
-19.143422615280006,160.1323534866959,2486.0000610351562,6360.523225280777
-19.231176305428743,160.10977020667676,2486.0000610351562,6368.871987249141
-19.31892636765716,160.08716292643086,2486.0000610351562,6377.223795263155
-19.406672782109386,160.0645315028573,2486.0000610351562,6385.578635430827
-19.494415528877663,160.04187579234215,2486.0000610351562,6393.9364939226025
-19.58215458800193,160.0191956507546,2486.0000610351562,6402.297356970998
-19.669889939469424,159.9964909334432,2184.333324432373,6410.661210870258
-19.75762156321422,159.97376149523214,1580.9999704360962,6419.028041975973
-19.84534943911683,159.95100719041739,1580.9999704360962,6427.397836704756
-19.933073547003776,159.92822787276273,1580.9999704360962,6435.770581533865
-20.02079386664714,159.90542339549603,1616.6666746139526,6444.146263000878
-20.108510377764144,159.88259361130523,1688.0000829696655,6452.524867703332
-20.19622306001669,159.8597383723345,1688.0000829696655,6460.906382298375
-20.283931893010937,159.83685753018017,1688.0000829696655,6469.290793502432
-20.371636856296853,159.81395093588685,1688.0000829696655,6477.678088090856
-20.459337929367756,159.7910184399434,1688.0000829696655,6486.068252897599
-20.547035091659883,159.76805989227893,1688.0000829696655,6494.461274814863
-20.634728322551894,159.74507514225863,1688.0000829696655,6502.857140792771
-20.72241760136446,159.7220640386798,1688.0000829696655,6511.2558378390295
-20.810102907359767,159.69902642976774,1688.0000829696655,6519.657353018596
-20.897784219741087,159.6759621631715,1688.0000829696655,6528.06167345336
-20.985461517652247,159.65287108595993,1688.0000829696655,6536.468786321792
-21.073134780177238,159.6297530446172,1641.3332223892212,6544.878678858646
-21.160803986339662,159.60660788503884,1618.0000305175781,6553.291338354612
-21.24846911510231,159.58343545252743,1618.0000305175781,6561.706752156005
-21.336130145366646,159.56023559178823,1618.0000305175781,6570.124907664437
-21.423787055972333,159.53700814692496,1618.0000305175781,6578.545792336503
-21.51143982569675,159.51375296143547,1618.0000305175781,6586.969393683463
-21.59908843325448,159.49046987820745,1618.0000305175781,6595.395699270926
-21.686732857296825,159.46715873951382,1618.0000305175781,6603.824696718532
-21.77437307641131,159.4438193870086,1618.0000305175781,6612.256373699657
-21.86200906912116,159.4204516617223,1618.0000305175781,6620.690717941066
-21.949640813884812,159.39705540405745,1618.0000305175781,6629.127717222652
-22.037268289095387,159.37363045378416,1737.6667261123657,6637.56735937709
-22.124891473080194,159.35017665003556,1976.9998788833618,6646.009632289556
-22.212510344100174,159.32669383130323,1976.9998788833618,6654.454523897412
-22.300124880349436,159.30318183543258,1976.9998788833618,6662.902022189908
-22.38773505995464,159.27964049961832,1976.9998788833618,6671.352115207874
-22.475340860974562,159.25606966039973,1976.9998788833618,6679.804791043444
-22.562942261399503,159.23246915365593,1976.9998788833618,6688.260037839732
-22.650539239150746,159.20883881460128,1976.9998788833618,6696.717843790553
-22.738131772080038,159.18517847778054,1976.9998788833618,6705.178197140131
-22.825719837969036,159.16148797706416,1976.9998788833618,6713.641086182796
-22.913303414528745,159.13776714564332,1976.9998788833618,6722.106499262706
-23.00088247939895,159.11401581602533,2005.3331851959229,6730.574424773551
-23.088457010147692,159.0902338200285,2062.000036239624,6739.044851158265
-23.17602698427069,159.0664209887773,2062.000036239624,6747.517766908758
-23.26359237919073,159.04257715269756,2062.000036239624,6755.993160565598
-23.35115317225716,159.01870214151128,2062.000036239624,6764.4710207177695
-23.43870934074527,158.99479578423177,2192.66676902771,6772.951336002361
-23.52626086185571,158.9708579091584,2453.9999961853027,6781.434095104307
-23.613807712713918,158.94688834387185,2453.9999961853027,6789.919286756095
-23.701349870369526,158.9228869152286,2453.9999961853027,6798.406899737501
-23.788887311795754,158.898853449356,2453.9999961853027,6806.896922875315
-23.876420013888833,158.87478777164716,2453.9999961853027,6815.3893450430605
-23.96394795346734,158.85068970675545,2453.9999961853027,6823.884155160728
-24.0514711072717,158.82655907858944,2621.333360671997,6832.381342194513
-24.138989451963443,158.80239571030754,2704.9999237060547,6840.880895156528
-24.226502964124673,158.77819942431265,2704.9999237060547,6849.382803104554
-24.31401162025744,158.7539700422468,2704.9999237060547,6857.887055141773
-24.40151539678303,158.72970738498577,2704.9999237060547,6866.393640416501
-24.489014270041448,158.7054112726335,2704.9999237060547,6874.90254812192
-24.576508216290687,158.6810815245168,2704.9999237060547,6883.413767495824
-24.66399721170613,158.65671795917964,2704.9999237060547,6891.927287820366
-24.75148123237988,158.6323203943777,2704.9999237060547,6900.443098421786
-24.83896025432015,158.60788864707268,2704.9999237060547,6908.9611886701705
-24.92643425345053,158.58342253342673,2704.9999237060547,6917.481547979177
-25.013903205609385,158.55892186879666,2853.6665439605713,6926.0041658058035
-25.10136708654917,158.53438646772832,3151.0000228881836,6934.52903165012
-25.188825871935745,158.5098161439508,3151.0000228881836,6943.056135055022
-25.2762795373477,158.48521071037047,3151.0000228881836,6951.585465605989
-25.363728058275665,158.46056997906538,3151.0000228881836,6960.117012930824
-25.45117141012165,158.43589376127917,3151.0000228881836,6968.650766699417
-25.538609568198304,158.41118186741522,3151.0000228881836,6977.186716623495
-25.540896076259312,158.3999620239206,3151.0000228881836,6977.09953195087
-25.625577605519382,158.36549131171293,3151.0000228881836,6985.062465861568
-25.710250010765144,158.3309719590143,3151.0000228881836,6993.028338372929
-25.794913247568907,158.2964037172384,3151.0000228881836,7000.997136679201
-25.87956727132815,158.2617863367562,3151.0000228881836,7008.968848021016
-25.964212037264147,158.2271195668889,3151.0000228881836,7016.94345968517
-26.0488475004208,158.19240315590136,3235.666513442993,7024.920959004377
-26.133473615663288,158.15763685099483,3278.0001163482666,7032.901333357043
-26.218090337676852,158.12282039830006,3278.0001163482666,7040.884570167039
-26.302697620965432,158.0879535428702,3278.0001163482666,7048.870656903452
-26.38729541985042,158.0530360286737,3278.0001163482666,7056.8595810803745
-26.471883688469326,158.01806759858718,3278.0001163482666,7064.8513302566735
-26.55646238077445,157.98304799438822,3322.00026512146,7072.845892035751
-26.64103145053157,157.947976956748,3410.0000858306885,7080.843254065325
-26.725590851318575,157.91285422522424,3410.0000858306885,7088.843404037216
-26.810140536524134,157.8776795382536,3410.0000858306885,7096.84632968709
-26.89468045934633,157.84245263314446,3410.0000858306885,7104.852018794269
-26.979210572791295,157.80717324606942,3410.0000858306885,7112.860459181488
-27.063730829671822,157.77184111205784,3489.333391189575,7120.871638714678
-27.14824118260596,157.7364559649882,3529.0000438690186,7128.885545302752
-27.232741584015656,157.70101753758064,3529.0000438690186,7136.902166897368
-27.317231986125286,157.66552556138925,3529.0000438690186,7144.921491492728
-27.401712340960295,157.62997976679438,3529.0000438690186,7152.943507125348
-27.4861826003457,157.59437988299499,3529.0000438690186,7160.9682018738495
-27.570642715904704,157.5587256380007,3529.0000438690186,7168.995563858735
-27.655092639057212,157.5230167586241,3529.0000438690186,7177.0255812421765
-27.739532321018377,157.4872529704727,3529.0000438690186,7185.058242227797
-27.8239617127971,157.45143399794114,3529.0000438690186,7193.093535060464
-27.908380765194597,157.41555956420314,3529.0000438690186,7201.131448026077
-27.992789428802848,157.37962939120337,3529.0000438690186,7209.171969451346
-28.077187654003122,157.34364319964936,3637.00008392334,7217.215087703586
-28.161575390964426,157.3076007090035,3690.999984741211,7225.260791190505
-28.24595258964203,157.2715016374746,3690.999984741211,7233.3090683600085
-28.330319199775854,157.23534570200974,3690.999984741211,7241.35990769997
-28.414675170888962,157.19913261828592,3690.999984741211,7249.413297738035
-28.499020452285983,157.1628621007017,3690.999984741211,7257.469227041413
-28.583354993051532,157.12653386236866,3690.999984741211,7265.527684216677
-28.667678742048636,157.09014761510312,3690.999984741211,7273.588657909546
-28.74381028114989,157.04996298027257,3690.999984741211,7280.680974400423
-28.821411346892084,156.9977132929449,3973.3333587646484,7287.6245712375585
-28.898991261036482,156.94538608197487,4538.000106811523,7294.571851305302
-28.976549927654563,156.89298100377115,4538.000106811523,7301.522800297791
-29.054087250424892,156.84049771347557,4459.333419799805,7308.477403947411
-29.131603132630673,156.78793586495698,4420.000076293945,7315.435648024644
-29.209097477157417,156.73529511080474,4420.000076293945,7322.39751833794
-29.286570186490454,156.68257510232263,4420.000076293945,7329.363000733585
-29.36402116271248,156.6297754895222,4420.000076293945,7336.332081095543
-29.441450307501157,156.57689592111652,4420.000076293945,7343.304745345335
-29.518857522126613,156.5239360445138,4420.000076293945,7350.280979441893
-29.596242707448944,156.4708955058109,4420.000076293945,7357.26076938142
-29.67360576391575,156.41777394978675,4420.000076293945,7364.244101197265
-29.750946591559558,156.3645710198961,4420.000076293945,7371.230960959766
-29.828265089995377,156.31128635826283,4420.000076293945,7378.2213347761335
-29.905561158418063,156.25791960567346,4420.000076293945,7385.215208790291
-29.98283469559983,156.2044704015707,4420.000076293945,7392.212569182763
-30.060085599887657,156.15093838404664,4183.333873748779,7399.213402170509
-30.13731376920064,156.0973231898364,4065.000057220459,7406.217694006809
-30.2145191010275,156.04362445431136,4065.000057220459,7413.225430981122
-30.29170149242382,155.98984181147256,4235.333442687988,7420.236599418941
-30.36886084000954,155.93597489394406,4576.000213623047,7427.251185681669
-30.44599703996621,155.88202333296616,4576.000213623047,7434.26917616647
-30.52310998803437,155.8279867583888,4576.000213623047,7441.29055730614
-30.600199579510857,155.77386479866468,4576.000213623047,7448.315315568974
-30.67726570924608,155.7196570808427,4576.000213623047,7455.343437458623
-30.754308271641328,155.665363230561,4576.000213623047,7462.374909513962
-30.831327160646048,155.6109828720402,4576.000213623047,7469.409718308959
-30.908322269755036,155.5565156280767,4576.000213623047,7476.4478504525205
-30.985293492005724,155.50196112003565,4576.000213623047,7483.489292588389
-31.06224071997543,155.44731896784415,4753.333568572998,7490.534031394985
-31.13916384577845,155.39258878998442,4842.0000076293945,7497.5820535852645
-31.216062761063338,155.33777020348677,4842.0000076293945,7504.633345906618
-31.292937357010036,155.2828628239228,4842.0000076293945,7511.687895140698
-31.36978752432702,155.22786626539838,4842.0000076293945,7518.745688103313
-31.446613153248446,155.1727801405465,4842.0000076293945,7525.806711644283
-31.523414133531254,155.11760406052065,4842.0000076293945,7532.870952647292
-31.60019035445229,155.06233763498741,4842.0000076293945,7539.938398029787
-31.676941704805376,155.0069804721196,4842.0000076293945,7547.0090347428195
-31.75366807289833,154.95153217858925,4754.666805267334,7554.082849770906
-31.830369346550082,154.89599235956032,4710.999965667725,7561.159830131924
-31.851465665577244,154.8695669085838,4710.999965667725,7562.867277103657
-31.907456951907694,154.7867142437149,4710.999965667725,7567.133322767298
-31.963393661424586,154.70376123091384,4710.999965667725,7571.404521371576
-32.01927561181959,154.62070762759444,4746.333599090576,7575.680860166055
-32.07510262032266,154.53755319128717,4816.999912261963,7579.962326407956
-32.1308745037014,154.45429767964475,4816.999912261963,7584.248907362236
-32.186591078260236,154.37094085044743,4816.999912261963,7588.540590301615
-32.24225215983976,154.28748246160868,4816.999912261963,7592.8373625066215
-32.29785756381598,154.2039222711806,4816.999912261963,7597.1392112656395
-32.35340710509967,154.1202600373596,4816.999912261963,7601.446123874963
-32.40890059813564,154.03649551849205,4816.999912261963,7605.758087638814
-32.464337856902056,153.95262847307995,3404.3331146240234,7610.075089869416
-32.5197186949098,153.86865865978686,2697.999954223633,7614.397117887014
-32.575042925201764,153.7845858374435,2697.999954223633,7618.724159019931
-32.63031036035225,153.7004097650538,2697.999954223633,7623.056200604601
-32.685520812466244,153.61613020180076,2697.999954223633,7627.393229985608
-32.74067409317892,153.53174690705242,2697.999954223633,7631.735234515735
-32.79577001365484,153.447259640368,2697.999954223633,7636.082201556004
-32.85080838458753,153.36266816150385,2697.999954223633,7640.43411847571
-32.90578901619872,153.27797223041978,2697.999954223633,7644.790972652463
-32.960711718237846,153.19317160728505,2697.999954223633,7649.152751472223
-33.01557629998144,153.10826605248488,3326.3332843780518,7653.519442329348
-33.07038257023257,153.02325532662653,4583.000183105469,7657.891032626619
-33.12513033732026,152.9381391905459,3668.3332920074463,7662.267509775287
-33.17981940909896,152.8529174053138,3210.9997272491455,7666.648861195107
-33.23444959294804,152.76758973224247,3210.9997272491455,7671.03507431438
-33.28902069577117,152.68215593289221,3210.9997272491455,7675.426136569969
-33.34353252399595,152.59661576907794,3210.9997272491455,7679.822035407365
-33.397984883573244,152.51096900287578,3210.9997272491455,7684.22275828069
-33.45237757997684,152.4252153966299,3210.9997272491455,7688.6282926527665
-33.50671041820287,152.33935471295925,3210.9997272491455,7693.038625995107
-33.56098320276942,152.25338671476433,3210.9997272491455,7697.453745787999
-33.615195737715986,152.1673111652342,3210.9997272491455,7701.873639520492
-33.64904537742417,152.09996648689665,3210.9997272491455,7704.407155859261
-33.67696760353126,151.99744855134074,2355.9999465942383,7705.704455689793
-33.70480460850548,151.8948644238129,646.0000276565552,7707.007563862666
-33.73255624900979,151.79221419450724,646.0000276565552,7708.3164758920375
-33.76022238188444,151.68949795478528,646.0000276565552,7709.631187274331
-33.78780286414956,151.58671579717782,646.0000276565552,7710.951693488268
-33.81529755300756,151.48386781538701,646.0000276565552,7712.277989994916
-33.84270630584572,151.3809541042883,646.0000276565552,7713.610072237762
-33.870028980238644,151.2779747599322,646.0000276565552,7714.947935642709
-33.882038650285516,151.22848710426095,646.0000276565552,7715.474186363558
