Date,Z,F,X,Y
1958-02-11 00:00:00,43469.5,,18335.2,-3325.12
1958-02-11 00:01:00,43468.5,,18334,-3326.45
1958-02-11 00:02:00,43467.9,,18331.2,-3326.87
1958-02-11 00:03:00,43468.2,,18328.7,-3326.43
1958-02-11 00:04:00,43469.4,,18327.4,-3325.14
1958-02-11 00:05:00,43471,,18327.7,-3323.48
1958-02-11 00:06:00,43472.5,,18329.3,-3321.8
1958-02-11 00:07:00,43473.3,,18331.5,-3320.49
1958-02-11 00:08:00,43473.1,,18333.4,-3320.35
1958-02-11 00:09:00,43472.2,,18334.2,-3322.25
1958-02-11 00:10:00,43471.2,,18333.4,-3324.02
1958-02-11 00:11:00,43470.6,,18331.5,-3324.02
1958-02-11 00:12:00,43471.4,,18329.4,-3322.71
1958-02-11 00:13:00,43473.4,,18328.4,-3320.97
1958-02-11 00:14:00,43475.5,,18329.6,-3319.44
1958-02-11 00:15:00,43476.2,,18332.5,-3318.19
1958-02-11 00:16:00,43475.3,,18335,-3317.05
1958-02-11 00:17:00,43474.2,,18335.2,-3316.21
1958-02-11 00:18:00,43473.4,,18333.7,-3316.54
1958-02-11 00:19:00,43473,,18332.1,-3318.29
1958-02-11 00:20:00,43473,,18333,-3318.51
1958-02-11 00:21:00,43473.4,,18335.8,-3317.69
1958-02-11 00:22:00,43474,,18337.4,-3317.43
1958-02-11 00:23:00,43474.7,,18336.2,-3318.27
1958-02-11 00:24:00,43475.4,,18334.2,-3317.79
1958-02-11 00:25:00,43476.2,,18332.8,-3316.27
1958-02-11 00:26:00,43476.8,,18332.9,-3314.8
1958-02-11 00:27:00,43477.4,,18335.1,-3313.93
1958-02-11 00:28:00,43477.8,,18338.2,-3313.66
1958-02-11 00:29:00,43477.8,,18340.8,-3314.13
1958-02-11 00:30:00,43477.2,,18341.5,-3315.2
1958-02-11 00:31:00,43476.3,,18340.2,-3316.29
1958-02-11 00:32:00,43474.9,,18338,-3316.94
1958-02-11 00:33:00,43474.2,,18336.4,-3316.32
1958-02-11 00:34:00,43476,,18337.1,-3314.78
1958-02-11 00:35:00,43477.5,,18340,-3313.82
1958-02-11 00:36:00,43476.9,,18342.7,-3314.25
1958-02-11 00:37:00,43475.9,,18343.8,-3315.78
1958-02-11 00:38:00,43475.1,,18343.5,-3317.32
1958-02-11 00:39:00,43474.7,,18342.5,-3318.13
1958-02-11 00:40:00,43474.7,,18341.3,-3317.64
1958-02-11 00:41:00,43475.2,,18340.1,-3316.38
1958-02-11 00:42:00,43475.9,,18339,-3314.96
1958-02-11 00:43:00,43476.7,,18338,-3313.91
1958-02-11 00:44:00,43477.4,,18337.4,-3313.68
1958-02-11 00:45:00,43478.1,,18337.3,-3313.78
1958-02-11 00:46:00,43478.7,,18338.1,-3313.81
1958-02-11 00:47:00,43479,,18339.5,-3312.91
1958-02-11 00:48:00,43479.1,,18341.4,-3310.77
1958-02-11 00:49:00,43478.9,,18343.3,-3308.69
1958-02-11 00:50:00,43478.4,,18344.9,-3307.49
1958-02-11 00:51:00,43477.7,,18346.1,-3307.31
1958-02-11 00:52:00,43476.8,,18346.9,-3307.9
1958-02-11 00:53:00,43475.9,,18347.4,-3309
1958-02-11 00:54:00,43474.9,,18347.8,-3310.39
1958-02-11 00:55:00,43474.2,,18348.1,-3311.86
1958-02-11 00:56:00,43474.1,,18348.2,-3313.43
1958-02-11 00:57:00,43475.4,,18348.2,-3314.86
1958-02-11 00:58:00,43476.2,,18348.1,-3315.95
1958-02-11 00:59:00,43475.3,,18348.2,-3315.31
1958-02-11 01:00:00,43473.9,,18348.4,-3312.48
1958-02-11 01:01:00,43472.6,,18347.5,-3313.09
1958-02-11 01:02:00,43471.6,,18345.5,-3314.21
1958-02-11 01:03:00,43471.4,,18342.7,-3315.41
1958-02-11 01:04:00,43472.6,,18341.7,-3316.94
1958-02-11 01:05:00,43474.7,,18342.1,-3316.52
1958-02-11 01:06:00,43476.3,,18343.2,-3314.73
1958-02-11 01:07:00,43476.5,,18344.3,-3313.39
1958-02-11 01:08:00,43475.8,,18345.6,-3312.29
1958-02-11 01:09:00,43474.7,,18346.8,-3311.36
1958-02-11 01:10:00,43473.8,,18348,-3310.59
1958-02-11 01:11:00,43474.6,,18349.2,-3309.98
1958-02-11 01:12:00,43476.6,,18350.3,-3309.57
1958-02-11 01:13:00,43475.8,,18350.9,-3309.3
1958-02-11 01:14:00,43474.3,,18348.6,-3308.65
1958-02-11 01:15:00,43473,,18347.7,-3308.61
1958-02-11 01:16:00,43472.8,,18348,-3309.1
1958-02-11 01:17:00,43475.1,,18349.3,-3310.16
1958-02-11 01:18:00,43472.7,,18352,-3312.03
1958-02-11 01:19:00,43470.9,,18356.7,-3314.86
1958-02-11 01:20:00,43477.7,,18364.8,-3319.36
1958-02-11 01:21:00,43493.3,,18383.6,-3327.44
1958-02-11 01:22:00,43478.3,,18610.2,-3376.62
1958-02-11 01:23:00,43453.7,,18603.1,-3391.93
1958-02-11 01:24:00,43460,,18583.4,-3431.42
1958-02-11 01:25:00,43458.1,,18572.4,-3414.25
1958-02-11 01:26:00,43451.7,,18560.6,-3399.87
1958-02-11 01:27:00,43446.1,,18547.6,-3395.98
1958-02-11 01:28:00,43446,,18534.1,-3403.42
1958-02-11 01:29:00,43449.8,,18525.1,-3402.17
1958-02-11 01:30:00,43450.3,,18523,-3397.55
1958-02-11 01:31:00,43446.3,,18529.3,-3407.33
1958-02-11 01:32:00,43440,,18548.5,-3422.7
1958-02-11 01:33:00,43433.2,,18565.2,-3438.63
1958-02-11 01:34:00,43426.9,,18559,-3450.54
1958-02-11 01:35:00,43422.1,,18543.5,-3460.21
1958-02-11 01:36:00,43420.5,,18528.5,-3467.4
1958-02-11 01:37:00,43423,,18523.1,-3454.12
1958-02-11 01:38:00,43426.8,,18525.3,-3455.27
1958-02-11 01:39:00,43427.7,,18534.6,-3464.08
1958-02-11 01:40:00,43422.8,,18545.8,-3474.78
1958-02-11 01:41:00,43414.1,,18552.9,-3485.15
1958-02-11 01:42:00,43403.8,,18548.5,-3493.55
1958-02-11 01:43:00,43393.9,,18530,-3498.99
1958-02-11 01:44:00,43388.5,,18501.5,-3501.69
1958-02-11 01:45:00,43394.5,,18469.9,-3500.73
1958-02-11 01:46:00,43398.6,,18470.4,-3481.73
1958-02-11 01:47:00,43397,,18469.5,-3490.51
1958-02-11 01:48:00,43393.2,,18474.2,-3497.86
1958-02-11 01:49:00,43388.7,,18477.7,-3499.02
1958-02-11 01:50:00,43383.9,,18464.8,-3500.36
1958-02-11 01:51:00,43379.4,,18449.8,-3490.47
1958-02-11 01:52:00,43376,,18435.3,-3478.39
1958-02-11 01:53:00,43375.2,,18422.5,-3466.99
1958-02-11 01:54:00,43379.2,,18413,-3457.77
1958-02-11 01:55:00,43299.2,,18409.6,-3452.24
1958-02-11 01:56:00,43200.8,,18418.5,-3453.02
1958-02-11 01:57:00,43138.8,,18445,-3463.67
1958-02-11 01:58:00,43134.5,,18473.7,-3487.41
1958-02-11 01:59:00,43180.6,,18455,-3523.16
1958-02-11 02:00:00,43234.7,,18389.6,-3567.64
1958-02-11 02:01:00,43274.9,,18326.2,-3569.6
1958-02-11 02:02:00,43296.1,,18323,-3516.41
1958-02-11 02:03:00,43299.9,,18425.5,-3479.64
1958-02-11 02:04:00,43292.8,,18478.3,-3452.05
1958-02-11 02:05:00,43279.2,,18496.1,-3440.67
1958-02-11 02:06:00,43261.7,,18495.1,-3444.5
1958-02-11 02:07:00,43242.4,,18484.5,-3458.29
1958-02-11 02:08:00,43223.4,,18468.4,-3478.68
1958-02-11 02:09:00,43208.1,,18448.7,-3503.53
1958-02-11 02:10:00,43203.9,,18426.5,-3531.27
1958-02-11 02:11:00,43222.2,,18403,-3560.68
1958-02-11 02:12:00,43233.3,,18381,-3579.78
1958-02-11 02:13:00,43175,,18359.3,-3598.95
1958-02-11 02:14:00,43198.8,,18339.2,-3618.4
1958-02-11 02:15:00,43226.7,,18319.4,-3662.14
1958-02-11 02:16:00,43194.7,,18315.1,-3701.45
1958-02-11 02:17:00,43193.3,,18363.4,-3635.66
1958-02-11 02:18:00,43218.1,,18338.7,-3659.28
1958-02-11 02:19:00,43172.9,,18317.7,-3633.59
1958-02-11 02:20:00,43208.6,,18286.5,-3700.76
1958-02-11 02:21:00,43193.9,,18286,-3713.57
1958-02-11 02:22:00,43207.1,,18309.6,-3644.61
1958-02-11 02:23:00,43179.8,,18247.4,-3735.98
1958-02-11 02:24:00,43175,,18287.8,-3660.84
1958-02-11 02:25:00,43204.9,,18266.8,-3702.98
1958-02-11 02:26:00,43236.5,,18247.4,-3620.42
1958-02-11 02:27:00,43250,,18210.3,-3656.29
1958-02-11 02:28:00,43162,,18227,-3696.13
1958-02-11 02:29:00,43128.1,,18339.8,-3665.37
1958-02-11 02:30:00,43187.7,,18228.2,-3575.9
1958-02-11 02:31:00,43196.7,,18198.6,-3600.29
1958-02-11 02:32:00,43147.6,,18193.4,-3691.91
1958-02-11 02:33:00,43150.2,,18202.6,-3778.53
1958-02-11 02:34:00,43180.1,,18243.8,-3741.7
1958-02-11 02:35:00,43172.8,,18282.3,-3730.93
1958-02-11 02:36:00,43155.3,,18262.8,-3767.64
1958-02-11 02:37:00,43172.1,,18283.3,-3748.36
1958-02-11 02:38:00,43160.6,,18269.4,-3749.84
1958-02-11 02:39:00,43187.7,,18258.4,-3712.49
1958-02-11 02:40:00,43175.6,,18229.8,-3753.09
1958-02-11 02:41:00,43164.8,,18218.4,-3707.57
1958-02-11 02:42:00,43197.7,,18195.1,-3722.23
1958-02-11 02:43:00,43196.5,,18185.1,-3676.95
1958-02-11 02:44:00,43190.1,,18163.8,-3700.58
1958-02-11 02:45:00,43183.8,,18155.9,-3688.81
1958-02-11 02:46:00,43185.2,,18170.6,-3643.11
1958-02-11 02:47:00,43211.2,,18187.1,-3661.72
1958-02-11 02:48:00,43197.2,,18168.2,-3643.11
1958-02-11 02:49:00,43182.8,,18141.7,-3611.69
1958-02-11 02:50:00,43205,,18131.7,-3581.67
1958-02-11 02:51:00,43233.9,,18155.5,-3560.65
1958-02-11 02:52:00,43212.9,,18140.9,-3545.62
1958-02-11 02:53:00,43244,,18100.7,-3508.64
1958-02-11 02:54:00,43236.1,,18216.2,-3501.67
1958-02-11 02:55:00,43273.4,,18191.6,-3461.01
1958-02-11 02:56:00,43258.2,,18142.8,-3479.25
1958-02-11 02:57:00,43243.1,,18171.8,-3485.19
1958-02-11 02:58:00,43273.7,,18151.2,-3435.61
1958-02-11 02:59:00,43269.2,,18226.7,-3393.53
1958-02-11 03:00:00,43267.3,,18182.2,-3369.92
1958-02-11 03:01:00,43290.1,,18149.8,-3406.2
1958-02-11 03:02:00,43281.4,,18188.7,-3364.35
1958-02-11 03:03:00,43269.8,,18172.6,-3345.08
1958-02-11 03:04:00,43293.8,,18167.1,-3331.44
1958-02-11 03:05:00,43298,,18202.7,-3308.86
1958-02-11 03:06:00,43291.3,,18191.8,-3286.93
1958-02-11 03:07:00,43310.4,,18156.3,-3292.57
1958-02-11 03:08:00,43304,,18176.9,-3242.21
1958-02-11 03:09:00,43307.1,,18210.1,-3254.76
1958-02-11 03:10:00,43315.5,,18194.8,-3272.34
1958-02-11 03:11:00,43309.3,,18219.1,-3250.29
1958-02-11 03:12:00,43305.2,,18218.6,-3251.89
1958-02-11 03:13:00,43310.1,,18240.9,-3237.21
1958-02-11 03:14:00,43326.2,,18212.2,-3250.27
1958-02-11 03:15:00,43330.7,,18230.5,-3230.71
1958-02-11 03:16:00,43325.2,,18226.2,-3247.51
1958-02-11 03:17:00,43316.4,,18210.4,-3231.03
1958-02-11 03:18:00,43373.1,,18251.3,-3221.32
1958-02-11 03:19:00,43371.4,,18249.2,-3228.89
1958-02-11 03:20:00,43383.6,,18220.3,-3245.42
1958-02-11 03:21:00,43396,,18229,-3232.36
1958-02-11 03:22:00,43391.1,,18242,-3234.84
1958-02-11 03:23:00,43378.7,,18221.5,-3242.9
1958-02-11 03:24:00,43378.8,,18242.7,-3232.98
1958-02-11 03:25:00,43410.1,,18275.4,-3224.53
1958-02-11 03:26:00,43393.6,,18274.6,-3231.73
1958-02-11 03:27:00,43384.1,,18246.5,-3245.82
1958-02-11 03:28:00,43392.4,,18235.9,-3260.3
1958-02-11 03:29:00,43386.4,,18285.9,-3248.16
1958-02-11 03:30:00,43388.8,,18265.5,-3213.46
1958-02-11 03:31:00,43402.6,,18267.2,-3254.05
1958-02-11 03:32:00,43402.3,,18272.9,-3259.67
1958-02-11 03:33:00,43391.4,,18261.7,-3260.62
1958-02-11 03:34:00,43415.8,,18253,-3252.84
1958-02-11 03:35:00,43400.9,,18264,-3259.68
1958-02-11 03:36:00,43388.3,,18271.4,-3232.7
1958-02-11 03:37:00,43413.4,,18266.8,-3247.73
1958-02-11 03:38:00,43411,,18301.4,-3272.72
1958-02-11 03:39:00,43390,,18279,-3240.73
1958-02-11 03:40:00,43394.7,,18245.6,-3259.01
1958-02-11 03:41:00,43429.6,,18249.5,-3271
1958-02-11 03:42:00,43412.7,,18281.1,-3220.26
1958-02-11 03:43:00,43389.5,,18252.5,-3232.8
1958-02-11 03:44:00,43381.7,,18225.8,-3256.47
1958-02-11 03:45:00,43413.9,,18248.9,-3261.31
1958-02-11 03:46:00,43431.3,,18282.9,-3205.4
1958-02-11 03:47:00,43426.1,,18249.9,-3225.45
1958-02-11 03:48:00,43413.9,,18224,-3261.34
1958-02-11 03:49:00,43401.1,,18235.2,-3269.91
1958-02-11 03:50:00,43415.8,,18278.3,-3205.24
1958-02-11 03:51:00,43418.7,,18274,-3190.74
1958-02-11 03:52:00,43412.1,,18275.3,-3216.5
1958-02-11 03:53:00,43405.6,,18265.5,-3245.68
1958-02-11 03:54:00,43410.5,,18263.7,-3254.14
1958-02-11 03:55:00,43415.5,,18264.7,-3209.76
1958-02-11 03:56:00,43408.2,,18283.5,-3223.17
1958-02-11 03:57:00,43405.3,,18260.8,-3245.84
1958-02-11 03:58:00,43418.6,,18248.4,-3236.74
1958-02-11 03:59:00,43406.4,,18282.5,-3245.46
1958-02-11 04:00:00,43399.6,,18264.2,-3256.53
1958-02-11 04:01:00,43409.3,,18244.7,-3264.22
1958-02-11 04:02:00,43419.5,,18245.7,-3257.94
1958-02-11 04:03:00,43423,,18279.4,-3247.62
1958-02-11 04:04:00,43415.7,,18244.9,-3261.36
1958-02-11 04:05:00,43402.1,,18231.4,-3283.52
1958-02-11 04:06:00,43398.6,,18257.8,-3256.37
1958-02-11 04:07:00,43422.4,,18267.8,-3270.66
1958-02-11 04:08:00,43413.9,,18252.2,-3287.21
1958-02-11 04:09:00,43420.7,,18226.2,-3301.85
1958-02-11 04:10:00,43431.2,,18214.8,-3314.46
1958-02-11 04:11:00,43432.3,,18245.3,-3317.65
1958-02-11 04:12:00,43407.4,,18238.3,-3287.95
1958-02-11 04:13:00,43406.2,,18249.1,-3299.91
1958-02-11 04:14:00,43432.9,,18242.5,-3289.36
1958-02-11 04:15:00,43445.4,,18270.4,-3272.89
1958-02-11 04:16:00,43422.6,,18235.8,-3272.15
1958-02-11 04:17:00,43405,,18223.8,-3298.47
1958-02-11 04:18:00,43408.1,,18249.9,-3324.51
1958-02-11 04:19:00,43419.8,,18288.4,-3293.46
1958-02-11 04:20:00,43432,,18277.5,-3254.35
1958-02-11 04:21:00,43439.3,,18245.9,-3285.53
1958-02-11 04:22:00,43435.7,,18235.9,-3318.36
1958-02-11 04:23:00,43421.3,,18227.4,-3304.21
1958-02-11 04:24:00,43406,,18275.2,-3273.3
1958-02-11 04:25:00,43419.2,,18268.1,-3271.75
1958-02-11 04:26:00,43439.1,,18279.5,-3268.8
1958-02-11 04:27:00,43435.2,,18254.1,-3268.25
1958-02-11 04:28:00,43424.1,,18229.3,-3299.84
1958-02-11 04:29:00,43413.9,,18239.6,-3306.2
1958-02-11 04:30:00,43411.8,,18268.9,-3273.59
1958-02-11 04:31:00,43419.6,,18257,-3253.05
1958-02-11 04:32:00,43427,,18271.3,-3268.33
1958-02-11 04:33:00,43423.3,,18242.3,-3285.93
1958-02-11 04:34:00,43413.4,,18233.5,-3303.18
1958-02-11 04:35:00,43408.7,,18228.2,-3302.76
1958-02-11 04:36:00,43433.6,,18249.2,-3286.68
1958-02-11 04:37:00,43423.8,,18238.7,-3291.14
1958-02-11 04:38:00,43408.2,,18246.5,-3289.04
1958-02-11 04:39:00,43424,,18217.8,-3284.09
1958-02-11 04:40:00,43438.8,,18247.2,-3314.32
1958-02-11 04:41:00,43434.4,,18236.6,-3280.57
1958-02-11 04:42:00,43426.1,,18211.1,-3309.36
1958-02-11 04:43:00,43417.3,,18230.6,-3326.97
1958-02-11 04:44:00,43411.2,,18230.5,-3294.48
1958-02-11 04:45:00,43429.8,,18232.9,-3276.35
1958-02-11 04:46:00,43416.6,,18238.8,-3304.36
1958-02-11 04:47:00,43442.2,,18223,-3295.04
1958-02-11 04:48:00,43424.2,,18217.9,-3307.57
1958-02-11 04:49:00,43393.3,,18231.2,-3330.37
1958-02-11 04:50:00,43411.9,,18216.3,-3315.56
1958-02-11 04:51:00,43424.4,,18262,-3320.31
1958-02-11 04:52:00,43417.2,,18244.8,-3301.11
1958-02-11 04:53:00,43422.1,,18207.3,-3334.49
1958-02-11 04:54:00,43426.2,,18220,-3380.05
1958-02-11 04:55:00,43418.2,,18217.5,-3398.95
1958-02-11 04:56:00,43411.4,,18243.7,-3355.59
1958-02-11 04:57:00,43420.3,,18262,-3350.29
1958-02-11 04:58:00,43427.2,,18263.2,-3359.01
1958-02-11 04:59:00,43416.2,,18257.4,-3340.27
