ID,lat,lon,bathymetry.meters
1,48.18791946,-53.88475836,10
2,48.18791946,-53.88475836,10
3,48.18791946,-53.88475836,10
4,48.52348993,-53.55018587,10
5,48.52348993,-53.55018587,10
6,48.52348993,-53.55018587,10
7,48.52348993,-53.21561338,10
8,48.52348993,-53.21561338,10
9,48.8590604,-53.21561338,223.3800049
10,48.8590604,-53.21561338,223.3800049
11,48.8590604,-52.88104089,133.6500092
12,48.8590604,-52.88104089,133.6500092
13,48.8590604,-52.88104089,133.6500092
14,49.19463087,-52.5464684,313.8099976
15,49.19463087,-52.5464684,313.8099976
16,49.19463087,-52.5464684,313.8099976
17,49.19463087,-52.21189591,304.5800171
18,49.19463087,-52.21189591,304.5800171
19,49.53020134,-52.21189591,314.4225464
20,49.53020134,-52.21189591,314.4225464
21,49.53020134,-51.87732342,267.1525879
22,49.53020134,-51.87732342,267.1525879
23,49.53020134,-51.87732342,267.1525879
24,49.86577181,-51.54275093,279.1925964
25,49.86577181,-51.54275093,279.1925964
26,49.86577181,-51.54275093,279.1925964
27,49.86577181,-51.20817844,305.4625854
28,49.86577181,-51.20817844,305.4625854
29,50.20134228,-51.20817844,315.732605
30,50.20134228,-51.20817844,315.732605
31,50.20134228,-50.87360595,316.522583
32,50.20134228,-50.87360595,316.522583
33,50.20134228,-50.87360595,316.522583
34,50.53691275,-50.53903346,754.232605
35,50.53691275,-50.53903346,754.232605
36,50.53691275,-50.53903346,754.232605
37,50.53691275,-50.20446097,1003.132568
38,50.53691275,-50.20446097,1003.132568
39,50.53691275,-50.20446097,1003.132568
40,50.53691275,-50.20446097,1003.132568
41,50.53691275,-49.86988848,1332.088013
42,50.53691275,-49.86988848,1332.088013
43,50.53691275,-49.86988848,1332.088013
44,50.87248322,-49.53531599,1522.078003
45,50.87248322,-49.53531599,1522.078003
46,50.87248322,-49.53531599,1522.078003
47,50.87248322,-49.20074349,1881.557983
48,50.87248322,-49.20074349,1881.557983
49,50.87248322,-49.20074349,1881.557983
50,50.87248322,-49.20074349,1881.557983
51,50.87248322,-48.866171,2228.937988
52,50.87248322,-48.866171,2228.937988
53,50.87248322,-48.866171,2228.937988
54,50.87248322,-48.53159851,2691.068115
55,50.87248322,-48.53159851,2691.068115
56,51.20805369,-48.53159851,2965.11792
57,51.20805369,-48.19702602,3190.808105
58,51.20805369,-48.19702602,3190.808105
59,51.20805369,-48.19702602,3190.808105
60,51.20805369,-48.19702602,3190.808105
61,51.20805369,-47.86245353,3387.758057
62,51.20805369,-47.86245353,3387.758057
63,51.20805369,-47.86245353,3387.758057
64,51.20805369,-47.52788104,3530.337158
65,51.20805369,-47.52788104,3530.337158
66,51.20805369,-47.52788104,3530.337158
67,51.20805369,-47.19330855,3433.547119
68,51.54362416,-47.19330855,3688.067139
69,51.54362416,-47.19330855,3688.067139
70,51.54362416,-47.19330855,3688.067139
71,51.54362416,-46.85873606,3699.947266
72,51.54362416,-46.85873606,3699.947266
73,51.54362416,-46.85873606,3699.947266
74,51.54362416,-46.52416357,3704.957031
75,51.54362416,-46.52416357,3704.957031
76,51.54362416,-46.52416357,3704.957031
77,51.54362416,-46.52416357,3704.957031
78,51.54362416,-46.18959108,3986.037109
79,51.54362416,-46.18959108,3986.037109
80,51.87919463,-46.18959108,4031.095215
81,51.87919463,-45.85501859,4085.185303
82,51.87919463,-45.85501859,4085.185303
83,51.87919463,-45.85501859,4085.185303
84,51.87919463,-45.5204461,4071.169678
85,51.87919463,-45.5204461,4071.169678
86,51.87919463,-45.5204461,4071.169678
87,51.87919463,-45.5204461,4071.169678
88,51.87919463,-45.18587361,4127.989746
89,51.87919463,-45.18587361,4127.989746
90,51.87919463,-45.18587361,4127.989746
91,51.87919463,-44.85130112,4189.30957
92,52.2147651,-44.85130112,4040.509766
93,52.2147651,-44.85130112,4040.509766
94,52.2147651,-44.51672862,4158.819824
95,52.2147651,-44.51672862,4158.819824
96,52.2147651,-44.51672862,4158.819824
97,52.2147651,-44.51672862,4158.819824
98,52.2147651,-44.18215613,4204.719727
99,52.2147651,-44.18215613,4204.719727
100,52.2147651,-44.18215613,4204.719727
101,52.2147651,-43.84758364,4202.529785
102,52.2147651,-43.84758364,4202.529785
103,52.2147651,-43.84758364,4202.529785
104,52.2147651,-43.51301115,4153.239746
105,52.55033557,-43.51301115,4094.149658
106,52.55033557,-43.51301115,4094.149658
107,52.55033557,-43.51301115,4094.149658
108,52.55033557,-43.17843866,4085.335693
109,52.55033557,-43.17843866,4085.335693
110,52.55033557,-43.17843866,4085.335693
111,52.55033557,-42.84386617,4112.615723
112,52.55033557,-42.84386617,4112.615723
113,52.55033557,-42.84386617,4112.615723
114,52.55033557,-42.50929368,4028.505615
115,52.55033557,-42.50929368,4028.505615
116,52.55033557,-42.50929368,4028.505615
117,52.55033557,-42.50929368,4028.505615
118,52.88590604,-42.17472119,3904.465576
119,52.88590604,-42.17472119,3904.465576
120,52.88590604,-42.17472119,3904.465576
121,52.88590604,-41.8401487,3944.075684
122,52.88590604,-41.8401487,3944.075684
123,52.88590604,-41.8401487,3944.075684
124,52.88590604,-41.50557621,3910.565674
125,52.88590604,-41.50557621,3910.565674
126,52.88590604,-41.50557621,3910.565674
127,52.88590604,-41.50557621,3910.565674
128,52.88590604,-41.17100372,3918.067139
129,52.88590604,-41.17100372,3918.067139
130,52.88590604,-41.17100372,3918.067139
131,52.88590604,-40.83643123,3936.337158
132,52.88590604,-40.83643123,3936.337158
133,52.88590604,-40.83643123,3936.337158
134,52.88590604,-40.50185874,3976.447266
135,52.88590604,-40.50185874,3976.447266
136,52.88590604,-40.50185874,3976.447266
137,52.88590604,-40.50185874,3976.447266
138,52.88590604,-40.16728625,3950.087158
139,52.88590604,-40.16728625,3950.087158
140,52.88590604,-40.16728625,3950.087158
141,52.88590604,-39.83271375,3903.26709
142,52.88590604,-39.83271375,3903.26709
143,52.88590604,-39.83271375,3903.26709
144,52.88590604,-39.49814126,3952.047119
145,52.88590604,-39.49814126,3952.047119
146,52.88590604,-39.49814126,3952.047119
147,52.88590604,-39.49814126,3952.047119
148,52.88590604,-39.16356877,3625.197266
149,52.88590604,-39.16356877,3625.197266
150,53.22147651,-39.16356877,3539.387207
151,53.22147651,-38.82899628,3621.057373
152,53.22147651,-38.82899628,3621.057373
153,53.22147651,-38.82899628,3621.057373
154,53.22147651,-38.49442379,3524.047363
155,53.22147651,-38.49442379,3524.047363
156,53.22147651,-38.49442379,3524.047363
157,53.22147651,-38.49442379,3524.047363
158,53.22147651,-38.1598513,3503.817383
159,53.22147651,-38.1598513,3503.817383
160,53.22147651,-38.1598513,3503.817383
161,53.22147651,-37.82527881,3351.887207
162,53.22147651,-37.82527881,3351.887207
163,53.22147651,-37.82527881,3351.887207
164,53.22147651,-37.82527881,3351.887207
165,53.22147651,-37.49070632,3402.577393
166,53.22147651,-37.49070632,3402.577393
167,53.22147651,-37.49070632,3402.577393
168,53.22147651,-37.15613383,3396.467285
169,53.22147651,-37.15613383,3396.467285
170,53.22147651,-37.15613383,3396.467285
171,53.22147651,-36.82156134,3204.48877
172,53.22147651,-36.82156134,3204.48877
173,53.22147651,-36.82156134,3204.48877
174,53.22147651,-36.82156134,3204.48877
175,53.22147651,-36.48698885,2626.97876
176,53.22147651,-36.48698885,2626.97876
177,53.22147651,-36.48698885,2626.97876
178,53.22147651,-36.15241636,2588.158936
179,53.22147651,-36.15241636,2588.158936
180,53.22147651,-36.15241636,2588.158936
181,53.55704698,-35.81784387,1976.698853
182,53.55704698,-35.81784387,1976.698853
183,53.55704698,-35.81784387,1976.698853
184,53.55704698,-35.81784387,1976.698853
185,53.55704698,-35.48327138,1855.438843
186,53.55704698,-35.48327138,1855.438843
187,53.55704698,-35.48327138,1855.438843
188,53.55704698,-35.14869888,1836.538818
189,53.55704698,-35.14869888,1836.538818
190,53.55704698,-35.14869888,1836.538818
191,53.55704698,-34.81412639,2023.080078
192,53.55704698,-34.81412639,2023.080078
193,53.55704698,-34.81412639,2023.080078
194,53.55704698,-34.81412639,2023.080078
195,53.55704698,-34.4795539,2168.22998
196,53.55704698,-34.4795539,2168.22998
197,53.55704698,-34.4795539,2168.22998
198,53.55704698,-34.14498141,2255
199,53.55704698,-34.14498141,2255
200,53.55704698,-34.14498141,2255
201,53.55704698,-33.81040892,2723.130127
202,53.55704698,-33.81040892,2723.130127
203,53.55704698,-33.81040892,2723.130127
204,53.55704698,-33.81040892,2723.130127
205,53.55704698,-33.47583643,2874.98999
206,53.55704698,-33.47583643,2874.98999
207,53.55704698,-33.47583643,2874.98999
208,53.55704698,-33.14126394,2792.030029
209,53.55704698,-33.14126394,2792.030029
210,53.55704698,-33.14126394,2792.030029
211,53.55704698,-32.80669145,2815.070068
212,53.55704698,-32.80669145,2815.070068
213,53.89261745,-32.80669145,2564.004883
214,53.89261745,-32.80669145,2564.004883
215,53.89261745,-32.47211896,2746.060303
216,53.89261745,-32.47211896,2746.060303
217,53.89261745,-32.47211896,2746.060303
218,53.89261745,-32.13754647,2784.130127
219,53.89261745,-32.13754647,2784.130127
220,53.89261745,-32.13754647,2784.130127
221,53.89261745,-31.80297398,2776.950195
222,53.89261745,-31.80297398,2776.950195
223,53.89261745,-31.80297398,2776.950195
224,53.89261745,-31.80297398,2776.950195
225,53.89261745,-31.46840149,2763.600342
226,53.89261745,-31.46840149,2763.600342
227,53.89261745,-31.46840149,2763.600342
228,53.89261745,-31.133829,3036.180176
229,53.89261745,-31.133829,3036.180176
230,53.89261745,-31.133829,3036.180176
231,53.89261745,-30.79925651,3024.050293
232,53.89261745,-30.79925651,3024.050293
233,53.89261745,-30.79925651,3024.050293
234,53.89261745,-30.79925651,3024.050293
235,53.89261745,-30.46468401,3026.840088
236,53.89261745,-30.46468401,3026.840088
237,53.89261745,-30.46468401,3026.840088
238,53.89261745,-30.13011152,3151.97998
239,53.89261745,-30.13011152,3151.97998
240,53.89261745,-30.13011152,3151.97998
241,53.89261745,-29.79553903,3151.98999
242,53.89261745,-29.79553903,3151.98999
243,53.89261745,-29.79553903,3151.98999
244,53.89261745,-29.79553903,3151.98999
245,54.22818792,-29.46096654,3125.199951
246,54.22818792,-29.46096654,3125.199951
247,54.22818792,-29.46096654,3125.199951
248,54.22818792,-29.12639405,3062.570068
249,54.22818792,-29.12639405,3062.570068
250,54.22818792,-29.12639405,3062.570068
251,54.22818792,-29.12639405,3062.570068
252,54.22818792,-28.79182156,2931.590088
253,54.22818792,-28.79182156,2931.590088
254,54.22818792,-28.79182156,2931.590088
255,54.22818792,-28.45724907,3055.652344
256,54.22818792,-28.45724907,3055.652344
257,54.22818792,-28.45724907,3055.652344
258,54.22818792,-28.12267658,3153.782227
259,54.22818792,-28.12267658,3153.782227
260,54.22818792,-28.12267658,3153.782227
261,54.22818792,-28.12267658,3153.782227
262,54.22818792,-27.78810409,3234.512451
263,54.22818792,-27.78810409,3234.512451
264,54.22818792,-27.78810409,3234.512451
265,54.22818792,-27.4535316,3304.652344
266,54.22818792,-27.4535316,3304.652344
267,54.22818792,-27.4535316,3304.652344
268,54.22818792,-27.11895911,3485.142334
269,54.22818792,-27.11895911,3485.142334
270,54.22818792,-27.11895911,3485.142334
271,54.22818792,-27.11895911,3485.142334
272,54.22818792,-26.78438662,3450.162354
273,54.22818792,-26.78438662,3450.162354
274,54.22818792,-26.78438662,3450.162354
275,54.22818792,-26.44981413,3494.862305
276,54.22818792,-26.44981413,3494.862305
277,54.56375839,-26.44981413,3535.672363
278,54.56375839,-26.11524164,3556.469971
279,54.56375839,-26.11524164,3556.469971
280,54.56375839,-26.11524164,3556.469971
281,54.56375839,-26.11524164,3556.469971
282,54.56375839,-25.78066914,2488.060059
283,54.56375839,-25.78066914,2488.060059
284,54.56375839,-25.78066914,2488.060059
285,54.56375839,-25.44609665,2341.449951
286,54.56375839,-25.44609665,2341.449951
287,54.56375839,-25.44609665,2341.449951
288,54.56375839,-25.11152416,2901.830078
289,54.56375839,-25.11152416,2901.830078
290,54.56375839,-25.11152416,2901.830078
291,54.56375839,-25.11152416,2901.830078
292,54.56375839,-24.77695167,2784.48999
293,54.56375839,-24.77695167,2784.48999
294,54.56375839,-24.77695167,2784.48999
295,54.56375839,-24.44237918,3090.580078
296,54.56375839,-24.44237918,3090.580078
297,54.56375839,-24.44237918,3090.580078
298,54.56375839,-24.10780669,3089.342773
299,54.56375839,-24.10780669,3089.342773
300,54.56375839,-24.10780669,3089.342773
301,54.56375839,-24.10780669,3089.342773
302,54.56375839,-23.7732342,2810.662598
303,54.56375839,-23.7732342,2810.662598
304,54.56375839,-23.7732342,2810.662598
305,54.56375839,-23.43866171,3019.712646
306,54.56375839,-23.43866171,3019.712646
307,54.56375839,-23.43866171,3019.712646
308,54.89932886,-23.10408922,2926.812744
309,54.89932886,-23.10408922,2926.812744
310,54.89932886,-23.10408922,2926.812744
311,54.89932886,-23.10408922,2926.812744
312,54.89932886,-22.76951673,3054.652588
313,54.89932886,-22.76951673,3054.652588
314,54.89932886,-22.76951673,3054.652588
315,54.89932886,-22.43494424,3090.242676
316,54.89932886,-22.43494424,3090.242676
317,54.89932886,-22.43494424,3090.242676
318,54.89932886,-22.10037175,2884.132568
319,54.89932886,-22.10037175,2884.132568
320,54.89932886,-22.10037175,2884.132568
321,54.89932886,-22.10037175,2884.132568
322,54.89932886,-21.76579926,3119.518555
323,54.89932886,-21.76579926,3119.518555
324,54.89932886,-21.76579926,3119.518555
325,54.89932886,-21.43122677,2999.248535
326,54.89932886,-21.43122677,2999.248535
327,54.89932886,-21.43122677,2999.248535
328,54.89932886,-21.09665428,2918.96875
329,54.89932886,-21.09665428,2918.96875
330,54.89932886,-21.09665428,2918.96875
331,54.89932886,-21.09665428,2918.96875
332,54.89932886,-20.76208178,2832.848633
333,54.89932886,-20.76208178,2832.848633
334,54.89932886,-20.76208178,2832.848633
335,54.89932886,-20.42750929,2481.408691
336,54.89932886,-20.42750929,2481.408691
337,54.89932886,-20.42750929,2481.408691
338,54.89932886,-20.0929368,1788.268677
339,54.89932886,-20.0929368,1788.268677
340,55.23489933,-20.0929368,1793.368652
341,55.23489933,-20.0929368,1793.368652
342,55.23489933,-19.75836431,1591.827026
343,55.23489933,-19.75836431,1591.827026
344,55.23489933,-19.75836431,1591.827026
345,55.23489933,-19.42379182,1462.2771
346,55.23489933,-19.42379182,1462.2771
347,55.23489933,-19.42379182,1462.2771
348,55.23489933,-19.42379182,1462.2771
349,55.23489933,-19.08921933,1390.737061
350,55.23489933,-19.08921933,1390.737061
351,55.23489933,-19.08921933,1390.737061
352,55.23489933,-18.75464684,1305.397095
353,55.23489933,-18.75464684,1305.397095
354,55.23489933,-18.75464684,1305.397095
355,55.23489933,-18.42007435,1322.087036
356,55.23489933,-18.42007435,1322.087036
357,55.23489933,-18.42007435,1322.087036
358,55.23489933,-18.42007435,1322.087036
359,55.23489933,-18.08550186,1149.077026
360,55.23489933,-18.08550186,1149.077026
361,55.23489933,-18.08550186,1149.077026
362,55.23489933,-17.75092937,810.809082
363,55.23489933,-17.75092937,810.809082
364,55.23489933,-17.75092937,810.809082
365,55.23489933,-17.41635688,875.1791382
366,55.23489933,-17.41635688,875.1791382
367,55.23489933,-17.41635688,875.1791382
368,55.23489933,-17.41635688,875.1791382
369,55.23489933,-17.08178439,850.519104
370,55.23489933,-17.08178439,850.519104
371,55.23489933,-17.08178439,850.519104
372,55.5704698,-16.7472119,631.3391113
373,55.5704698,-16.7472119,631.3391113
374,55.5704698,-16.7472119,631.3391113
375,55.5704698,-16.41263941,680.3790894
376,55.5704698,-16.41263941,680.3790894
377,55.5704698,-16.41263941,680.3790894
378,55.5704698,-16.41263941,680.3790894
379,55.5704698,-16.07806691,789.7490845
380,55.5704698,-16.07806691,789.7490845
381,55.5704698,-16.07806691,789.7490845
382,55.5704698,-15.74349442,944.0090942
383,55.5704698,-15.74349442,944.0090942
384,55.5704698,-15.74349442,944.0090942
385,55.5704698,-15.40892193,1200.236816
386,55.5704698,-15.40892193,1200.236816
387,55.5704698,-15.40892193,1200.236816
388,55.5704698,-15.40892193,1200.236816
389,55.5704698,-15.07434944,1992.556763
390,55.5704698,-15.07434944,1992.556763
391,55.5704698,-15.07434944,1992.556763
392,55.5704698,-14.73977695,2161.116699
393,55.5704698,-14.73977695,2161.116699
394,55.5704698,-14.73977695,2161.116699
395,55.5704698,-14.40520446,2294.876709
396,55.5704698,-14.40520446,2294.876709
397,55.5704698,-14.40520446,2294.876709
398,55.5704698,-14.40520446,2294.876709
399,55.5704698,-14.07063197,2516.436768
400,55.5704698,-14.07063197,2516.436768
401,55.5704698,-14.07063197,2516.436768
402,55.5704698,-13.73605948,2704.916748
403,55.5704698,-13.73605948,2704.916748
404,55.5704698,-13.73605948,2704.916748
405,55.5704698,-13.40148699,2759.02417
406,55.5704698,-13.40148699,2759.02417
407,55.5704698,-13.40148699,2759.02417
408,55.5704698,-13.40148699,2759.02417
409,55.5704698,-13.0669145,2790.914063
410,55.5704698,-13.0669145,2790.914063
411,55.5704698,-13.0669145,2790.914063
412,55.5704698,-12.73234201,2819.02417
413,55.5704698,-12.73234201,2819.02417
414,55.5704698,-12.73234201,2819.02417
415,55.5704698,-12.39776952,2859.954102
416,55.5704698,-12.39776952,2859.954102
417,55.5704698,-12.39776952,2859.954102
418,55.5704698,-12.39776952,2859.954102
419,55.5704698,-12.06319703,2870.044189
420,55.5704698,-12.06319703,2870.044189
421,55.5704698,-12.06319703,2870.044189
422,55.5704698,-11.72862454,2819.53418
423,55.5704698,-11.72862454,2819.53418
424,55.90604027,-11.72862454,2814.214111
425,55.90604027,-11.39405204,2744.674072
426,55.90604027,-11.39405204,2744.674072
427,55.90604027,-11.39405204,2744.674072
428,55.90604027,-11.39405204,2744.674072
429,55.90604027,-11.05947955,2560.281738
430,55.90604027,-11.05947955,2560.281738
431,55.90604027,-11.05947955,2560.281738
432,55.90604027,-10.72490706,2489.341797
433,55.90604027,-10.72490706,2489.341797
434,55.90604027,-10.72490706,2489.341797
435,55.90604027,-10.72490706,2489.341797
436,55.90604027,-10.39033457,2418.661621
437,55.90604027,-10.39033457,2418.661621
438,55.90604027,-10.39033457,2418.661621
439,55.90604027,-10.05576208,2335.20166
440,55.90604027,-10.05576208,2335.20166
441,55.90604027,-10.05576208,2335.20166
442,55.90604027,-9.721189591,1659.291748
443,55.90604027,-9.721189591,1659.291748
444,55.90604027,-9.721189591,1659.291748
445,55.90604027,-9.721189591,1659.291748
446,55.90604027,-9.3866171,762.3717041
447,55.90604027,-9.3866171,762.3717041
448,55.90604027,-9.3866171,762.3717041
449,55.90604027,-9.05204461,148.5514832
450,55.90604027,-9.05204461,148.5514832
451,55.90604027,-9.05204461,148.5514832
452,55.90604027,-8.717472119,115.6014862
453,55.90604027,-8.717472119,115.6014862
454,55.90604027,-8.717472119,115.6014862
455,55.90604027,-8.717472119,115.6014862
456,55.90604027,-8.382899628,108.9314804
457,55.90604027,-8.382899628,108.9314804
458,55.90604027,-8.382899628,108.9314804
459,55.90604027,-8.048327138,111.3014832
460,55.90604027,-8.048327138,111.3014832
461,55.90604027,-8.048327138,111.3014832
462,55.90604027,-7.713754647,101.7314835
463,55.90604027,-7.713754647,101.7314835
464,55.90604027,-7.713754647,101.7314835
465,55.90604027,-7.713754647,101.7314835
466,55.90604027,-7.379182156,77.19148254
467,55.90604027,-7.379182156,77.19148254
468,55.90604027,-7.379182156,77.19148254
469,55.90604027,-7.044609665,49.3682251
470,55.90604027,-7.044609665,49.3682251
471,55.90604027,-7.044609665,49.3682251
472,55.90604027,-6.710037175,51.69822311
473,55.90604027,-6.710037175,51.69822311
474,56.24161074,-6.710037175,67.03773499
475,56.24161074,-6.710037175,67.03773499
476,56.24161074,-6.375464684,56.01773453
477,56.24161074,-6.375464684,56.01773453
478,56.24161074,-6.375464684,56.01773453
479,56.24161074,-6.040892193,19.41773605
480,56.24161074,-6.040892193,19.41773605
481,56.24161074,-6.040892193,19.41773605
482,56.24161074,-5.706319703,24.25773621
483,56.24161074,-5.706319703,24.25773621
484,56.24161074,-5.706319703,24.25773621
485,56.24161074,-5.706319703,24.25773621
