Time,V(v),E.Y,E.Y.00,E.Y.00.left,E.Y.01,E.Y.02,E.Y.03,E.Y.04,E.Y.05,E.Y.06,E.Y.07,E.Y.08,E.Y.08.right,E.X,E.X.00,E.X.00.left,E.X.01,E.X.02,E.X.03,E.X.04,E.X.05,E.X.06,E.X.07,E.X.08,E.X.08.right,V(v).00,V(v).01,V(v).02,V(v).03,V(v).04,V(v).05,V(v).06,V(v).07,V(v).08,Vt(v),U0,U1
1958-02-10 23:58:00,-33.2553,-24.3584,2.24491,5.0751,1.04512,-0.119308,-0.516548,-0.798551,-1.95707,-6.40348,-4.68376,-13.1697,-11.7785,-252.726,-53.948,-39.5384,-22.0614,-10.8321,-8.06104,-16.628,-13.2115,-42.1369,-16.6462,-69.2007,-60.1456,-11.5671,-1.49607,-0.418175,-2.19269,-0.842252,-3.55061,-5.3266,-2.30115,-5.56066,-16.9053,9.52,-6.83
1958-02-10 23:59:00,-33.1123,-31.9866,1.54461,-3.71008,1.29751,0.47572,0.2463,-0.149853,-1.09858,-5.60362,-3.7226,-24.9761,-25.6791,-245.6,-51.4857,-40.7044,-21.6879,-10.5079,-7.71435,-16.2632,-12.8999,-41.3425,-16.4111,-67.2878,-57.9058,-11.1703,-1.43244,-0.363763,-1.53952,-0.655383,-2.81103,-4.99459,-1.94934,-8.19594,-18.5023,8.09,-6.52
1958-02-11 00:00:00,-29.0039,-15.6871,3.65982,6.26821,1.50978,0.147414,-0.29842,-0.382208,-1.57803,-5.15552,-4.14014,-9.44981,-7.18111,-237.274,-48.0817,-34.3074,-21.3444,-10.5925,-7.91541,-16.2248,-12.9684,-40.646,-16.3721,-63.1287,-53.0996,-9.94535,-1.37675,-0.390218,-1.99552,-0.715918,-3.20834,-4.78984,-2.09683,-4.4851,-13.9739,8.52,-6.51
1958-02-11 00:01:00,-29.0187,-23.1308,2.93654,-2.06129,1.75095,0.708423,0.418684,0.230534,-0.767585,-4.40498,-3.23008,-20.7733,-20.6898,-231.352,-46.0995,-35.943,-20.9988,-10.2829,-7.58216,-15.88,-12.6702,-39.9165,-16.1475,-61.7742,-51.727,-9.66091,-1.31679,-0.338769,-1.37988,-0.539399,-2.50955,-4.47949,-1.76365,-7.03022,-15.6187,7.21,-6.19
1958-02-11 00:02:00,-25.2351,-7.86313,4.86946,7.25257,1.95457,0.402238,-0.0916773,0.0146054,-1.21834,-3.98537,-3.6253,-6.18332,-3.43759,-223.931,-43.1487,-30.1075,-20.681,-10.3724,-7.78401,-15.8548,-12.748,-39.2806,-16.1245,-57.9367,-47.4585,-8.57722,-1.26423,-0.363843,-1.81013,-0.596053,-2.88507,-4.28897,-1.90378,-3.54578,-11.4151,7.64,-6.18
1958-02-11 00:03:00,-25.4023,-15.2735,4.12134,-0.754309,2.18624,0.938264,0.592178,0.600811,-0.441964,-3.27493,-2.75061,-17.2448,-16.754,-219.057,-41.5677,-32.1835,-20.3589,-10.0703,-7.45548,-15.5226,-12.4555,-38.6051,-15.9041,-57.1172,-46.8463,-8.38795,-1.20738,-0.314446,-1.22064,-0.427088,-2.21462,-3.99632,-1.58337,-6.05052,-13.1423,6.41,-5.85
1958-02-11 00:04:00,-21.8535,-0.697578,5.91961,8.10326,2.38201,0.64612,0.104454,0.393986,-0.876314,-2.88229,-3.13652,-3.24863,-0.287202,-212.297,-38.9677,-26.6682,-20.0633,-10.1698,-7.66572,-15.5135,-12.5476,-38.0227,-15.8998,-53.4466,-42.8653,-7.41221,-1.15759,-0.338902,-1.63568,-0.481924,-2.57903,-3.81899,-1.72089,-2.70828,-9.1635,6.86,-5.83
1958-02-11 00:05:00,-22.1862,-8.27531,5.13711,0.268796,2.60551,1.16628,0.767675,0.963066,-0.119596,-2.20411,-2.28064,-14.3106,-13.6827,-208.388,-37.7358,-29.2192,-19.7613,-9.86717,-7.33185,-15.186,-12.2519,-37.3925,-15.6767,-53.1844,-42.9873,-7.30852,-1.10339,-0.290608,-1.06056,-0.317705,-1.924,-3.54072,-1.4071,-5.23362,-10.9962,5.69,-5.5
1958-02-11 00:06:00,-18.7805,5.98445,6.84705,8.89314,2.79381,0.878704,0.289113,0.756325,-0.552554,-1.83912,-2.67406,-0.514813,2.50614,-202.053,-35.3959,-23.7703,-19.4858,-9.98425,-7.56139,-15.1986,-12.3664,-36.8596,-15.6967,-49.5044,-39.038,-6.4103,-1.05616,-0.315408,-1.47301,-0.37334,-2.29063,-3.37651,-1.54821,-1.93694,-7.11051,6.18,-5.49
1958-02-11 00:07:00,-19.3232,-2.09134,6.00695,1.01568,3.01044,1.39488,0.948084,1.32052,0.203892,-1.18475,-1.81414,-11.9772,-11.4212,-199.116,-34.4897,-26.9378,-19.2011,-9.66921,-7.20684,-14.8648,-12.0546,-36.2664,-15.4604,-49.9033,-39.9845,-6.39204,-1.00421,-0.266927,-0.896472,-0.21019,-1.6334,-3.10912,-1.23248,-4.57834,-9.14318,5.03,-5.15
1958-02-11 00:08:00,-15.9354,12.4176,7.68867,9.73183,3.19102,1.09686,0.457769,1.0989,-0.252436,-0.851996,-2.24414,2.23293,5.25637,-192.907,-32.3104,-21.1847,-18.9445,-9.81913,-7.47624,-14.9116,-12.2082,-35.7821,-15.5173,-45.9371,-35.7025,-5.53593,-0.95949,-0.293709,-1.3267,-0.271085,-2.02473,-2.95953,-1.38804,-1.17619,-5.1954,5.57,-5.17
1958-02-11 00:09:00,-16.8136,3.1225,6.73125,1.38326,3.40271,1.63137,1.14296,1.68134,0.541208,-0.207795,-1.33489,-10.4656,-10.1989,-191.145,-31.7593,-25.3842,-18.6735,-9.46648,-7.06829,-14.5491,-11.8521,-35.215,-15.2452,-47.3164,-37.8396,-5.62277,-0.909275,-0.242506,-0.71844,-0.10198,-1.33087,-2.69756,-1.05335,-4.13689,-7.62364,4.4,-4.79
1958-02-11 00:10:00,-13.175,19.1917,8.51041,10.9314,3.57344,1.28632,0.591186,1.40701,-0.000530099,0.075261,-1.87701,5.62567,8.77414,-184.444,-29.5685,-18.4616,-18.4375,-9.69184,-7.4333,-14.6669,-12.0923,-34.7873,-15.3768,-42.3893,-32.3814,-4.74271,-0.867476,-0.275473,-1.21642,-0.179626,-1.80407,-2.56913,-1.25174,-0.26835,-3.20501,5.09,-4.88
1958-02-11 00:11:00,-14.8593,6.20299,7.21195,0.698107,3.78694,1.91299,1.40084,2.086,0.956708,0.753874,-0.761866,-11.1444,-11.6845,-184.858,-29.6077,-25.3176,-18.1709,-9.21108,-6.85648,-14.1945,-11.5906,-34.2159,-14.9864,-46.0248,-37.2662,-5.03634,-0.817332,-0.212896,-0.476473,0.019396,-0.956406,-2.2951,-0.839118,-4.24499,-6.77926,3.7,-4.38
1958-02-11 00:12:00,-9.68375,30.4935,9.73887,14.9061,3.92299,1.31187,0.519181,1.53039,-0.030574,0.848128,-1.87059,14.5232,19.1879,-174.68,-26.591,-12.5609,-17.9865,-9.77635,-7.64334,-14.6267,-12.2142,-33.9331,-15.4384,-36.4703,-26.0452,-3.80762,-0.784296,-0.27686,-1.31773,-0.145187,-1.8465,-2.24187,-1.25179,1.9881,0.116249,5.01,-4.79
1958-02-11 00:13:00,76.075,281.488,47.899,95.4061,11.8425,6.23611,4.84146,9.14064,7.93655,22.3496,10.251,160.991,233.618,11.5604,24.1302,97.8298,-7.46902,-3.57695,-2.58389,-6.40858,-5.68864,-19.3389,-8.85684,41.353,86.2727,15.9025,1.12252,0.306461,3.07531,2.19611,5.55906,6.17875,3.32193,38.4124,77.455,-1.97,-3.35
1958-02-11 00:14:00,39.8171,150.403,30.7141,33.745,9.52156,5.31509,4.38924,7.49053,6.85187,17.3463,8.78488,59.9892,91.2312,-51.86,9.76113,31.8355,-8.97636,-3.69939,-2.15967,-6.98263,-5.71583,-21.0674,-8.92321,-4.09665,22.843,8.92028,0.681085,0.236585,2.82896,1.73416,4.67929,4.34368,2.79637,13.5967,36.9871,-4.24,-1.41
1958-02-11 00:15:00,17.6517,85.1249,18.2573,5.4784,7.51339,4.12066,3.29767,5.65562,5.03139,12.5211,6.24557,22.4823,28.138,-101.983,-4.19767,-2.68912,-11.2613,-5.22985,-3.57859,-8.99829,-7.46447,-24.5176,-10.6906,-26.045,-14.2107,3.06704,0.226038,0.0940834,1.68794,1.16836,2.94872,2.44093,1.82352,4.19507,15.4817,-2.8,-0.63
1958-02-11 00:16:00,3.6124,52.7086,12.1833,-0.883001,6.41129,3.29567,2.48455,4.44781,3.78492,9.41671,4.52976,6.1546,0.632814,-154.484,-17.9573,-31.2776,-13.7049,-6.60801,-4.70966,-10.9477,-9.06759,-28.4442,-12.4842,-50.56,-51.4517,-1.34135,-0.11236,-0.0164871,0.821414,0.77236,1.70326,1.08945,1.14348,-0.447361,3.3124,-0.72,-0.42
1958-02-11 00:17:00,9.0415,77.3936,16.309,13.0415,7.31539,3.83852,2.91907,5.17658,4.33455,10.7246,5.05521,21.7207,21.9499,-158.231,-19.879,-24.9564,-14.2519,-7.25797,-5.44153,-11.7539,-9.97839,-29.7657,-13.5685,-46.334,-47.7698,-0.865827,-0.0249315,-0.00261654,0.985601,0.936283,2.01115,1.43687,1.2899,3.27507,9.8015,0.07,-0.69
1958-02-11 00:18:00,27.9101,127.685,24.4654,33.4535,8.93242,4.652,3.54471,6.5665,5.59651,14.6859,6.96871,52.2727,66.0191,-93.2089,-5.09985,12.9957,-11.3549,-5.66432,-4.17389,-9.45261,-8.11235,-24.9271,-11.4669,-12.957,0.976787,4.22736,0.420269,0.115289,1.7412,1.39418,3.30832,3.14859,2.05213,11.5028,27.6501,-1.14,-0.88
1958-02-11 00:19:00,38.1242,158.705,31.8508,43.895,10.8594,5.99433,4.80642,8.4422,7.41864,18.5084,9.19055,61.6346,80.9544,-88.7609,-2.04836,12.1534,-10.3152,-4.87275,-3.39606,-8.53055,-7.29533,-23.6617,-10.8149,-17.8259,-4.65927,6.52974,0.770999,0.240319,2.86722,1.92948,4.90128,4.54646,2.86948,13.4692,35.1142,-3,0.01
1958-02-11 00:20:00,33.5233,145.067,30.4896,35.7494,11.0209,6.11899,4.91431,8.54842,7.51344,18.4255,9.24238,48.7929,60.8386,-106.233,-6.17011,-0.964502,-10.8379,-5.19631,-3.6646,-8.99075,-7.7258,-24.6149,-11.3535,-27.6791,-20.106,5.30973,0.754946,0.236911,2.88857,1.94041,4.91361,4.44709,2.86759,10.1644,29.5633,-3.37,0.59
1958-02-11 00:21:00,20.1944,96.732,20.6194,9.0369,9.58429,5.52469,4.53356,7.52476,6.69017,15.5022,8.08612,18.6668,16.2334,-116.439,-10.7481,-11.9491,-11.5154,-5.56042,-3.95935,-9.49393,-8.10945,-25.2538,-11.6698,-30.129,-24.7396,2.12096,0.500743,0.18104,2.53535,1.64827,4.19172,3.40258,2.4431,3.17066,16.3044,-3.22,0.67
1958-02-11 00:22:00,6.8641,51.7677,9.80719,-9.64994,7.52426,4.17772,3.28131,5.6097,4.90625,11.3304,5.89878,-0.767877,-14.5342,-121.704,-14.2475,-17.0297,-12.1842,-6.06499,-4.40821,-10.0353,-8.52361,-25.6192,-11.8614,-28.7594,-23.4142,-1.03335,0.158795,0.066536,1.49004,1.11687,2.68971,1.95272,1.65548,-1.23269,4.8541,-1.76,0.25
1958-02-11 00:23:00,-5.88688,6.7948,-0.826664,-28.3141,5.44293,3.06731,2.39618,3.93872,3.45233,7.32636,4.05424,-22.0566,-44.7804,-126.38,-17.3503,-22.2051,-12.7395,-6.39053,-4.67229,-10.415,-8.7498,-25.7984,-11.9069,-28.3575,-22.9572,-4.05987,-0.177711,-0.0244377,0.763087,0.656699,1.48214,0.573986,0.995683,-6.09647,-6.17688,-0.54,-0.25
1958-02-11 00:24:00,-12.7385,-13.8543,-6.95113,-30.9033,3.86785,1.88724,1.23708,2.35935,1.89583,4.27354,2.20239,-24.6265,-49.1429,-126.945,-18.5756,-21.2024,-13.1006,-6.74058,-5.01625,-10.7463,-9.01452,-25.7905,-11.9459,-26.015,-19.9983,-5.6774,-0.427964,-0.121273,-0.188465,0.222807,0.186029,-0.466437,0.333529,-6.59932,-10.5685,1.23,-0.94
1958-02-11 00:25:00,-10.3474,-6.56167,-6.50139,-23.4745,3.64258,1.76328,1.13666,2.24927,1.78533,4.10624,2.10197,-16.8456,-35.713,-118.031,-16.4605,-14.9352,-12.6972,-6.5321,-4.84633,-10.4102,-8.72438,-24.8925,-11.5707,-21.8969,-14.173,-5.10592,-0.42984,-0.122168,-0.226233,0.206156,0.140093,-0.456503,0.311906,-4.66493,-7.35744,1.7,-1.29
1958-02-11 00:26:00,3.11817,41.3331,2.71655,3.33654,5.09818,2.37215,1.5016,3.29095,2.60278,7.10465,3.26358,13.3827,8.69991,-104.346,-11.564,-3.24598,-11.727,-6.07631,-4.52298,-9.75415,-8.25378,-23.6422,-11.114,-17.6916,-8.42147,-1.98906,-0.151135,-0.0617961,0.12146,0.508888,0.870247,0.659216,0.743616,2.41673,6.01817,1.61,-1.29
1958-02-11 00:27:00,4.34012,47.5934,6.13494,5.21584,5.93757,3.12003,2.29071,4.22811,3.55564,8.5479,4.29017,9.48835,6.45982,-121.914,-14.715,-15.0987,-12.0895,-6.09658,-4.44728,-9.9437,-8.38101,-24.492,-11.4684,-30.2805,-26.4683,-1.94348,-0.0591282,-0.00958456,0.733832,0.751741,1.62056,1.08798,1.09645,1.06175,5.93012,0.74,-0.85
1958-02-11 00:28:00,-8.31548,15.9241,1.37052,-6.55337,5.00927,2.45569,1.66301,3.23256,2.50675,6.00238,2.803,-9.11904,-21.3931,-164.88,-25.3789,-37.8753,-14.2022,-7.43636,-5.60556,-11.7618,-9.97934,-27.9476,-13.222,-49.3466,-55.0234,-5.37256,-0.348219,-0.107322,0.00113061,0.417342,0.535343,-0.0377994,0.499498,-3.90289,-5.49548,1.92,-0.9
1958-02-11 00:29:00,-10.2809,12.4218,0.613279,-7.71969,4.84014,2.39893,1.61304,3.09033,2.33494,5.41645,2.47125,-10.3566,-23.1721,-171.092,-27.8737,-37.246,-14.9446,-8.00865,-6.16736,-12.4901,-10.6881,-29.1586,-14.0168,-47.7439,-53.4274,-6.09638,-0.427534,-0.13299,-0.162229,0.351837,0.290911,-0.327936,0.351055,-4.12761,-6.48087,2.53,-1.27
1958-02-11 00:30:00,6.44688,62.6364,9.0998,14.9481,6.26984,3.01675,2.01124,4.18855,3.23487,8.72658,3.82066,22.2682,23.3308,-124.858,-16.6749,-6.16602,-12.9805,-7.11842,-5.56098,-11.1324,-9.67485,-26.0663,-12.8672,-22.7826,-17.1271,-1.73116,-0.0784242,-0.0555519,0.27386,0.696205,1.16861,1.03148,0.875996,4.26588,10.0469,2,-1.6
1958-02-11 00:31:00,20.3397,95.8994,15.7387,23.7438,7.82212,4.12288,3.08723,5.80115,4.89387,12.4905,6.04234,35.9005,45.5995,-82.2379,-5.433,13.8211,-10.6002,-5.60141,-4.22098,-9.07917,-7.92529,-22.178,-11.0267,-6.17323,8.37507,2.23836,0.319089,0.0801863,1.38548,1.20412,2.76895,2.60503,1.73829,8.00017,21.3197,-0.23,-1.21
1958-02-11 00:32:00,24.6484,105.621,18.2338,25.7204,8.47101,4.42591,3.32021,6.31798,5.36684,13.9699,6.77543,38.7398,48.7785,-69.8088,-1.32978,15.8068,-9.49486,-4.92444,-3.62504,-8.16309,-7.13993,-20.3728,-10.1384,-4.62049,10.6727,3.70299,0.493477,0.127259,1.69456,1.37667,3.26795,3.24414,2.03346,8.70787,23.9284,-1.36,-0.64
1958-02-11 00:33:00,16.4461,81.8139,15.2895,13.0877,8.26694,4.54053,3.51947,6.30597,5.44774,13.2212,6.68876,18.5338,19.7757,-103.445,-8.79364,-8.79334,-10.5065,-5.31429,-3.8321,-8.85571,-7.63361,-22.1375,-10.822,-25.5494,-19.9422,1.38856,0.389146,0.120632,1.7986,1.34726,3.25962,2.85719,1.97666,3.30845,14.5961,-1.78,0.07
1958-02-11 00:34:00,4.41087,54.7095,10.8587,4.44208,7.50963,3.96935,2.94322,5.43707,4.49545,10.8464,5.28422,3.36549,-4.6208,-151.93,-20.7297,-33.5936,-12.8294,-6.77618,-5.12067,-10.878,-9.40492,-26.0512,-12.7905,-47.3495,-53.206,-2.25171,0.108631,0.0248745,1.07559,1.03892,2.22659,1.75546,1.40105,-0.968553,3.90087,-0.32,0.19
1958-02-11 00:35:00,-9.07659,16.8364,3.747,-11.7914,6.26508,3.41508,2.54303,4.443,3.5997,7.79764,3.89138,-18.8655,-36.3709,-187.342,-30.9653,-51.149,-14.9538,-8.04243,-6.18127,-12.6188,-10.8803,-29.4198,-14.443,-59.8376,-71.7638,-6.09999,-0.226173,-0.0622853,0.536401,0.707845,1.28334,0.464571,0.841576,-6.52187,-7.94659,0.96,-0.17
1958-02-11 00:36:00,-18.4955,-10.4191,-3.11688,-20.9756,4.75522,2.33789,1.51921,2.93139,2.07584,4.52657,1.95372,-27.4021,-49.8388,-195.577,-34.9346,-50.139,-16.2036,-9.01291,-7.13146,-13.7912,-11.9587,-31.0052,-15.4473,-56.0921,-66.417,-8.49314,-0.533409,-0.175301,-0.448657,0.260199,-0.107778,-0.76912,0.112265,-8.34051,-14.5455,2.85,-1.1
1958-02-11 00:37:00,-22.9528,-30.0284,-8.64125,-29.2742,3.52132,1.68841,0.992274,1.95463,1.25178,2.33846,0.936657,-34.0707,-57.6977,-181.034,-32.921,-40.2363,-16.1495,-9.05187,-7.17762,-13.7322,-11.894,-30.3498,-15.213,-44.5453,-48.3349,-9.25498,-0.704336,-0.222782,-0.856593,0.00184174,-0.76344,-1.46639,-0.241719,-9.44442,-17.4028,3.62,-1.93
1958-02-11 00:38:00,-13.9636,-5.99919,-6.17485,-15.4474,3.52977,1.41915,0.60777,1.79424,1.01036,2.99462,0.884977,-12.0652,-25.9016,-139.31,-23.0169,-13.8144,-14.5569,-8.3627,-6.72303,-12.585,-10.9959,-27.3607,-14.0191,-21.6893,-14.5903,-6.49992,-0.584438,-0.215789,-1.04505,0.00246126,-0.824395,-1.01967,-0.214963,-3.56182,-7.40359,3.92,-2.64
1958-02-11 00:39:00,1.47024,32.0432,0.49642,-0.488868,4.72046,2.19522,1.34137,3.03022,2.25454,6.26327,2.69486,9.04684,7.5405,-87.3862,-9.27097,12.2574,-11.8032,-6.68242,-5.27203,-10.2702,-8.99573,-22.6638,-11.7999,-0.627969,17.0702,-1.96354,-0.210371,-0.0972564,-0.166975,0.419801,0.478434,0.445282,0.514753,2.05011,6.24024,2.22,-2.55
1958-02-11 00:40:00,11.1131,53.6021,4.46032,7.01309,5.39356,2.51485,1.59045,3.64394,2.87889,8.33948,3.74475,21.0358,25.3711,-49.2685,1.05825,27.4153,-9.49076,-5.33974,-4.13486,-8.3708,-7.35899,-18.7062,-9.91369,12.9883,36.5365,1.2151,0.0574182,-0.0238268,0.275308,0.65541,1.22663,1.44847,0.96072,5.29783,14.0531,0.74,-2.2
1958-02-11 00:41:00,0.59916,11.7947,-2.77652,-15.0546,4.15614,2.02081,1.3292,2.83276,2.33616,6.20435,3.06505,-7.37325,-14.2633,-56.5397,-0.608319,11.8182,-9.29849,-4.96388,-3.65149,-7.92237,-6.7906,-17.8593,-9.20264,3.75739,22.8649,-0.745115,-0.10371,-0.0446075,0.18629,0.455963,0.873234,0.783563,0.745142,-1.5516,2.22916,-0.04,-1.67
1958-02-11 00:42:00,-16.0681,-36.1931,-12.1873,-31.8063,2.062,0.623953,0.00417922,0.831759,0.38951,1.7444,0.590369,-30.252,-49.6958,-92.1924,-9.88669,-11.9719,-10.8766,-5.93616,-4.47283,-9.20792,-7.8,-20.0138,-10.1227,-13.8757,-4.74054,-4.88381,-0.518266,-0.180336,-0.997229,-0.126526,-0.848946,-0.897991,-0.172572,-7.44241,-12.7781,1.61,-1.68
1958-02-11 00:43:00,-29.7881,-72.0116,-18.9058,-42.4529,0.536094,-0.24253,-0.71439,-0.515505,-0.874766,-1.73858,-1.17834,-48.3778,-75.2663,-133.787,-20.7158,-34.7691,-12.9232,-7.08079,-5.40503,-10.8085,-9.11309,-23.1464,-11.5231,-33.0711,-33.821,-8.77851,-0.887168,-0.285012,-1.74793,-0.546527,-2.06551,-2.31936,-0.856597,-12.3014,-24.5881,3.28,-1.92
1958-02-11 00:44:00,-33.8618,-82.4047,-22.4362,-42.1223,-0.670916,-1.16976,-1.64289,-1.76155,-2.15109,-4.09633,-2.74372,-45.7323,-71.7787,-130.056,-21.5393,-27.4618,-13.4097,-7.65744,-6.05775,-11.4036,-9.70939,-23.5895,-11.9627,-24.7267,-23.4726,-9.73713,-1.09457,-0.372508,-2.59454,-0.901475,-3.18489,-3.1564,-1.43172,-11.3886,-26.0218,5,-2.84
1958-02-11 00:45:00,-29.8939,-77.5446,-22.8335,-39.1369,-1.14345,-1.44737,-1.85779,-2.07501,-2.37081,-4.3425,-2.83463,-38.6396,-58.9247,-95.3012,-14.2237,-8.54273,-12.0155,-6.85822,-5.35956,-10.2163,-8.63742,-20.8149,-10.6223,-6.55317,3.6235,-8.18895,-1.05767,-0.361943,-2.60054,-0.940177,-3.20239,-3.03339,-1.41341,-9.09546,-21.4739,4.96,-3.46
1958-02-11 00:46:00,-16.3106,-38.1349,-16.0728,-18.6208,-0.365128,-1.25921,-1.83168,-1.54548,-1.96632,-2.06236,-2.03963,-10.9923,-18.349,-53.7768,-3.33816,15.506,-9.88198,-5.75846,-4.50432,-8.57084,-7.28892,-17.2194,-9.01852,11.8038,30.2087,-4.27236,-0.788288,-0.307015,-2.38955,-0.736638,-2.67469,-1.98767,-1.06907,-2.08529,-8.13058,4.51,-3.67
1958-02-11 00:47:00,-1.0598,5.98822,-6.35551,0.125983,1.37331,-0.169636,-0.846049,0.101075,-0.367699,2.02789,0.131446,10.0934,14.757,-25.5805,5.52093,27.2472,-7.75553,-4.33236,-3.22066,-6.71347,-5.67575,-13.9883,-7.34804,17.9327,39.4295,-0.160154,-0.383301,-0.175889,-1.35873,-0.227073,-1.14343,-0.351876,-0.231264,2.97192,4.6202,2.61,-3.07
1958-02-11 00:48:00,15.6723,61.2066,5.97186,24.321,3.68447,1.0292,0.10582,1.99741,1.29031,6.85099,2.36217,37.9143,54.4509,-8.29702,11.9706,35.4586,-6.0785,-3.40004,-2.47032,-5.47373,-4.70704,-11.8621,-6.41483,20.1389,41.093,3.98607,0.0693993,-0.0556993,-0.472659,0.32576,0.339646,1.4514,0.599911,9.42846,18.8823,0.96,-2.25
1958-02-11 00:49:00,28.3932,103.693,17.337,39.4666,6.24418,2.69311,1.60456,4.33909,3.50379,11.8464,5.09836,51.0269,74.1149,-10.7805,13.6624,30.1853,-5.10966,-2.61959,-1.70857,-4.60333,-3.95947,-11.0851,-5.92263,10.5654,26.4587,6.85761,0.50456,0.0916906,0.828614,0.983428,2.2382,3.21278,1.59473,12.0816,28.0232,-1.32,-0.95
1958-02-11 00:50:00,37.4187,139.044,26.6692,51.8085,8.44215,3.92999,2.63806,6.14689,5.06201,15.7625,7.00021,63.3933,89.6128,-22.9254,12.0572,23.2305,-4.98896,-2.58085,-1.72347,-4.64326,-4.13034,-11.7496,-6.36768,1.20146,10.8823,8.54616,0.825216,0.180775,1.60513,1.46422,3.47074,4.49864,2.25639,14.5714,34.6687,-2.65,0.1
1958-02-11 00:51:00,35.3091,137.328,29.3582,45.8011,9.60272,4.89365,3.59148,7.32208,6.22244,17.4617,8.22181,50.6542,70.4519,-57.6894,4.11059,1.18307,-6.021,-2.95822,-1.92597,-5.39272,-4.73975,-14.0912,-7.34557,-19.3256,-19.1881,7.35968,0.912858,0.234765,2.27926,1.74939,4.31671,4.90338,2.6552,10.8979,30.3691,-3.78,1.16
1958-02-11 00:52:00,22.9257,107.883,24.9593,30.2787,9.26761,4.71774,3.41545,6.91839,5.73577,15.7593,7.32731,29.7824,36.9119,-107.718,-9.10595,-24.6099,-8.49676,-4.49127,-3.27784,-7.53645,-6.65741,-18.5031,-9.58529,-40.064,-50.4843,3.44017,0.680821,0.164316,1.84408,1.56057,3.63777,3.9938,2.25129,5.35287,18.5257,-2.94,1.46
1958-02-11 00:53:00,1.11957,47.3407,14.1715,2.73067,7.62203,3.9464,2.8565,5.53151,4.48828,11.4347,5.36235,-8.07264,-18.953,-171.717,-26.5589,-58.2215,-11.9536,-6.39256,-4.80963,-10.2697,-8.90536,-24.1213,-12.1548,-66.5511,-88.1297,-2.82798,0.189846,0.0377592,1.07971,1.08714,2.29532,2.10005,1.45299,-4.29526,-1.51043,-1.28,1.35
1958-02-11 00:54:00,-17.8282,-3.00867,2.972,-16.5376,5.46855,2.57161,1.55747,3.42621,2.35993,6.23748,2.4332,-30.0351,-53.347,-213.927,-39.5921,-72.1852,-15.1589,-8.60539,-6.85658,-13.1422,-11.4992,-29.0949,-14.8836,-75.0938,-100.842,-8.19847,-0.354401,-0.143329,-0.358311,0.41677,0.19012,-0.0432086,0.304669,-9.64209,-16.3382,1.74,0.25
1958-02-11 00:55:00,-20.5184,-18.0243,-3.01361,-22.9586,4.1702,1.78703,0.871153,2.31865,1.37092,3.96286,1.24299,-30.7345,-53.7571,-185.414,-35.5403,-50.3859,-14.9757,-8.64281,-6.97263,-13.0217,-11.42,-28.1451,-14.5945,-52.1013,-65.5907,-8.60588,-0.524849,-0.200324,-0.902139,0.125845,-0.596544,-0.74801,-0.109015,-8.95753,-16.5084,2.98,-1.03
1958-02-11 00:56:00,-7.7142,26.0332,4.06946,1.94458,5.21431,2.12881,1.00198,3.01425,1.8461,6.18199,1.98871,0.587532,-8.05821,-163.554,-28.9287,-30.3753,-14.1114,-8.29215,-6.74023,-12.4504,-11.0254,-26.8399,-14.1596,-41.0066,-46.9319,-5.57398,-0.312383,-0.162849,-0.751441,0.333043,-0.154063,0.10607,0.173494,-1.37209,-2.8242,3.37,-1.52
1958-02-11 00:57:00,0.385866,56.1874,11.5145,16.2157,6.79591,3.1922,2.00193,4.48416,3.22079,9.07613,3.58507,12.3167,12.1742,-172.735,-28.853,-32.9472,-14.1917,-8.21488,-6.60754,-12.4952,-11.0998,-27.4633,-14.5012,-49.3089,-56.8609,-3.92371,-0.0941009,-0.084597,0.0327683,0.723502,0.944704,1.04648,0.730092,1.01073,4.17587,2.52,-1.27
1958-02-11 00:58:00,1.24473,63.514,14.0279,18.9218,7.41137,3.52432,2.24865,4.91873,3.52216,9.8907,3.85801,14.1121,14.6166,-185.004,-31.025,-36.4049,-14.9122,-8.79803,-7.18191,-13.2599,-11.8715,-28.9154,-15.4578,-53.582,-63.0522,-3.85783,-0.0605319,-0.0831277,0.0904688,0.810502,1.0729,1.21593,0.791257,1.26515,4.97473,2.46,-1.27
1958-02-11 00:59:00,-4.23229,45.7206,11.3896,8.2044,7.13932,3.53565,2.34729,4.82457,3.49129,9.12238,3.66844,0.202012,-4.85338,-198.824,-34.5066,-44.2389,-15.7826,-9.24341,-7.50661,-13.921,-12.4221,-30.2878,-16.126,-59.0282,-69.7973,-5.21493,-0.163984,-0.0991715,0.0922841,0.760366,0.965867,0.851567,0.698332,-2.12261,-0.602286,2.35,-1.28
1958-02-11 01:00:00,-9.8901,26.5486,6.75851,-1.21892,6.28987,2.94518,1.78908,3.96876,2.64441,7.28544,2.59154,-7.72415,-17.8291,-197.988,-35.1791,-41.2283,-16.3276,-9.7889,-8.09052,-14.5508,-13.0335,-30.9231,-16.6878,-53.4067,-61.5142,-6.38127,-0.325044,-0.161632,-0.459523,0.508214,0.190931,0.177785,0.292858,-3.73243,-5.0601,3.08,-1.75
1958-02-11 01:01:00,-17.1162,-3.27119,-0.272353,-16.3439,4.97538,2.29204,1.27699,2.95447,1.80935,4.9085,1.55958,-22.7751,-38.8372,-190.003,-34.2282,-38.5923,-16.3904,-9.78791,-8.04771,-14.4974,-12.9293,-30.4138,-16.4141,-47.2937,-51.0962,-7.71118,-0.516118,-0.207863,-0.836359,0.239636,-0.467701,-0.594773,-0.0649493,-6.95691,-11.5362,3.39,-2.19
1958-02-11 01:02:00,-22.3687,-25.9109,-6.85017,-25.316,3.45112,1.26034,0.328553,1.56846,0.518803,2.2924,0.0590582,-28.5395,-47.8215,-171.738,-30.8304,-28.6217,-16.0899,-9.80737,-8.15852,-14.3374,-12.8064,-29.2337,-16.004,-34.4701,-32.2464,-8.3947,-0.709852,-0.281683,-1.5768,-0.124082,-1.49129,-1.39884,-0.58476,-7.80669,-15.1987,4.26,-2.91
1958-02-11 01:03:00,-27.703,-50.9221,-13.2984,-35.4627,1.99123,0.437555,-0.344141,0.410283,-0.45912,-0.130065,-1.06773,-38.4617,-60.5688,-155.836,-27.4287,-23.6616,-15.5482,-9.42166,-7.75645,-13.7193,-12.1617,-27.5502,-15.0963,-27.1533,-20.4459,-9.04894,-0.876476,-0.325379,-1.99447,-0.409683,-2.18466,-2.09933,-0.952401,-9.81163,-19.753,4.6,-3.35
1958-02-11 01:04:00,-30.1121,-63.639,-17.6239,-37.8249,0.699275,-0.492777,-1.22747,-0.80248,-1.60222,-2.15358,-2.31441,-38.1214,-59.8892,-135.698,-22.8841,-13.97,-14.8408,-9.17361,-7.62059,-13.2148,-11.7214,-25.7912,-14.3384,-16.1132,-4.96811,-8.98198,-1.00695,-0.3819,-2.63061,-0.714143,-3.04187,-2.65815,-1.36849,-9.32799,-20.8621,5.33,-3.92
1958-02-11 01:05:00,-31.6521,-73.9301,-20.3495,-39.5267,-0.216968,-1.03023,-1.68184,-1.52655,-2.18578,-3.45559,-2.92769,-40.556,-61.3565,-122.177,-19.2991,-10.6735,-14.08,-8.63035,-7.08572,-12.4295,-10.9303,-24.0186,-13.3112,-12.3919,0.80063,-8.77857,-1.08016,-0.399424,-2.85384,-0.877601,-3.395,-2.96991,-1.5484,-9.74916,-22.0921,5.43,-4.13
1958-02-11 01:06:00,-29.1031,-66.8984,-19.7464,-32.581,-0.582427,-1.41923,-2.11078,-1.92988,-2.65084,-3.73233,-3.34304,-31.3835,-47.6234,-107.871,-15.2892,-3.46586,-13.3336,-8.33202,-6.90083,-11.9025,-10.5032,-22.5321,-12.6788,-6.39915,8.24736,-7.74987,-1.07635,-0.415695,-3.13615,-0.965261,-3.70676,-2.9534,-1.67264,-7.427,-18.9931,5.74,-4.37
1958-02-11 01:07:00,-23.7635,-50.5043,-16.0404,-22.7067,-0.176911,-1.22506,-1.94018,-1.5762,-2.2882,-2.62881,-2.79149,-21.837,-31.9173,-99.7446,-12.0291,-1.24458,-12.5268,-7.74345,-6.33524,-11.1452,-9.79236,-21.139,-11.901,-7.13249,6.98126,-6.20805,-0.958722,-0.379679,-2.88093,-0.842248,-3.30796,-2.47319,-1.44642,-5.26626,-14.3035,5.28,-4.18
1958-02-11 01:08:00,-11.8961,-9.46155,-7.25847,-2.03547,1.2439,-0.565163,-1.46074,-0.47288,-1.39802,0.357833,-1.56795,1.65994,2.23553,-87.3502,-7.59429,6.76834,-11.5222,-7.28699,-6.02795,-10.4884,-9.33479,-19.9283,-11.4781,-3.68916,10.4099,-3.29005,-0.682387,-0.315666,-2.45043,-0.523041,-2.52102,-1.36443,-0.993894,0.244839,-3.30609,4.65,-3.94
1958-02-11 01:09:00,4.6391,46.1369,5.72036,22.3845,3.7313,0.915875,-0.183074,1.70213,0.596047,5.44165,0.98739,27.2252,40.3661,-77.7895,-2.85566,12.0402,-10.2822,-6.44007,-5.26896,-9.47239,-8.50545,-18.5824,-10.8103,-5.57214,7.38123,0.61661,-0.237266,-0.178716,-1.31659,0.0956731,-0.78742,0.469545,-0.0569557,6.03421,10.6891,2.92,-3.13
1958-02-11 01:10:00,21.8281,105.103,19.5737,45.5815,6.67491,2.60745,1.24508,4.19964,2.8159,11.1184,3.76481,53.1034,77.28,-70.0694,1.09569,17.3926,-9.2447,-5.88147,-4.84785,-8.77827,-8.0782,-17.7841,-10.6269,-5.9236,5.484,4.53914,0.257446,-0.0377584,-0.144761,0.788244,1.0685,2.46486,0.940876,11.9516,25.0581,1.01,-2.22
1958-02-11 01:11:00,32.5762,141.25,29.3951,55.5626,9.12079,4.18868,2.68567,6.42792,4.89886,15.742,6.29176,62.4992,90.4258,-74.2373,1.83011,13.1687,-8.66571,-5.39903,-4.3818,-8.30639,-7.70877,-17.6698,-10.5536,-13.3823,-5.57648,6.858,0.64741,0.0925023,1.0465,1.40058,2.80528,4.05006,1.84519,13.8307,32.5262,-1.12,-1.07
1958-02-11 01:12:00,36.4682,154.659,33.7175,54.6612,10.5598,5.1552,3.54738,7.71145,6.0964,18.2808,7.70502,61.8857,87.1843,-80.4353,0.544521,8.33143,-8.64,-5.42188,-4.43057,-8.39846,-7.89172,-18.2075,-10.9513,-17.0384,-12.108,7.51888,0.853367,0.160106,1.68581,1.73953,3.74482,4.87567,2.33434,13.5557,34.2682,-2.46,-0.26
1958-02-11 01:13:00,33.0049,141.285,31.9818,42.2631,10.8415,5.47515,3.89108,8.06991,6.48128,18.5777,8.10847,47.8578,64.7315,-88.7176,-2.08397,0.560054,-8.87533,-5.47553,-4.44457,-8.54026,-8.0107,-18.7562,-11.1687,-21.3624,-18.4637,6.55052,0.875781,0.180741,1.94202,1.82979,4.03781,4.936,2.47004,10.1822,29.3949,-3.26,0.35
1958-02-11 01:14:00,25.9454,111.607,24.9038,22.6529,9.96251,5.04714,3.57656,7.39272,5.93333,16.8807,7.4389,30.4711,36.9097,-80.1093,-2.13209,2.18314,-8.80696,-5.5119,-4.53093,-8.52741,-8.01472,-18.3023,-11.0287,-13.2542,-7.5132,4.98695,0.756233,0.149046,1.68538,1.64962,3.59482,4.39116,2.23646,6.49577,22.2454,-3.34,0.36
1958-02-11 01:15:00,16.8929,66.6482,13.1613,-2.75,7.91095,3.91424,2.65414,5.77398,4.61699,13.5115,5.96633,9.13873,4.31355,-45.6785,3.23812,14.4846,-7.61756,-4.85557,-3.96881,-7.45119,-6.9866,-15.3741,-9.55766,6.89493,21.7695,3.61127,0.553982,0.0936178,1.11508,1.25848,2.68542,3.46068,1.76678,2.34758,13.6829,-3.22,-0.01
1958-02-11 01:16:00,7.38557,23.9206,1.72237,-21.958,5.62779,2.5288,1.44122,3.87038,2.97556,9.69017,4.15644,-8.09217,-21.8069,-21.0417,7.26798,19.8738,-6.5203,-4.11376,-3.27705,-6.32947,-5.8347,-12.5277,-7.91951,18.2128,38.5647,2.00256,0.312023,0.0235336,0.354562,0.793064,1.53203,2.36992,1.18309,-1.18521,5.03557,-2.65,-0.3
1958-02-11 01:17:00,-0.80399,21.9445,2.8381,-8.45079,5.5768,2.22455,1.01043,3.46997,2.36387,8.49593,3.22006,-7.25526,-21.2769,-105.183,-9.77931,-25.5376,-9.35028,-5.42817,-4.18127,-8.3899,-7.41716,-17.6683,-9.88788,-33.0806,-34.8464,-1.56344,0.0938714,-0.0477362,-0.172737,0.608272,0.802154,1.57924,0.774507,-2.87812,-1.89399,-0.66,0.43
1958-02-11 01:18:00,-5.01445,157.697,48.5505,104.922,14.3597,6.71835,4.31104,9.49541,6.52426,17.8588,6.46686,43.4123,51.8051,-569.146,-103.007,-242.193,-27.0429,-14.6112,-11.3689,-22.6497,-19.609,-52.9039,-25.8797,-292.073,-405.947,-12.3751,0.020581,-0.0767487,0.710242,1.6762,2.34255,2.14377,1.32749,-0.783397,-4.32445,5.23,4.54
1958-02-11 01:19:00,0.713968,462.373,147.228,307.491,35.3134,19.0016,14.3395,25.325,18.4637,41.9761,16.2766,144.449,198.918,-1422.64,-281.932,-594.519,-64.376,-36.766,-30.3656,-55.4386,-49.4944,-128.516,-64.1968,-711.557,-1016.78,-30.7237,0.209221,-0.0446261,4.02866,4.6586,7.52425,4.72787,3.37677,6.95688,6.50397,15.23,9.44
1958-02-11 01:20:00,9.09919,498.474,159.993,260.123,41.6848,24.658,20.124,31.6603,24.2366,49.7645,20.9476,125.406,175.251,-1396.67,-297.712,-488.33,-74.3159,-45.8475,-40.1113,-66.9545,-62.0247,-148.461,-79.1835,-582.062,-838.821,-31.4509,0.371823,0.0125561,6.21373,5.91305,10.316,5.89599,4.47593,7.351,21.4492,15.27,2.92
1958-02-11 01:21:00,27.4661,353.725,103.916,99.1707,32.921,19.9472,16.5148,25.5153,20.0052,41.2198,18.1144,75.5712,96.7913,-721.255,-164.677,-119.705,-53.2886,-34.9038,-31.566,-49.8096,-47.4554,-105.654,-60.3153,-173.585,-221.751,-14.0144,0.69634,0.0927957,5.40158,4.92239,9.07288,6.17526,4.17938,10.9398,40.9161,7.65,-5.8
1958-02-11 01:22:00,21.2202,197.443,53.2868,-6.30167,23.9117,14.8362,12.3606,18.8835,15.1812,30.5082,14.3071,14.1679,4.89867,-360.536,-79.2546,27.7863,-37.4773,-24.8079,-22.2822,-35.2306,-33.7851,-72.4773,-43.1806,-12.0408,43.4483,-6.02628,0.597313,0.112622,4.34333,3.70476,7.21726,4.99725,3.46968,2.80431,30.4002,1.62,-7.56
1958-02-11 01:23:00,15.1926,216.805,56.3228,40.4719,24.0843,13.8734,10.866,17.9871,13.7684,29.5102,12.7769,37.616,31.7621,-507.963,-94.8114,-70.1067,-39.9994,-25.4393,-22.1913,-36.6484,-34.3639,-76.7045,-44.0672,-133.738,-122.257,-8.83784,0.433816,0.020534,3.23591,3.41197,5.99028,4.3416,2.89023,3.70611,23.1826,3.7,-4.29
1958-02-11 01:24:00,5.64981,237.599,67.3293,64.3676,27.3055,16.7382,13.7067,21.2076,16.6334,32.4057,14.8566,27.4158,22.7837,-709.65,-133.962,-171.658,-48.37,-30.627,-26.7443,-44.2118,-41.4053,-93.0382,-52.9425,-238.349,-283.597,-15.1749,0.26669,0.0272425,4.36109,3.98497,7.25307,4.11065,3.29622,-2.47518,13.0198,4.89,-2.48
1958-02-11 01:25:00,-1.84392,154.814,39.6506,8.58825,21.9051,13.1353,10.5114,16.4282,12.3794,24.3408,10.4037,6.05922,-12.7101,-504.551,-95.614,-62.4581,-42.737,-28.5384,-25.667,-40.1852,-38.2638,-80.509,-48.057,-104.979,-97.3664,-12.6749,-0.0792251,-0.148978,2.19096,2.86224,4.2872,2.29506,1.8925,-2.46877,9.61608,5.48,-5.98
1958-02-11 01:26:00,-16.4634,106.928,30.7638,-6.39638,20.6809,13.0697,10.7549,16.0392,12.4879,21.8424,10.3584,-29.0697,-57.2387,-568.786,-104.482,-114.532,-44.0536,-27.8862,-24.2479,-39.9721,-37.3019,-81.8195,-47.3402,-161.683,-167.867,-16.6068,-0.350938,-0.128955,2.6921,2.76653,4.51828,1.34534,1.90348,-12.6024,-7.15341,4.74,-4.57
1958-02-11 01:27:00,-15.4444,173.003,44.2213,54.9948,22.2398,12.3615,9.19923,15.4357,10.5603,21.7454,7.58992,29.6504,17.543,-696.023,-128.399,-152.244,-50.5215,-33.2857,-29.6121,-46.9376,-44.11,-94.2756,-54.966,-213.915,-250.654,-19.001,-0.611954,-0.383364,0.318471,2.34193,1.94655,0.38317,0.627097,-1.06531,1.07555,11.08,-5.44
1958-02-11 01:28:00,-49.5015,72.3803,35.8697,-5.44844,23.3852,16.4413,14.3089,19.4228,15.7546,21.8985,12.1623,-86.863,-127.213,-892.924,-173.024,-277.283,-58.5011,-35.1353,-29.8887,-51.1774,-46.8559,-108.224,-59.7748,-330.343,-409.811,-30.8086,-1.04427,-0.164311,4.11224,3.24523,5.73063,-0.605088,2.07632,-32.0436,-39.7115,7.16,-2.63
1958-02-11 01:29:00,-688.506,-1877.25,-333.697,-835.575,-49.3335,-25.5756,-20.9431,-45.2618,-43.888,-137.118,-68.2758,-1153.16,-1672.52,-2108.94,-507.107,-996.33,-128.737,-76.9512,-64.4955,-107.73,-92.9426,-208.745,-106.284,-815.948,-1114.66,-186.568,-16.5901,-4.72243,-30.2279,-16.1519,-49.2958,-62.3278,-28.3819,-294.24,-616.726,56.1,-15.68
1958-02-11 01:30:00,-387.319,-834.433,-187.885,-250.1,-31.5272,-22.3891,-23.0185,-35.5688,-39.5334,-96.9439,-58.9437,-338.624,-540.498,-1413.4,-346.375,-393.979,-108.16,-71.7001,-64.5168,-96.4508,-87.161,-177.259,-98.2335,-363.54,-476.022,-118.649,-12.5316,-4.29807,-31.7987,-13.1391,-44.9178,-46.2798,-24.7478,-90.9571,-279.409,76.81,-31.1
1958-02-11 01:31:00,-148.518,-41.139,-11.5583,130.468,1.45317,-0.974316,-3.24673,-4.89519,-10.4369,-29.6473,-22.8549,41.0214,83.9851,-1259.7,-268.754,-255.895,-94.6337,-60.7646,-53.4597,-83.9728,-76.4216,-162.962,-90.7507,-367.984,-437.113,-62.6135,-6.84711,-2.36744,-14.4066,-4.48353,-19.8249,-22.2651,-11.5892,-4.12054,-62.518,57.31,-28.69
1958-02-11 01:32:00,-86.1155,202.437,61.7085,220.724,16.6455,8.22479,4.76911,7.8851,0.613133,-3.00461,-10.2839,115.88,208.972,-1350.95,-270.585,-276.095,-97.9675,-64.0851,-57.0466,-88.8003,-82.1775,-174.187,-99.1028,-416.996,-506.756,-46.9491,-4.94139,-1.84139,-9.1603,-1.25657,-11.7622,-14.0172,-7.42049,11.2332,-11.9255,47.64,-26.55
1958-02-11 01:33:00,-158.84,-101.715,11.4208,19.3137,9.44438,5.97348,4.13276,3.32261,-2.33347,-16.9068,-14.8097,-101.959,-99.5384,-1330.34,-272.769,-298.124,-100.75,-65.5579,-58.035,-90.7165,-83.6095,-175.601,-100.326,-382.975,-451.42,-58.4697,-6.16986,-2.05658,-9.86153,-2.54629,-14.3548,-18.8634,-9.08143,-37.4368,-90.3704,41.18,-27.29
1958-02-11 01:34:00,-74.5242,94.1193,31.8617,82.1751,12.4826,5.81297,2.85632,4.82884,-1.53983,-5.6606,-11.4603,54.9376,101.295,-903.531,-171.718,-51.8608,-84.1443,-58.0224,-52.956,-78.6431,-74.2299,-145.904,-88.4478,-149.466,-113.186,-31.3961,-4.50141,-1.78292,-9.68874,-1.68759,-12.315,-12.8133,-7.43685,7.09762,-8.40423,36.5,-29.62
1958-02-11 01:35:00,-13.1082,260.1,70.5854,140.312,21.4663,12.2229,9.043,13.9588,7.73553,14.2126,0.52935,110.346,192.431,-826.545,-134.106,-41.7558,-75.7402,-51.2151,-46.0221,-70.4033,-66.5046,-133.031,-81.0837,-168.44,-123.924,-14.4928,-2.6012,-1.07136,-3.46964,1.05998,-3.67428,-5.07629,-2.88057,19.0979,35.6618,24.24,-24.53
1958-02-11 01:36:00,25.1554,388.71,100.157,188.232,28.2363,15.7241,11.7377,19.2809,12.1535,27.1283,6.22212,168.07,265.43,-806.083,-118.381,-35.8642,-72.9779,-50.6195,-46.1176,-69.3586,-66.4077,-130.482,-81.3713,-170.367,-136.296,-4.48991,-1.43538,-0.800812,-1.45769,2.51939,-0.0929862,-0.481938,-0.860459,32.2552,65.5354,18.96,-21.42
1958-02-11 01:37:00,-1.86918,310.023,95.6809,135.634,29.8973,18.0746,14.4977,21.6835,14.9928,28.3666,8.78436,78.0455,137.587,-962.355,-148.517,-150.556,-77.7877,-51.968,-46.4074,-72.2852,-68.3677,-139.227,-84.6198,-273.176,-283.208,-12.2085,-1.55834,-0.68531,0.560161,3.04962,1.90694,-0.711922,-0.0693052,7.8475,29.3308,14.15,-17.05
1958-02-11 01:38:00,-56.1846,203.982,81.2808,99.1728,28.2745,16.6904,12.8914,19.1651,11.7624,19.7908,3.36719,10.7598,24.6623,-1237.1,-211.972,-285.991,-91.354,-60.6319,-54.1503,-84.2825,-79.1562,-163.07,-97.046,-395.436,-468.353,-29.5526,-2.79956,-1.11108,-2.38368,1.92377,-2.31025,-5.41478,-2.47237,-12.064,-19.9346,20.31,-15.94
1958-02-11 01:39:00,-123.762,73.5226,65.4869,56.1574,26.7669,16.5129,12.9549,17.5563,9.81592,9.88449,-1.50431,-83.9515,-114.027,-1606.09,-298.695,-456.442,-110.403,-71.7989,-63.4847,-100.309,-93.1632,-196.575,-113.818,-557.839,-702.738,-52.4038,-4.43304,-1.54604,-4.42349,0.888135,-5.97097,-11.292,-4.84526,-39.7354,-79.7318,28.05,-15.98
1958-02-11 01:40:00,-85.0344,144.255,61.8424,60.2597,26.3392,15.9111,12.1715,17.0667,9.13048,11.3388,-1.76363,-7.78201,-13.2436,-1295.15,-240.088,-240.143,-103.724,-70.8702,-64.5166,-97.167,-92.0781,-183.742,-111.428,-331.535,-383.06,-40.1022,-3.9959,-1.55354,-5.24538,0.876391,-6.36252,-9.83886,-4.84729,-13.9651,-33.0244,29.48,-22.53
1958-02-11 01:41:00,-122.394,-82.6818,6.00923,-72.9949,16.2096,10.976,8.71282,9.85317,3.94694,-3.88266,-7.23155,-127.275,-174.732,-1072.97,-193.686,-157.319,-95.7647,-65.035,-58.6839,-88.8947,-83.7873,-164.253,-100.861,-222.009,-202.134,-41.9785,-4.83902,-1.68243,-6.5507,-0.735081,-9.31081,-13.5757,-6.39805,-37.3239,-70.8842,26.13,-25.38
1958-02-11 01:42:00,-47.0533,138.743,34.7457,45.4168,19.8563,10.9724,7.47365,11.4965,4.5362,6.63751,-4.6375,47.6623,63.8646,-830.397,-126.771,-11.4545,-84.31,-60.0234,-55.3391,-80.8337,-77.5947,-144.464,-93.0098,-108.052,-37.7575,-20.7158,-3.46822,-1.49312,-6.73764,0.00837955,-7.91142,-8.51221,-5.17539,6.95212,5.20667,25.75,-26.51
1958-02-11 01:43:00,76.4722,559.464,127.249,242.466,38.8559,22.864,18.0179,28.7603,20.627,44.5899,15.5945,242.905,360.625,-808.113,-94.8731,-3.23636,-76.3517,-53.7657,-49.1924,-73.7007,-71.4621,-136.421,-88.6217,-163.725,-111.294,6.70861,-0.181029,-0.414032,2.59346,4.88408,5.99417,5.02954,2.20885,49.6485,109.642,13.33,-19.84
1958-02-11 01:44:00,112.143,625.745,143.579,230.16,44.219,26.6787,21.7453,34.0953,25.939,56.7804,22.4898,250.219,370.014,-653.169,-57.0549,61.0648,-68.738,-50.5381,-47.238,-68.748,-68.1571,-124.667,-84.9391,-83.0887,-10.2845,18.7452,1.14688,-0.0217206,5.84317,6.49479,10.7758,10.0632,4.80824,54.2873,133.653,3.76,-17.75
1958-02-11 01:45:00,54.7848,421.732,110.59,115.825,40.4139,25.6059,21.489,31.821,24.7303,48.5655,20.604,97.9132,147.197,-777.351,-83.6167,-60.6851,-71.5516,-50.1234,-45.6247,-69.182,-67.308,-127.821,-84.3182,-177.805,-141.488,5.57009,0.397633,-0.0820322,6.01063,5.87161,9.92655,7.02673,4.15897,15.9047,67.4248,-0.53,-13.17
1958-02-11 01:46:00,-7.05848,190.027,54.3553,-4.89932,30.2896,19.5454,16.1746,22.942,16.5606,29.0314,10.4276,-9.29968,-26.39,-731.544,-86.2019,-48.4502,-72.9489,-52.9821,-49.1576,-71.7407,-70.1597,-126.893,-85.7891,-115.671,-70.3133,-7.3449,-1.14208,-0.619479,1.2104,3.40597,2.90542,0.434794,0.472693,-6.3813,12.5315,4.16,-15.43
1958-02-11 01:47:00,-52.582,11.2159,10.3952,-78.844,21.6302,14.5866,12.0355,15.9164,10.7052,13.732,3.73309,-91.5183,-146.909,-714.968,-86.1335,-72.8029,-71.6547,-50.7302,-46.3037,-68.8639,-66.3899,-120.749,-80.763,-123.38,-74.239,-16.9739,-2.27347,-0.885574,-1.2746,1.64049,-1.25958,-4.3241,-1.72543,-25.5058,-30.362,6.72,-15.5
1958-02-11 01:48:00,-29.4763,58.1549,4.38038,-48.1595,19.0296,12.1105,9.36805,13.0927,7.73955,11.2579,0.999539,-19.8233,-51.0902,-524.448,-45.927,42.0189,-64.9189,-49.1381,-46.253,-65.1767,-64.2052,-107.843,-76.8981,-4.0886,82.7111,-9.30559,-2.14019,-1.00076,-3.276,1.02667,-3.32808,-4.20504,-2.55437,-4.69295,-0.826314,9.94,-18.71
1958-02-11 01:49:00,71.1494,335.12,52.4665,81.4526,27.4967,16.6868,13.1973,20.8582,15.3371,33.0747,12.422,143.581,193.855,-261.832,27.0496,163.053,-48.2288,-37.791,-35.8237,-50.0839,-50.4981,-80.1469,-61.9673,75.6583,205.817,17.5572,0.304321,-0.247371,1.94605,3.66954,4.85028,5.30032,2.086,35.6831,88.2194,1.05,-16.02
1958-02-11 01:50:00,265.446,894.776,154.963,307.268,47.4229,27.6718,22.2715,38.2122,31.1526,78.8644,34.4986,459.719,648.114,230.127,155.458,436.309,-21.8051,-24.7532,-26.2816,-31.0563,-36.0841,-40.3349,-46.1263,301.11,512.202,68.7482,5.09914,1.02395,10.9273,9.0194,19.7688,23.8843,10.5619,116.413,263.506,-15.09,-13.15
1958-02-11 01:51:00,487.442,1514.34,284.193,536.88,75.385,44.6845,37.3816,64.1839,56.3911,142.063,69.1402,740.918,1062.61,675.164,287.546,605.259,11.8078,-1.25441,-4.62522,-0.726904,-8.91918,10.6587,-18.1945,398.872,663.185,126.627,11.5692,3.11795,27.1725,17.096,44.1969,49.2388,23.9782,184.445,441.262,-46.29,-0.11
1958-02-11 01:52:00,459.629,1538.82,328.271,529.48,90.0626,55.3365,47.4669,77.5461,68.6275,162.027,81.4614,628.019,892.251,98.0866,174.539,240.354,-3.71259,-9.17157,-10.581,-13.9676,-20.6894,-24.3768,-34.7092,40.7554,124.853,111.035,12.4937,3.57305,33.4505,20.1599,52.3203,53.433,27.7488,145.415,387.919,-56.98,14.73
1958-02-11 01:53:00,368.371,1200.88,263.725,311.611,82.6877,52.3112,45.6523,72.0871,64.4988,145.955,75.74,398.222,533.765,45.4339,138.434,159.133,-7.20174,-10.9795,-12.2362,-16.4352,-22.5523,-28.6178,-36.185,41.2077,99.4978,88.8035,11.1879,3.29036,31.7111,18.6101,48.7092,47.6363,25.6517,92.7711,290.451,-59.62,18.3
1958-02-11 01:54:00,413.982,1325.73,273.708,343.275,87.3053,54.425,46.9133,75.7041,67.5231,155.875,80.396,483.882,625.325,218.158,169.32,261.262,0.645854,-7.8478,-10.5061,-11.3772,-19.0942,-16.8321,-31.9959,145.845,237.175,97.8981,12.4275,3.55856,33.0496,19.7665,51.6666,51.8981,27.4714,116.246,332.852,-61.21,19.92
1958-02-11 01:55:00,500.627,1517.48,300.032,388.666,95.6711,60.0272,52.1751,84.3476,76.5909,177.435,93.5815,577.616,755.838,549.289,245.422,405.685,19.8352,4.76918,0.745685,5.56645,-4.02057,14.8051,-15.4313,277.597,431.674,120.685,15.044,4.43265,39.5365,22.7136,61.2358,61.6098,32.8026,142.567,402.857,-73.69,24.08
1958-02-11 01:56:00,642.104,1887.12,360.308,510.088,110.61,68.738,59.6121,98.0028,89.6328,212.53,112.127,775.554,1027.6,982.663,350.93,616.865,44.5986,18.2018,11.3754,24.619,11.3604,53.1776,1.64452,466.755,692.236,157.494,19.0078,5.5578,47.5257,27.0776,74.0593,76.4396,40.0655,194.877,523.714,-89.32,29.07
1958-02-11 01:57:00,785.718,2258.98,432.161,626.428,129.338,80.5906,70.3587,115.956,107.529,255.354,136.954,930.736,1246.93,1319.01,443.977,723.044,71.2131,36.733,28.4605,48.6115,32.9627,94.0653,24.2825,538.707,798.776,194.058,23.6469,7.09837,59.4559,32.7753,91.7295,94.0924,49.78,233.082,632.178,-112.87,40.67
1958-02-11 01:58:00,900.321,2547.86,486.948,688.336,145.925,91.4384,80.2638,131.846,123.123,291.959,157.919,1038.44,1383.55,1620.74,518.912,826.434,93.0826,48.9874,38.2878,65.434,46.4729,125.848,38.6339,645.08,925.361,222.828,27.6289,8.33034,69.128,37.6511,106.335,108.946,57.8027,261.672,716.311,-133.31,50.7
1958-02-11 01:59:00,878.083,2428.82,472.779,583.761,150.372,96.257,85.6173,138.075,130.771,301.172,168.001,885.78,1151.19,1518.79,497.91,648.769,100.256,58.3164,48.7882,75.6119,57.7395,136.473,49.7082,493.992,706.882,215.025,28.7941,9.02455,75.516,39.698,114.189,112.88,61.8188,221.137,664.083,-148.93,65.07
1958-02-11 02:00:00,616.67,1642.86,323.115,219.662,126.499,83.4368,75.3122,117.266,111.867,245.367,141.545,418.456,444.003,932.432,332.114,266.288,73.0302,41.4786,34.2581,52.6308,38.2829,93.6057,29.4883,237.544,298.837,145.128,23.3799,7.47949,64.4903,33.2767,96.0258,90.6526,51.6149,104.622,415.29,-133.46,67.92
1958-02-11 02:01:00,1286.77,4064.23,783.144,1431.54,213.39,124.54,104.314,183.44,165.641,413.877,213.416,1862.47,2457.08,1411.87,506.197,759.915,109.946,59.5151,46.7405,76.7454,54.2368,126.948,40.701,390.837,502.094,284.967,38.452,11.0734,89.1663,51.8437,141.82,150.602,77.6806,441.166,1059.15,-146.63,80.99
1958-02-11 02:02:00,2614,7589.9,1424.45,2569.84,355.961,217.857,189.699,321.702,300.487,744.177,394.083,3641.48,5083.74,5298.43,1443.64,2908.93,300.414,163.518,128.396,223.157,169.674,417.324,163.46,2288.85,3194.07,635.218,72.8635,21.6178,171.858,94.2706,267.905,284.894,146.784,918.586,2226.6,-290.57,96.83
1958-02-11 02:03:00,2298.99,5706.37,1072.57,1311.72,310.309,198.934,180.674,294.537,289.336,690.026,392.241,2277.74,3134.2,6404.26,1694.71,2719.71,389.962,241.408,208.8,323.07,272.604,598.645,283.262,2391.8,3462.76,614.145,73.0643,23.2235,183.031,90.8041,274.256,279.953,150.661,609.853,1774.86,-385.93,138.2
1958-02-11 02:04:00,1553.78,4813.19,1087.48,1338.35,330.31,210.763,187.259,300.595,283.551,635.105,358.977,1419.16,1743.88,350.464,404.128,-559.302,161.355,113.56,105.343,132.63,109.257,168.189,82.8133,-926.811,-1414.6,328.917,58.862,19.2256,164.86,85.2141,245.22,229.117,131.206,291.161,1041.72,-308.55,203.51
1958-02-11 02:05:00,656.63,1436.05,329.663,-508.361,198.313,144.698,137.802,196.104,195.332,376.524,243.146,-385.529,-916.738,818.284,234.353,-377.142,120.137,79.0174,68.3748,95.4729,75.2974,138.927,60.5618,-53.8576,-338.146,124.711,37.0735,13.2391,119.274,55.9311,168.932,138.758,89.039,-90.3271,246.36,-251.78,158.49
1958-02-11 02:06:00,-128.908,-503.691,-86.9732,-985.888,108.796,82.6437,77.8423,106.635,106.107,164.043,125.67,-1188.45,-2162.09,-1669.64,-391.794,-1607.83,-3.85643,14.4162,19.798,3.13447,4.7072,-51.1981,-15.0725,-1249.78,-1956.09,-106.663,15.1392,6.39967,63.1653,28.5675,86.3672,52.1201,44.2643,-318.269,-399.248,-128.55,141.79
1958-02-11 02:07:00,-803.187,-1963.92,-369.029,-1297.27,46.7952,48.5684,48.7005,49.0098,48.2343,-4.8291,35.9427,-1867.31,-3088.93,-4324.21,-1084.08,-2673.23,-159.054,-82.2898,-65.2155,-129.483,-112.053,-310.454,-146.119,-2235.46,-3401.47,-323.297,-5.2192,0.327913,22.162,8.17559,22.2285,-24.8036,7.29184,-510.053,-914.237,-5.95,105.1
1958-02-11 02:08:00,-1328.03,-3150.35,-628.012,-1523.32,-18.5877,5.81898,8.75034,-15.7653,-17.8416,-166.186,-57.0616,-2261.47,-3605.24,-5899.13,-1534.09,-3088.56,-277.452,-158.361,-132.702,-230.999,-201.082,-498.042,-242.58,-2623.82,-3918.89,-480.71,-23.3145,-5.57782,-23.0772,-12.947,-44.397,-93.8187,-29.5405,-614.649,-1268.23,111.63,51.83
1958-02-11 02:09:00,-1710.74,-4380.71,-934.044,-1941.27,-94.6673,-38.9596,-29.5159,-82.484,-79.8674,-319.616,-138.819,-2662.74,-4078.11,-5876.25,-1624,-2751.39,-329.182,-195.831,-167.954,-276.024,-241.089,-558.646,-279.295,-2204.23,-3236.04,-567.948,-37.9576,-10.1672,-59.8361,-32.4506,-100.441,-150.659,-60.0986,-691.187,-1507.46,191.83,-11.45
1958-02-11 02:10:00,-1818.73,-4336.9,-941.422,-1584.53,-119.296,-61.42,-53.8378,-112.94,-114.833,-383.639,-186.28,-2363.23,-3567.71,-6658.34,-1782.53,-2793.95,-391.043,-236.338,-203.271,-329.747,-288.242,-656.21,-330.978,-2439.98,-3455.1,-605.005,-46.0603,-13.2904,-86.0874,-42.6088,-135.703,-179.768,-78.9876,-631.214,-1499.83,266.78,-52.12
1958-02-11 02:11:00,-1724.2,-4204.67,-954.741,-1477.03,-139.41,-73.0946,-63.0613,-129.098,-129.224,-409.946,-203.526,-2102.57,-3060.33,-5640.17,-1562.53,-1996.95,-379.096,-237.224,-208.3,-324.693,-287.56,-621.761,-325.4,-1693.61,-2319.24,-558.748,-48.022,-14.151,-94.1721,-46.7283,-147.22,-186.169,-84.9294,-544.056,-1340.57,286.05,-97.58
1958-02-11 02:12:00,-1396.31,-2700.97,-609.027,-509.378,-91.4729,-54.0811,-52.2841,-97.4584,-107.832,-328.613,-177.953,-1182.25,-1659.39,-6307.98,-1593.51,-2075.74,-404.788,-251.097,-218.44,-346.836,-307.432,-680.153,-354.707,-2151.02,-2858.37,-489.828,-43.1397,-13.3288,-88.3078,-39.1251,-132.913,-162.79,-76.9153,-349.962,-992.089,300.77,-103.45
1958-02-11 02:13:00,-954.189,-1269.43,-280.967,63.7849,-31.9725,-15.1365,-16.4756,-43.1272,-58.2606,-210.123,-119.518,-493.854,-556.592,-5692.61,-1396.24,-1497.34,-390.166,-251.524,-224.177,-345.26,-314.615,-672.473,-368.245,-1729.91,-2250.25,-373.758,-33.6131,-10.5862,-62.5708,-24.5705,-93.9632,-121.812,-56.5801,-176.735,-573.049,265.83,-115.31
1958-02-11 02:14:00,-490.99,34.4793,0.394423,531.732,20.1245,12.8898,6.49413,1.09803,-18.153,-94.049,-64.1928,169.873,433.166,-4549.91,-1059,-820.303,-337.154,-220.322,-197.588,-302.391,-279.326,-589.913,-332.166,-1232.05,-1449.52,-236.644,-22.275,-7.4206,-39.2919,-11.1496,-56.3188,-76.0726,-35.476,-6.34155,-165.51,212.4,-113.08
1958-02-11 02:15:00,-478.519,-319.261,-45.9967,113.717,18.2214,19.6741,17.3643,7.77272,-6.32261,-83.4955,-49.1116,-197.367,-53.7255,-3723.77,-848.955,-513.97,-305.1,-203.332,-183.717,-277.343,-259.109,-528.06,-308.278,-809.876,-812.892,-199.868,-20.1557,-6.29738,-27.9872,-8.42106,-43.7522,-67.8603,-29.1912,-74.9864,-205.349,161.25,-111.92
1958-02-11 02:16:00,-460.232,-478.763,-95.544,-15.4505,5.75961,7.31886,4.24214,-5.83675,-19.2674,-95.1277,-58.8502,-221.458,-150.305,-3074.74,-663.533,-296.777,-272.543,-183.432,-165.857,-248.256,-231.856,-461.035,-273.808,-574.423,-434.131,-169.288,-19.4963,-6.41987,-33.8943,-10.9512,-50.1381,-66.8274,-31.3608,-71.8558,-209.272,143.59,-107.37
1958-02-11 02:17:00,-375.576,-463.078,-107.487,-108.01,4.49778,10.0468,8.80455,-2.20724,-12.6785,-83.1138,-48.3096,-232.631,-162.434,-2337.07,-469.793,-9.42278,-237.711,-165.476,-151.793,-221.403,-209.926,-396.282,-247.036,-237.649,32.3125,-128.599,-17.0791,-5.54742,-27.306,-8.9668,-41.5477,-57.9007,-26.5868,-62.0419,-155.566,115.61,-104.4
1958-02-11 02:18:00,-45.0928,655.552,118.784,472.235,44.0533,26.6138,19.1862,27.1148,11.3834,0.514878,-12.624,420.525,743.299,-2060.56,-322.203,93.4729,-204.313,-142.027,-129.959,-191.387,-182.66,-348.087,-219.494,-320.432,-68.0669,-45.9662,-8.98119,-3.48688,-14.5889,-0.00819989,-18.0544,-25.7884,-12.8128,84.5941,132.087,91.71,-85.47
1958-02-11 02:19:00,-264.088,-59.5125,34.7793,41.0705,37.3895,33.422,31.0879,29.4929,18.0164,-20.657,-11.9446,-211.099,-116.181,-2760.1,-478.026,-410.344,-233.766,-159.647,-144.601,-217.361,-206.274,-399.809,-248.376,-672.241,-627.338,-99.2285,-12.1212,-3.67108,-8.8832,-0.356612,-16.2215,-36.8659,-13.6637,-73.0762,-115.278,73.67,-75.14
1958-02-11 02:20:00,-136.667,125.78,10.7509,96.8742,26.1697,16.8617,11.776,12.8893,-0.00183106,-25.9449,-24.8109,98.0901,232.171,-1576.33,-218.872,198.485,-185.47,-135.13,-126.292,-178.681,-172.925,-306.655,-204.278,-48.0316,251.754,-46.5685,-10.1126,-3.91682,-19.3603,-3.32261,-25.7943,-31.7207,-16.5846,20.7136,17.5731,72.86,-81.38
1958-02-11 02:21:00,118.294,927.148,193.69,411.696,67.6436,48.5999,42.657,56.0326,43.043,59.304,27.0964,389.082,699.06,-1490.43,-143.743,197.474,-165.647,-120.677,-112.391,-162.24,-159.71,-285.688,-195.47,-144.862,112.898,10.3603,-2.75438,-1.12186,7.0505,8.80966,10.9289,-1.08678,2.26761,83.8395,216.504,34.47,-63.74
1958-02-11 02:22:00,274.96,1351.08,269.599,589.628,80.5015,48.7354,39.3449,61.4036,45.6122,92.4977,36.7961,676.593,1057.27,-953.449,2.11639,414.074,-131.936,-100.523,-95.5309,-133.607,-134.311,-228.551,-165.495,34.3883,356.389,59.6194,1.58129,-0.349912,8.32224,11.3261,16.7916,14.4941,6.86283,156.312,348.22,18.62,-54.64
1958-02-11 02:23:00,3.02267,944.198,308.363,439.805,102.791,74.7353,67.4829,88.0584,72.3512,101.51,54.7441,74.1619,241.356,-3364.16,-506.292,-947.474,-222.811,-145.652,-128.751,-205.432,-194.98,-402.153,-245.556,-1312.53,-1598.07,-45.5265,-2.03129,-0.215138,22.1242,15.7194,29.3302,4.61838,10.2354,-31.232,41.5927,14.58,-23.99
1958-02-11 02:24:00,-325.463,-337.239,-20.4,-221.488,33.9502,24.1991,19.6849,19.0254,5.00025,-28.7542,-24.699,-365.246,-521.144,-2543.58,-434.298,-445.248,-222.951,-160.439,-149.507,-214.557,-206.664,-377.762,-244.812,-532.587,-564.564,-101.559,-11.8028,-4.35437,-18.5848,-3.04314,-26.7882,-37.9826,-18.0791,-103.269,-208.763,59.47,-57.23
1958-02-11 02:25:00,408.415,2039.85,437.366,846.145,128.009,85.395,73.5794,108.227,89.3275,166.83,82.5186,868.595,1302.08,-1753.37,-166.561,101.85,-166.582,-120.381,-112.644,-165.264,-165.215,-307.122,-209.728,-339.875,-219.063,58.7189,5.73548,1.49587,30.3271,22.62,47.4756,33.9811,21.5007,186.56,452.245,6.75,-37.08
1958-02-11 02:26:00,-224.072,-476.859,-87.2732,-470.977,27.7153,25.849,24.8945,21.3264,13.2818,-17.5775,-9.19102,-475.884,-644.668,-1228.6,-137.893,119.683,-163.597,-123.841,-116.997,-162.889,-160.637,-264.857,-190.259,92.3705,382.38,-49.9715,-8.26318,-2.85319,-7.38262,-0.474109,-13.237,-25.7498,-10.4813,-105.66,-144.732,20.3,-59.04
1958-02-11 02:27:00,432.995,1925.59,384.538,770.683,118.688,77.5104,65.6423,99.8854,82.6354,161.25,79.8386,855.597,1242.59,-1225.43,-21.9654,223.561,-131.677,-98.0608,-92.3709,-133.832,-135.775,-238.946,-173.583,-199.223,-5.03155,79.4523,7.01519,1.78159,28.8722,21.584,46.4639,37.1634,21.9128,188.749,453.145,-8,-28.15
1958-02-11 02:28:00,-238.396,-655.035,-138.099,-584.138,20.6328,23.8602,24.5695,18.1233,12.556,-23.7985,-8.66325,-584.215,-813.525,-982.386,-72.7969,117.134,-144.681,-113.537,-108.401,-147.855,-147.628,-228.38,-173.821,154.714,427.564,-46.5703,-7.85761,-2.60431,-5.70543,-0.759793,-11.8826,-25.1502,-9.67076,-128.195,-179.306,8.08,-51.01
1958-02-11 02:29:00,728.669,2761.77,519.364,1158.72,143.428,87.9229,72.3581,119.761,100.519,224.218,109.228,1384.97,1967.29,-435.275,191.364,564.409,-79.9622,-65.8005,-64.6523,-89.3806,-96.6991,-153.624,-129.601,53.0805,331.317,156.719,14.3775,3.73945,40.1392,28.5686,66.7302,64.9996,34.0628,319.332,712.489,-31.02,-14.84
1958-02-11 02:30:00,-489.646,-1144.08,-154.045,-749.471,26.3805,34.1526,36.8355,26.411,21.2705,-35.4317,-7.20878,-1092.45,-1516.34,-2720.4,-440.536,-930.941,-205.278,-143.938,-130.484,-195.883,-187.502,-341.655,-225.073,-850.052,-1055.13,-132.274,-11.559,-3.02514,-1.38877,-0.366095,-10.7943,-37.5664,-11.092,-281.58,-453.176,9.3,-27.17
1958-02-11 02:31:00,1030.21,3266.25,514.397,1221.73,139.389,78.6638,61.3317,113.257,93.7489,245.618,111.973,1907.87,2627.35,1893.32,657.541,1863.3,6.4956,-29.4468,-42.8087,-28.4885,-50.5929,3.0037,-67.822,1445.44,2231.22,259.839,20.2487,4.45862,36.7045,29.1377,68.1417,83.9801,37.3808,490.319,1020.87,-43.77,-34.43
1958-02-11 02:32:00,299.296,1267.37,332.919,293.918,128.2,97.1711,92.1007,121.283,112.198,185.606,114.123,83.7699,222.312,-1683.39,-84.066,-494.922,-112.503,-74.8289,-64.7159,-109.51,-109.305,-208.355,-148.854,-771.25,-863.108,54.2456,9.79314,4.05308,55.0221,28.2131,74.2791,47.7508,35.0806,-9.14169,208.376,-76.31,14.61
1958-02-11 02:33:00,226.594,926.896,160.215,126.637,84.972,53.4425,44.3955,67.3717,53.2633,106.686,49.2725,307.278,316.762,-507.867,79.7925,291.322,-92.6387,-85.3555,-87.4417,-109.101,-117.418,-160.364,-142.987,207.646,376.552,52.986,5.14406,0.557225,13.9424,13.8456,25.4884,24.4184,12.166,78.0457,216.424,-24.66,-14.49
1958-02-11 02:34:00,787.586,3336.93,741.163,1381.68,208.584,135.103,117.465,180.747,158.105,325.261,171.553,1298.95,1840.98,-2137.76,-149.14,-483.748,-120.329,-81.0998,-73.0161,-120.582,-123.342,-252.894,-173.285,-1044.07,-1321.37,129.262,20.6077,6.50295,72.3049,43.6584,109.249,92.0511,54.6446,259.306,684.686,-67.74,35.16
1958-02-11 02:35:00,-108.341,350.415,170.524,-176.124,108.324,80.9118,74.9389,93.7797,79.0079,107.88,62.4954,-427.446,-676.605,-2980.68,-498.474,-956.712,-203.854,-147.516,-137.894,-202.582,-200.084,-371.592,-247.986,-970.693,-1343.41,-74.0189,0.166154,0.151891,25.7055,17.3536,33.9431,9.06998,12.9088,-133.621,-128.341,-17.83,2.17
1958-02-11 02:36:00,732.711,2688.49,505.125,831.041,168.329,107.324,91.7493,143.579,123.728,262.32,134.912,1151.43,1518.09,-269.993,144.427,648.875,-78.9572,-71.8057,-74.2257,-96.1519,-108.177,-162.425,-144.545,321.867,599.698,143.103,17.9834,4.88662,52.63,34.6668,83.7565,77.3361,42.6603,275.688,678.941,-54.86,-1.09
1958-02-11 02:37:00,398.9,1770.84,406.682,398.727,161.745,114.113,103.767,144.872,128.911,230.597,131.475,348.681,449.937,-1812.18,-174.27,-329.144,-134.189,-98.5016,-92.1326,-138.798,-142.726,-260.668,-188.731,-582.168,-662.92,50.2639,12.9332,4.3578,57.6934,33.3981,82.7879,59.1907,39.7615,58.5132,318.8,-64.3,15.8
1958-02-11 02:38:00,119.711,804.046,178.732,-45.3684,117.005,83.2622,74.9078,101.849,87.8442,141.565,82.0032,-63.1227,-219.737,-1786.93,-223.907,-353.338,-146.345,-108.51,-102.568,-148.874,-150.612,-265.852,-191.044,-449.22,-505.328,-10.841,5.68333,1.79378,33.583,21.5388,48.4561,28.4439,22.024,-30.9712,78.7908,-35.45,5.47
1958-02-11 02:39:00,130.8,980.285,207.6,89.652,124.88,91.083,82.3278,110.827,96.0094,149.298,88.3509,29.9098,-79.0564,-2194.23,-311.9,-490.214,-166.139,-121.218,-113.779,-167.202,-167.969,-304.589,-213.009,-628.426,-766.972,-24.1782,5.32472,1.86712,36.6745,23.2404,52.4594,28.1914,23.4572,-16.2365,101.73,-23.87,5.2
1958-02-11 02:40:00,-342.099,-892.617,-215.625,-819.581,39.8655,41.1564,40.9443,38.6188,33.19,-5.6741,13.0129,-878.106,-1381.02,-1717.4,-288.716,-382.776,-164.865,-120.288,-112.488,-161.403,-158.716,-269.085,-191.642,-250.193,-211.257,-111.845,-6.63488,-1.63444,5.73639,4.19553,3.12243,-22.006,-2.612,-210.421,-320.109,3.2,-18.79
1958-02-11 02:41:00,-8.9508,773.303,123.938,258.759,95.7619,65.365,55.1579,77.216,59.9591,84.217,44.106,167.581,95.241,-2736.41,-431.785,-666.165,-196.11,-140.448,-130.269,-191.985,-188.051,-346.503,-232.046,-879.215,-1101.97,-69.3314,-1.03784,-0.682082,12.4847,13.3356,20.3589,2.87231,6.95146,6.09762,33.9292,33.02,-9.86
1958-02-11 02:42:00,431.504,1713.77,268.143,462.316,126.221,88.6416,79.1848,111.426,96.4236,172.169,94.9562,676.608,909.421,-646.114,22.6519,508.368,-113.392,-98.7843,-99.8871,-129.624,-139.747,-207.299,-176.08,296.047,551.941,63.8907,9.44615,2.54274,37.4098,24.8222,57.0033,43.2473,27.2117,165.93,439.174,-16.47,-24.14
1958-02-11 02:43:00,583.129,2078.6,361.274,587.264,147.453,101.06,89.9048,131.549,116.903,223.284,125.101,782.07,1081.43,-389.18,139.915,477.387,-78.8786,-68.5744,-68.4484,-92.6613,-102.805,-150.102,-137.717,170.09,451.895,110.535,15.0291,4.56514,52.5303,31.5895,79.0477,64.9439,39.4186,185.469,532.239,-54.9,-4.01
1958-02-11 02:44:00,-87.5021,5.5879,0.166527,-377.041,84.1245,70.3185,67.4601,79.8033,71.7854,80.6502,60.006,-508.727,-779.743,-1881.13,-243.068,-508.755,-150.722,-111.025,-103.508,-151.489,-151.751,-259.084,-189.541,-520.948,-591.171,-54.2993,0.694911,0.781768,27.7529,15.5582,35.3213,8.17668,14.2331,-135.722,-114.362,-28.49,-1.63
1958-02-11 02:45:00,232.278,957.215,103.564,113.587,94.5699,65.9342,57.4031,81.3909,68.6327,115.128,64.7114,305.88,296.072,-654.633,25.1068,287.49,-102.929,-90.2886,-90.8618,-117.247,-125.361,-176.404,-155.191,178.543,376.188,28.3329,5.73805,1.25553,22.9927,17.2775,36.7121,26.1009,17.2122,76.6561,229.638,-15.68,-13.04
1958-02-11 02:46:00,571.1,1807.58,267.422,402.51,130.613,94.2839,85.9382,121.51,110.865,203.427,119.995,673.528,909.731,262.954,268.749,712.465,-48.3183,-54.4325,-58.5143,-69.9528,-84.4453,-90.1171,-112.749,512.734,881.049,118.745,14.919,4.62005,51.7591,29.7703,76.9107,62.6471,38.5421,173.186,511.67,-63.49,-4.06
1958-02-11 02:47:00,367.878,925.409,83.6163,-47.2263,94.3703,70.8521,65.6644,89.5683,83.2268,142.801,90.1592,205.15,219.033,563.674,322.829,658.105,-28.8223,-40.5793,-45.0638,-49.6678,-63.218,-41.8247,-83.2878,593.309,996.236,90.5099,11.233,3.48416,39.4694,22.0164,57.7636,45.5756,29.013,68.8127,300.138,-69.11,-1.37
1958-02-11 02:48:00,426.425,1333.79,187.316,227.146,115.255,84.1492,76.7288,107.84,98.9479,175.26,107.155,381.138,460.047,-114.563,203.632,278.181,-43.9393,-47.9192,-50.3716,-62.6258,-74.6819,-78.9258,-100.213,140.482,312.744,86.6148,13.0677,4.14848,46.6311,26.4007,68.7462,53.8769,34.4359,92.5036,342.825,-68.83,14.77
1958-02-11 02:49:00,470.136,971.73,47.4767,-101.313,86.5731,66.9424,63.0132,85.9788,82.5609,146.928,94.9386,297.318,326.035,1605.42,533.428,1088.08,23.2266,-13.7607,-24.8722,-9.0425,-29.3945,51.9792,-40.399,1114.26,1657.69,129.659,14.0067,4.22162,41.985,22.596,62.271,53.9797,32.3417,109.076,383.856,-85.55,0.73
1958-02-11 02:50:00,707.66,1885.64,251.129,427.713,124.933,87.8852,79.5047,118.812,112.349,223.381,134.843,752.798,987.895,1269.28,532.406,805.851,40.7837,7.24942,-1.14278,13.3021,-5.51096,69.7307,-19.7236,632.185,1008.54,174.109,20.7545,6.49989,59.7362,32.201,89.8831,81.3746,47.3608,195.741,573.16,-106.26,28.24
1958-02-11 02:51:00,239.292,363.918,-20.653,-317.522,76.7933,65.6247,64.3331,80.9356,80.271,120.127,88.8131,-192.327,-359.29,496.24,296.311,252.146,-0.103109,-20.2975,-25.9914,-22.9847,-37.3566,9.2243,-51.5844,349.023,511.986,61.7068,10.8812,3.88102,42.7306,20.723,59.2346,41.6515,29.7328,-31.2494,123.872,-89.58,25.84
1958-02-11 02:52:00,562.832,1214.96,71.1916,94.1981,85.513,61.5728,55.8737,83.3386,80.3055,158.586,99.7763,518.798,594.587,1913.31,607.621,1037.95,66.0081,16.8777,3.75817,31.7671,10.0743,125.27,6.20762,1045.73,1498.11,151.447,17.0449,5.00014,43.0011,23.4359,66.3371,63.4221,35.8319,157.312,449.532,-92.25,21.05
1958-02-11 02:53:00,1245.6,3581.18,573.097,1214.59,184.334,119.853,105.618,169.752,158.615,356.062,199.447,1714.4,2359.59,2215.42,774.834,1273.83,111.908,46.3447,29.6199,67.4784,37.9546,169.774,26.8718,950.636,1359.41,298.937,34.4782,10.2432,86.3207,47.8413,133.719,134.081,72.1732,427.803,1055.03,-142.1,48.47
1958-02-11 02:54:00,1685.08,4972.75,907.074,1703.39,260.554,167.485,148.352,238.624,223.329,508.747,281.753,2236.83,3134.06,2558.78,903.124,1386.11,153.778,75.1305,55.2725,102.488,66.7372,215.324,50.6639,936.261,1313.16,400.886,48.4063,14.7062,124.304,67.5404,190.259,189.544,102.438,546.996,1398.66,-207.23,79.19
1958-02-11 02:55:00,1372.18,3772.99,721.36,889.643,245.284,170.622,157.696,235.722,227.355,474.459,281.642,1258.85,1719.68,2144.92,761.279,912.891,140.998,71.1822,53.8541,94.4561,61.1422,194.545,43.1527,724.31,966.083,328.434,45.2886,14.7791,131.037,66.4622,192.674,176.302,102.114,315.093,1032.88,-240.99,98.31
1958-02-11 02:56:00,181.102,-548.959,-193.166,-1232.49,73.9418,73.6028,77.6911,91.7741,102.212,144.545,126.435,-1046,-1695.68,1823.7,510.136,300.18,102.337,53.4502,42.3138,74.5337,54.4378,186.523,53.953,746.012,982.111,71.6586,18.1119,7.23569,68.0871,27.3046,90.6407,63.2028,47.1504,-212.29,-85.6083,-187.25,79.46
1958-02-11 02:57:00,-385.566,-1614.85,-429.705,-1216.51,11.6367,24.6822,27.375,22.7644,28.7178,-14.594,28.4295,-1314.16,-2202.43,-710.486,-87.1217,-915.966,-13.5461,-15.1476,-14.8988,-20.6003,-24.3275,-3.55651,-31.2695,-500.018,-829.276,-113.747,0.640409,1.17549,17.3241,5.29376,19.5567,-5.24184,8.95899,-319.527,-522.036,-65.15,71.32
1958-02-11 02:58:00,732.703,2127.57,224.265,633.915,123.93,82.6171,71.6726,114.641,106.6,221.515,132.394,1049.93,1230.25,1235.31,390.212,660.573,68.162,17.8225,2.54744,30.5204,6.99381,100.498,-1.0563,619.609,703.282,136.429,22.6527,6.52663,54.6517,31.7399,87.1066,83.033,47.1937,263.37,607.383,-72.83,52.49
1958-02-11 02:59:00,1133.29,2525.83,285.634,420.466,146.539,111.503,106.732,154.769,158.072,314.742,205.578,1042.26,1415.22,3869.81,981.676,1809.73,196.655,102.779,79.3157,145.991,110.213,327.014,114.774,1811.39,2500.91,282.11,35.4353,11.7863,98.2763,46.815,144.058,131.719,77.6881,305.402,902.68,-176.82,53.79
1958-02-11 03:00:00,-102.643,-1967.81,-624.246,-1704.8,-32.9355,5.86157,18.3596,0.76083,23.0172,-25.0766,40.9182,-1374.47,-2107.02,3401.67,765.135,963.427,169.382,92.7277,76.664,136.202,114.503,341.648,139.683,1565.72,2172.18,34.0885,7.95421,3.92266,31.0001,5.35688,35.6617,16.9325,19.886,-257.445,-279.733,-135.57,41.52
1958-02-11 03:01:00,520.325,469.415,-209.491,-202.972,25.2898,23.459,22.3543,37.8469,46.9762,93.3382,79.3898,350.252,257.37,3619.45,901.088,1276.87,205.59,110.787,89.045,161.847,134.104,381.906,159.657,1475.43,1982.23,155.471,18.9088,5.85232,36.7835,16.2214,57.9285,60.315,34.3675,134.477,358.785,-106.93,54.61
1958-02-11 03:02:00,1050.08,2428.78,256.444,760.626,115.682,81.4749,75.3085,120.071,123.504,267.698,172.252,1216.34,1634.22,3316.92,911.181,1154.34,223.965,127.564,105.786,177.68,146.231,378.588,160.779,1085.15,1380.22,259.947,33.0954,10.5967,80.4852,38.7571,121.522,119.524,67.5401,318.61,817.199,-151.88,81
1958-02-11 03:03:00,1426.78,3539.32,510.32,1101.5,170.659,115.13,105.11,169.462,169.368,382.974,231.634,1684.66,2319.77,4076.68,1088.9,1567.49,268.336,149.549,121.281,208.394,167.988,434.215,181.62,1456.4,1844.68,355.371,44.1979,13.8124,106.438,53.0961,161.795,162.983,89.5146,439.572,1132.78,-200.36,93.64
1958-02-11 03:04:00,1243.49,2386.86,285.974,274.496,139.371,106.153,103.67,154.252,165.321,344.991,231.449,855.683,1144.29,4998.45,1242.94,1685.33,319.892,190.974,161.871,263.173,222.316,538.282,245.93,1813.08,2380.17,340.587,43.6039,14.7434,114.43,51.1113,166.631,157.793,91.8829,262.708,884.261,-251.91,107.32
1958-02-11 03:05:00,-63.6279,-1240.46,-346.256,-1138.79,18.4673,35.5598,42.9688,44.0567,61.684,59.0467,87.6692,-1243.66,-1960.07,1174.05,304.371,-624.51,150.81,99.8206,91.2991,132.383,118.866,271.724,133.663,-128.883,-430.811,-7.92431,13.8586,6.29473,52.8427,16.7632,67.5299,40.403,36.3373,-289.733,-335.688,-154.74,117.32
1958-02-11 03:06:00,12.8114,-963.007,-414.808,-884.576,-11.0465,8.34786,13.4815,10.2403,24.661,7.40845,45.4988,-646.79,-1209.31,2168.98,422.999,232.467,160.64,87.872,69.9825,127.329,106.779,295.673,130.248,767.458,730.423,3.55449,10.4063,3.91512,25.8249,7.55014,35.8368,24.5807,21.163,-120.02,-151.379,-86.92,77.27
1958-02-11 03:07:00,806.923,1384.63,-0.0477789,219.43,60.5223,48.9107,47.5924,75.641,86.8179,178.442,133.755,752.992,903.83,4005.74,896.382,1321.39,261.765,155.048,130.19,216.979,185.87,454.121,214.055,1491.33,1864.22,200.368,28.0913,9.32947,65.0298,28.3907,97.8158,94.7221,55.8224,227.353,595.743,-132.23,78.95
1958-02-11 03:08:00,178.596,-397.046,-244.339,-531.118,16.7273,30.8825,37.1527,41.4794,58.353,69.1834,87.839,-494.324,-793.621,1895.65,408.817,-17.3668,178.451,114.581,101.908,155.164,138.094,316.432,158.185,324.014,205.063,37.783,15.672,6.52171,50.8269,16.9377,67.7088,47.1944,37.3262,-101.374,-26.0638,-114.96,89.7
1958-02-11 03:09:00,71.2681,-604.512,-318.754,-530.159,-8.55718,7.70985,12.4048,11.1832,25.0506,14.3262,47.1141,-394.99,-731.336,1869.54,345.583,122.464,159.697,93.6955,78.3773,132.184,114.653,287.988,137.654,519.713,412.25,7.32189,10.6891,4.0902,26.89,7.98541,37.3256,26.3664,22.0197,-71.42,-68.3519,-68.85,70.77
1958-02-11 03:10:00,984.837,2165.01,187.244,695.688,83.6473,59.3148,55.0123,92.6241,100.013,222.568,150.604,1213.99,1623.99,3848,852.063,1352.95,263.083,155.689,129.916,216.953,184.845,441.456,210.769,1393.22,1703.29,231.55,31.4686,10.0907,70.5673,32.9206,108.316,108.824,61.7093,329.39,785.457,-123.4,75.98
1958-02-11 03:11:00,427.366,477.837,-28.6471,-132.899,52.686,53.114,57.0143,74.1539,88.8315,142.931,126.451,-88.6974,-148.663,2022.05,435.113,106.622,195.729,128.053,114.374,170.902,151.662,329.114,169.046,328.056,215.511,90.981,22.0585,8.60615,68.6019,26.2504,94.3392,73.2884,51.5128,-8.27203,199.046,-133.45,94.87
1958-02-11 03:12:00,5.35765,-1096.06,-411.243,-885.554,-30.0864,-3.15944,5.13319,-3.9556,14.8148,-12.3738,38.2671,-693.455,-1136.2,2597.66,451.406,402.67,192.111,114.434,96.3499,162.11,142.477,349.361,173.135,916.279,983.271,10.6867,10.0522,4.10465,25.4228,5.07897,33.212,21.8395,20.2064,-125.245,-144.232,-84.31,65.28
1958-02-11 03:13:00,655.239,1322.37,72.4249,419.187,56.2742,43.4317,41.3873,68.2688,77.8532,157.651,120.259,684.82,864.292,2582.1,548.086,551.549,220.938,141.274,123.58,191.734,169.859,370.528,192.784,623.312,634.459,138.409,24.4461,8.42035,58.8692,25.4686,88.1901,81.3969,50.2023,179.837,465.979,-102.06,87.2
1958-02-11 03:14:00,6.63506,-635.89,-233.571,-522.077,3.27559,21.9712,29.2659,27.3291,43.3356,30.9671,64.8623,-623.325,-940.568,991.548,122.173,-384.018,136.773,89.6894,79.6828,120.144,107.783,233.49,124.158,-22.3464,-342.566,-23.9315,10.6583,4.94892,39.9048,11.8374,51.0634,27.9759,27.8407,-143.663,-150.415,-77.37,79.68
1958-02-11 03:15:00,37.285,-848.78,-367.153,-653.384,-33.0552,-6.91859,0.439752,-7.94187,10.0098,-18.8726,32.6794,-457.968,-772.751,2454.83,386.687,445.917,183.282,113.27,96.7617,159.058,142.063,331.333,172.074,870.303,946.233,5.89221,8.97315,3.79434,21.9733,3.89998,29.2709,18.2786,18.1728,-72.9703,-77.225,-59.11,55.4
1958-02-11 03:16:00,364.578,476.562,-84.0844,115.435,14.4696,17.3946,19.0436,29.6706,41.4345,70.3049,72.3118,296.017,343.583,2138.86,388.275,390.794,187.117,118.558,103.238,162.61,145.113,319.766,169.331,544.856,528.661,68.3486,15.9977,5.71667,37.4598,14.069,55.0965,47.8255,32.2085,87.8555,236.618,-62.61,65.35
1958-02-11 03:17:00,537.75,1187.36,117.317,419.941,57.5907,47.7531,47.5189,70.6133,80.0099,147.313,116.34,502.906,704.879,1690.64,316.738,183.143,177.926,117.081,103.239,156.154,138.662,285.96,154.552,240.326,87.9181,96.5419,21.427,7.81138,58.9464,24.7477,85.2781,71.5636,47.3567,124.077,372.25,-86.65,78.85
1958-02-11 03:18:00,-323.759,-1622.39,-403.398,-928.265,-40.4748,-5.4346,5.38998,-12.9769,5.65819,-60.7978,15.9513,-1126.3,-1642.54,478.959,-61.6107,-612.287,100.03,70.243,64.2993,93.5707,87.9003,178.978,105.242,-159.694,-504.122,-102.273,1.71623,2.27197,18.4481,0.0786473,17.679,-7.38208,9.67484,-263.973,-428.079,-42.68,61.64
1958-02-11 03:19:00,295.648,321.462,-118.22,43.0939,0.369322,5.58019,6.73779,13.5466,23.9079,38.698,49.8808,300.961,318.027,2193.4,342.232,578.739,170.529,103.971,87.2474,145.676,128.338,291.52,153.215,770.676,838.93,50.5672,12.7621,4.328,24.5977,9.12648,38.4443,34.9406,23.5958,97.286,211.258,-37.02,47.37
1958-02-11 03:20:00,516.235,1124.5,110.27,400.399,49.7638,42.7073,43.3173,63.414,73.4447,132.833,107.991,500.755,728.049,1750.74,310.837,302.361,172.603,115.208,102.513,153.399,137.365,277.559,153.527,327.724,273.028,93.6768,19.9205,7.3831,55.6137,22.7228,79.7842,65.9994,44.3394,126.795,371.915,-77.35,66.97
1958-02-11 03:21:00,-127.556,-985.701,-275.482,-628.668,-21.7469,4.08916,12.5712,2.7086,19.4093,-18.9481,35.0869,-743.389,-1072.36,841.381,31.6692,-324.092,116.354,80.97,73.349,107.944,100.116,199.931,117.529,13.5183,-207.209,-53.3576,5.58838,3.35236,25.8909,4.80726,30.6029,8.45155,16.9669,-169.859,-234.446,-49.36,57.53
1958-02-11 03:22:00,-388.087,-1803.32,-482.678,-905.093,-71.7167,-31.2828,-21.06,-46.0174,-27.8668,-117.675,-22.2856,-982.739,-1479.64,767.943,-33.3055,-317.817,97.0877,67.1791,60.568,92.427,88.3124,183.129,111.019,101.526,-77.0791,-113.338,-2.93296,0.325014,-2.34472,-8.77946,-9.32587,-26.4675,-3.74816,-221.475,-430.587,-3.43,39.07
1958-02-11 03:23:00,249.399,536.145,-27.7623,326.15,7.30079,9.40768,9.61824,17.5264,25.338,37.1903,46.3435,411.183,540.182,1080.15,115.424,124.923,122.293,80.4992,70.1515,109.106,98.6561,199.425,115.114,169.479,42.0291,19.7114,10.1499,3.71131,22.9476,8.80444,35.1717,27.5571,20.8915,100.454,195.019,-10.82,43.56
1958-02-11 03:24:00,71.4262,-111.53,-96.5423,-78.9446,0.0461279,14.1022,19.5124,18.4102,30.8663,19.316,47.9693,-165.211,-186.929,691.533,15.5258,-164.363,103.002,73.08,66.3217,96.1346,88.8354,167.071,101.677,-20.1153,-209.893,-17.7094,7.68343,3.76324,29.5568,8.54939,38.1702,19.0487,20.9628,-38.5989,-2.19378,-29.58,44.04
1958-02-11 03:25:00,-145.364,-878.591,-266.841,-445.948,-36.7485,-11.2099,-4.21675,-16.8279,-2.89696,-52.1867,7.13254,-494.796,-712.319,778.135,-2.70641,-120.5,93.5525,64.0089,56.9198,87.0817,81.2158,162.939,98.6583,136.465,15.3081,-59.1464,1.76186,1.62704,9.54873,-1.1943,9.77496,-5.64203,6.27936,-108.374,-186.024,-8.91,31.75
1958-02-11 03:26:00,41.707,-331.257,-184.05,-169.818,-26.367,-7.86041,-2.69895,-9.12516,3.5987,-22.9303,18.8841,-100.709,-149.63,1337.24,139.904,229.87,119.074,79.0538,69.5368,108.531,99.7778,205.748,119.994,395.621,414.408,-9.1037,5.13607,2.43339,13.5159,1.67235,17.7878,7.52752,11.2796,-8.54195,0.967044,-12.65,28.09
1958-02-11 03:27:00,267.955,691.775,71.4389,383.68,23.5455,21.9974,22.4521,33.3534,40.6477,63.4669,61.8857,352.988,535.765,623.108,44.6471,-80.8903,103.3,74.2443,67.6179,96.6867,89.3071,158.609,99.8331,-111.137,-288.398,25.6532,11.0377,4.36656,32.0649,12.5569,46.1375,33.473,25.858,76.8074,197.465,-25.53,44.96
1958-02-11 03:28:00,-443.244,-1735.3,-380.967,-841.303,-59.3654,-19.3803,-7.87145,-33.7325,-16.742,-108.247,-16.84,-1092.16,-1517.98,-129.952,-219.979,-622.887,45.6255,38.425,37.0502,49.7069,50.4779,83.4319,62.9459,-277.637,-557.613,-132.753,-5.01715,0.0805524,2.34701,-7.11853,-5.98755,-30.6892,-3.62515,-260.481,-469.954,1.12,27.83
1958-02-11 03:29:00,-133.718,-692.737,-245.075,-240.202,-46.1396,-23.8055,-19.2349,-31.6727,-20.843,-73.2304,-14.0475,-218.688,-350.535,709.665,-16.6293,9.16201,77.8945,53.8006,47.3868,74.3604,70.5743,138.053,88.2989,175.925,117.617,-57.4835,-0.736769,0.34866,-3.91564,-5.63609,-6.30094,-14.6742,-1.66915,-43.6506,-128.758,21.82,16.86
1958-02-11 03:30:00,-164.139,-558.879,-154.52,-118.461,-26.735,-5.87679,-0.107107,-10.9402,-0.336998,-48.9607,4.09534,-315.498,-395.567,-314.631,-210.471,-508.233,39.3352,35.7967,35.3238,44.3709,45.372,61.1354,53.1345,-418.628,-703.016,-80.9485,-0.859166,0.937709,7.81962,-1.23973,6.49542,-12.1355,3.47248,-87.6817,-170.659,17.72,24.24
1958-02-11 03:31:00,96.1052,194.642,-33.3095,181.565,-7.51007,0.0680242,1.90291,1.66682,8.35543,-2.99394,19.199,207.264,324.787,610.556,-4.75191,122.572,70.6199,46.8039,39.763,63.9113,57.8331,110.328,69.0351,157.013,102.227,-8.36991,4.1985,1.77518,10.3292,2.8631,15.3719,7.20849,9.46287,53.266,94.2352,11.76,13.63
1958-02-11 03:32:00,-397.174,-1605.08,-354.553,-754.373,-62.9847,-21.1882,-9.29957,-36.0049,-18.4175,-111.292,-18.9312,-972.41,-1295.06,61.9571,-163.974,-407.334,42.4614,40.0823,40.3649,51.0365,53.5251,81.7066,65.6395,-148.886,-276.284,-114.439,-5.76617,0.0151668,2.01077,-7.67446,-6.88573,-31.8563,-4.26926,-228.309,-404.614,5.91,13.35
1958-02-11 03:33:00,-635.668,-2229.59,-530.738,-865.208,-112.401,-64.152,-53.9194,-92.2976,-77.9525,-213.32,-90.1551,-994.658,-1444.39,-90.4891,-228.71,-373.035,17.4169,14.6383,13.5887,23.2401,27.5279,52.889,45.8319,-56.9123,-176.694,-167.563,-14.6397,-3.99075,-37.6467,-23.7445,-58.8288,-68.7975,-30.4294,-230.028,-558.198,68.36,-9.11
1958-02-11 03:34:00,126.017,120.751,-90.9681,205.449,-31.1404,-13.5859,-9.5324,-16.2091,-5.91297,-32.8284,4.9231,316.005,520.257,1272.27,153.748,489.139,92.4731,62.661,55.029,86.7112,80.5124,161.052,97.897,482.189,635.345,14.4119,2.4766,1.40775,5.11482,-1.04324,7.23507,0.818413,5.46229,90.1333,147.077,19.33,-1.73
1958-02-11 03:35:00,-174.897,-652.66,-167.062,-97.1174,-45.9995,-22.9088,-16.9358,-32.2147,-21.9658,-78.0818,-19.9363,-247.555,-254.934,43.2516,-101.949,-257.435,43.9831,36.5338,35.5347,47.9431,49.1306,77.7792,61.2243,-206.929,-340.45,-59.4409,-3.24436,-0.24094,-4.83158,-6.78033,-10.406,-20.8244,-4.79498,-64.3333,-153.637,26.61,5.35
1958-02-11 03:36:00,40.6486,-110.527,-76.9317,39.4029,-27.0464,-9.12427,-4.1193,-12.1956,-2.08748,-30.9642,6.28876,45.6536,158.25,851.697,71.4216,224.502,74.004,50.6287,44.3781,69.4371,64.4211,124.753,78.2405,274.414,315.079,-0.912073,1.68057,1.26868,6.81722,-0.626133,7.92346,-1.25351,5.20541,20.545,43.4186,5.87,3.1
1958-02-11 03:37:00,-129.817,-627.172,-162.054,-161.979,-46.1297,-24.1144,-18.3411,-32.6199,-22.0082,-71.4586,-17.5797,-232.867,-260.781,479.072,-5.74815,-51.2445,60.6174,46.5677,43.8651,62.5068,62.0657,108.279,76.8629,24.0556,-6.08344,-36.8374,-2.02304,0.0531934,-4.02884,-6.33734,-8.51079,-16.2909,-3.36223,-52.4801,-121.847,13.66,5.69
1958-02-11 03:38:00,38.5656,33.5945,-14.5073,130.42,-14.7839,-1.9744,1.72283,-2.69661,5.42315,-14.7712,13.2089,61.973,170.929,309.229,-23.8143,-55.7914,54.769,41.0695,37.4821,53.9458,51.3576,84.9465,60.4474,-50.9742,-140.508,-8.5062,1.98572,1.41359,9.68317,1.32189,12.0387,1.29919,7.00073,12.3288,30.5956,3.67,11.64
1958-02-11 03:39:00,-278.06,-1317.01,-313.301,-584.365,-74.9605,-38.9123,-29.3394,-55.0675,-40.3747,-120.406,-39.9827,-604.671,-803.433,925.193,55.0277,142.041,67.2645,47.5492,43.0742,66.8498,65.4013,130.471,85.0826,364.473,465.149,-56.4331,-5.61567,-0.957949,-12.5047,-12.1618,-22.8414,-31.3268,-11.0437,-125.175,-260.64,12.63,-4.79
1958-02-11 03:40:00,109.693,85.8869,-42.9602,152.419,-26.3158,-12.9429,-9.69947,-14.4581,-5.42672,-22.8184,5.76919,214.739,361.24,1061.76,151.094,305.729,88.2625,61.712,55.5554,84.0373,79.2953,150.641,95.5889,295.579,386.506,24.3509,2.84688,1.4174,5.10649,-0.677269,7.4461,3.45522,5.67677,60.0704,103.053,0.73,7.37
1958-02-11 03:41:00,-339.838,-1232.35,-247.021,-420.717,-64.0266,-31.9872,-23.3741,-46.6646,-33.9109,-111.999,-36.0419,-637.32,-828.735,-180.957,-150.199,-473.352,31.2291,32.1283,33.476,40.7506,45.2712,60.7669,57.5823,-331.963,-519.394,-87.7687,-6.75106,-1.05068,-10.1502,-10.9076,-20.6254,-33.6593,-10.6788,-158.246,-329.668,19.17,9
1958-02-11 03:42:00,-113.066,-381.929,-102.716,2.43336,-39.9106,-21.4534,-17.428,-29.4132,-21.954,-66.7392,-21.0183,-61.2963,-46.3783,107.561,-86.162,-119.264,34.7076,25.859,22.9858,35.353,35.0781,56.7325,45.6966,-62.6897,-178.676,-41.7952,-3.0723,-0.541617,-8.00965,-6.50935,-12.4924,-18.5265,-5.76878,-16.3502,-84.5459,29.89,1.37
1958-02-11 03:43:00,-18.7672,-651.014,-210.969,-311.193,-61.7117,-32.1017,-23.8109,-42.4486,-28.0115,-77.6716,-20.0796,-154.21,-141.694,1926.71,292.413,729.607,108.337,70.6674,61.6408,100.336,93.4981,200.207,117.631,881.983,1217.82,19.0827,-0.675881,0.398955,-4.18056,-7.52808,-8.6692,-11.5526,-2.71084,-2.93164,-9.47719,-2.49,-11.78
1958-02-11 03:44:00,100.473,70.6452,-23.1169,183.011,-28.0104,-16.1657,-13.0777,-17.7316,-8.89259,-23.11,2.79992,197.95,353.16,939.08,154.306,182.792,89.5109,66.0311,61.7353,88.3152,85.5568,153.474,102.334,137.817,190.383,29.4222,2.69964,1.35247,3.93955,-1.38873,5.58188,3.56715,4.87277,50.4263,84.4032,-4.59,11.48
1958-02-11 03:45:00,-199.677,-651.257,-104.439,-124.301,-39.7427,-18.9404,-12.9758,-27.3169,-17.8805,-66.7337,-16.9647,-346.263,-412.509,-365.262,-159.49,-526.834,27.8247,29.626,30.7957,36.1936,39.9491,44.265,48.6449,-463.071,-728.03,-58.5651,-3.56148,-0.221112,-2.9034,-5.91828,-8.47714,-19.4545,-4.21098,-96.3649,-203.707,11.7,15.73
1958-02-11 03:46:00,36.8475,257.075,62.6892,316.277,-9.91988,-6.72898,-6.113,-7.04682,-3.86115,-12.8711,1.05712,239.869,379.514,-153.917,-111.82,-210.626,29.125,24.2614,22.3295,30.787,30.8741,35.0951,36.9061,-251.474,-450.76,-11.2434,0.764135,0.441015,0.381492,-0.715027,1.48776,-1.7713,1.77422,45.7286,46.1475,19.76,10.46
1958-02-11 03:47:00,285.944,691.119,127.738,313.73,8.66808,9.82124,11.6755,16.483,22.7544,43.1875,37.8553,412.936,673.38,1160.37,178.313,471.801,84.3928,57.3659,50.255,77.1874,70.1079,129.784,80.7316,432.227,562.566,67.8842,7.51898,2.86559,20.0499,7.31826,28.8277,24.4076,16.5616,110.51,255.434,-23.12,7.39
1958-02-11 03:48:00,-133.495,-951.66,-208.88,-535.526,-53.4827,-24.3386,-15.6058,-34.1037,-19.7588,-70.4688,-13.5471,-511.474,-668.357,1246.51,161.677,285.347,84.1792,60.3229,55.52,82.4179,79.4504,152.755,98.0304,472.159,656.022,-9.68405,-1.30957,0.5576,0.641831,-5.97978,-4.10175,-12.6359,-1.12223,-99.8611,-158.345,-21.31,3.54
1958-02-11 03:49:00,-393.757,-1950.67,-462.167,-940.168,-109.687,-61.0807,-48.8614,-84.6212,-65.8295,-170.556,-66.813,-881.054,-1253.11,1529.45,193.164,321.351,91.1523,63.7023,58.2999,90.6024,89.4748,185.739,117.653,639.667,886.667,-58.213,-8.75927,-1.91734,-23.8301,-19.1475,-39.8016,-44.3056,-19.3829,-178.4,-382.017,5.27,-6.47
1958-02-11 03:50:00,-64.0727,-450.172,-152.41,13.3426,-60.0212,-39.7871,-35.6928,-49.657,-40.0246,-83.2421,-34.2226,44.8853,68.1579,864.408,123.883,106.498,81.1755,59.8712,56.0687,81.8052,81.4349,148.606,102.346,129.218,151.356,-5.74369,-2.46055,-0.553842,-14.3925,-10.1524,-20.1673,-17.3011,-8.33519,15.0339,-51.3527,19.61,6.89
1958-02-11 03:51:00,320.376,1048.12,206.741,704.618,13.427,7.22159,6.40656,15.7378,18.9729,50.3585,34.3779,694.878,1072.23,499.079,89.8875,57.6997,75.3052,55.6103,51.0849,72.261,68.4063,109.367,77.6912,-100.535,-222.446,65.4497,7.51645,2.61503,16.2597,6.93303,25.521,25.33,15.2059,155.545,292.056,-7.76,20.56
1958-02-11 03:52:00,17.1927,-64.3378,23.6829,35.7648,-13.5711,-2.98967,1.38584,-3.37246,4.80168,-6.3407,13.239,-81.1733,-23.8409,248.854,-15.8887,-180.402,54.6929,45.4219,43.6996,57.6265,57.338,82.1504,66.2961,-142.483,-283.539,1.64391,2.15202,1.5063,10.8195,1.28087,12.4289,3.96543,7.23289,-23.8371,-17.8373,-16.26,18.77
1958-02-11 03:53:00,-336.547,-1360.61,-267.726,-611.054,-70.3641,-37.2044,-28.3554,-53.0933,-40.2097,-115.412,-42.3503,-705.89,-981.94,351.962,-56.0646,-177.169,41.8566,34.9476,33.6211,47.0179,49.3616,79.7065,64.6723,56.8429,3.1813,-71.2683,-6.85761,-1.31362,-13.8765,-12.3855,-25.1007,-33.4104,-12.661,-159.674,-331.707,8.92,4.08
1958-02-11 03:54:00,-316.477,-1318.56,-301.805,-507.176,-84.2294,-50.0031,-41.8829,-68.2171,-55.4585,-136.225,-57.6478,-523.088,-746.277,651.325,11.6221,10.0777,53.151,42.2334,40.2538,58.2944,60.7942,106.235,80.4278,198.312,235.17,-63.6138,-7.98184,-1.94467,-22.6005,-15.9937,-35.7065,-38.5288,-17.5223,-112.585,-287.157,26.1,-3.22
1958-02-11 03:55:00,63.5117,268.259,40.2533,375.728,-22.46,-17.649,-16.9571,-19.6148,-15.6398,-25.458,-9.57295,355.357,535.628,191.705,-18.0465,-54.643,46.1963,37.3403,35.5283,48.6667,49.4173,70.2387,60.0337,-137.67,-245.762,4.79688,0.258361,0.162162,-4.84909,-3.39145,-5.25588,-3.44207,-1.14274,76.3755,80.2617,24,7.25
1958-02-11 03:56:00,338.882,944.88,187.75,510.284,12.8716,9.01849,9.50714,17.3219,21.8042,54.4868,37.7697,594.35,937.834,1042.5,178.374,410.856,83.8757,58.4437,52.0283,77.7854,71.7029,125.607,82.1142,312.565,386.142,81.0636,8.07647,2.8495,18.8103,7.56471,28.2985,27.9491,16.5834,147.687,309.612,-19.64,9.63
1958-02-11 03:57:00,-114.294,-529.448,-65.8884,-201.054,-31.3537,-15.2899,-9.85147,-20.5244,-11.1912,-40.6654,-5.96679,-328.717,-401.251,179.041,-37.9852,-240.927,46.6233,43.541,44.0644,54.4842,57.3132,75.3854,67.6128,-171.999,-270.613,-22.9463,-0.970895,0.563825,2.42174,-3.41399,-0.48658,-8.24392,0.430728,-81.649,-141.614,-11.61,15.71
1958-02-11 03:58:00,-345.118,-911.75,-126.251,-252.682,-44.0453,-24.9062,-20.2982,-36.4666,-30.251,-88.2831,-36.3736,-504.874,-714.33,-1056.38,-331.885,-782.412,-17.371,1.3536,6.00998,-3.16787,5.26544,-37.4882,8.49956,-687.595,-1051.14,-101.888,-7.54004,-1.71312,-13.9722,-9.84874,-23.6377,-32.9009,-12.6552,-140.962,-327.108,30.97,12.96
1958-02-11 03:59:00,-159.998,-545.34,-112.161,-152.499,-44.4203,-26.7227,-22.3992,-36.5175,-29.8038,-74.0914,-31.2818,-167.942,-232.959,167.31,-87.9002,-19.4008,21.274,19.3173,17.9903,25.8858,28.0207,33.8691,37.6638,71.1895,37.1565,-44.256,-4.71297,-1.16233,-12.878,-8.76293,-19.8825,-22.739,-9.73456,-35.87,-125.598,29.03,-5.37
1958-02-11 04:00:00,63.6356,177.288,35.3116,195.278,-16.204,-10.5043,-8.82398,-11.6084,-6.87419,-14.3274,-0.790974,211.11,343.057,387.148,8.48211,117.309,41.0171,34.4834,33.0034,44.4375,44.9399,60.7698,53.2811,66.7335,88.2575,9.64299,0.759414,0.560226,0.723176,-1.41547,1.15319,-0.352811,1.73476,50.8302,73.5256,10.82,0.93
1958-02-11 04:01:00,-148.891,-372.94,-30.6484,-37.1941,-25.9733,-14.2909,-10.7647,-20.0884,-14.6543,-45.7447,-15.0876,-195.688,-225.341,-483.875,-183.525,-395.227,3.71423,14.6918,17.7631,15.0233,20.7241,-3.20278,24.4243,-393.488,-570.663,-47.7494,-3.40603,-0.45663,-4.14983,-4.79086,-8.73996,-15.8379,-4.45817,-59.3022,-137.561,17.36,6.03
1958-02-11 04:02:00,-83.2954,-34.163,35.3385,136.609,-13.2627,-8.74564,-7.6582,-11.883,-9.87699,-27.8322,-10.8371,20.5944,54.3342,-616.856,-214.3,-344.175,-9.20429,2.27477,4.38448,-0.718146,3.8397,-31.7329,4.47392,-375.873,-571.253,-40.1522,-2.56658,-0.533487,-4.79802,-3.19743,-7.40145,-11.8578,-3.69698,-9.09149,-59.0354,26.95,2.69
1958-02-11 04:03:00,29.5054,-24.484,-1.37526,-2.88839,-18.4925,-9.77724,-6.76486,-12.3086,-6.77385,-19.3697,-2.30357,52.6815,116.807,600.63,39.9007,273.468,37.229,28.9384,26.3461,38.4799,37.6933,55.9655,45.6594,290.417,406.568,8.61776,0.152597,0.401988,0.787966,-1.82771,0.153316,-2.4306,0.906596,22.7435,40.0954,4.23,-6.36
1958-02-11 04:04:00,124.347,393.675,94.5527,250.703,-0.463522,-2.33116,-2.32801,0.272783,2.84018,12.9952,10.7054,277.431,425.78,334.466,28.4422,118.73,37.6408,31.9345,30.8766,40.3278,40.5146,50.6638,46.254,27.8121,66.3123,27.1016,2.73969,1.04279,5.14914,1.59879,8.33601,8.2104,5.57026,64.5983,118.647,-1.2,4.5
1958-02-11 04:05:00,88.7957,311.429,103.379,173.648,6.65534,6.09418,7.1521,9.52461,12.8224,22.1109,19.9398,123.75,222.552,13.103,-39.9719,-84.1929,25.3887,25.8127,25.9855,30.3687,31.4755,25.6269,33.6882,-145.271,-201.456,13.7446,2.83593,1.40807,11.2086,3.69021,15.0469,9.45136,8.38913,23.0209,67.0757,-10.52,11.2
1958-02-11 04:06:00,-132.058,-265.872,1.59406,-49.2745,-12.6519,-7.69266,-5.97439,-11.0605,-8.29881,-27.3278,-8.92051,-185.539,-257.404,-641.895,-203.488,-426.822,-9.37037,4.3909,7.78035,1.01832,6.61513,-30.4117,6.80205,-425.232,-612.422,-45.1382,-2.49235,-0.378853,-2.76795,-2.91229,-5.71334,-11.5872,-2.92505,-58.1428,-129.568,11.7,9.21
1958-02-11 04:07:00,222.112,916.623,219.826,480.561,30.7622,17.0842,14.1751,26.2744,24.5955,60.1966,33.2269,490.482,705.882,-152.864,-70.5062,-20.7981,12.545,14.8745,14.4144,15.6271,15.7694,-6.1471,13.4864,-162.927,-241.01,32.4658,5.2969,1.77286,13.92,7.60105,22.2092,20.0686,12.3648,106.413,209.602,-1.78,10.73
1958-02-11 04:08:00,-104.453,-192.441,30.0426,-98.1994,1.02215,5.29601,7.68846,4.64593,7.9033,-4.48524,8.10679,-252.661,-327.449,-706.16,-219.639,-420.929,-17.094,0.85249,5.17968,-5.36303,0.237926,-47.909,-3.56182,-418.863,-582.235,-42.5076,-1.1291,0.407409,6.95995,1.03654,6.4162,-5.10302,2.7574,-73.2906,-115.173,-0.79,9.93
1958-02-11 04:09:00,-306.882,-1023.42,-188.209,-505.309,-43.9732,-23.9519,-18.8472,-36.0344,-29.6488,-85.8599,-36.0359,-560.858,-823.717,-224.429,-160.423,-173.331,-12.6155,-1.36855,0.667968,-3.3653,1.78126,-22.8057,5.76142,-32.0622,-37.4469,-77.1516,-7.17539,-1.74849,-14.0721,-9.74092,-23.6712,-30.9794,-12.6383,-129.705,-277.762,21.88,-7.24
1958-02-11 04:10:00,-157.225,-388.89,-73.0421,-82.5243,-26.9949,-17.906,-16.1656,-24.791,-21.7999,-54.2555,-24.9262,-129.009,-203.793,-380.35,-153.41,-190.302,-12.0994,1.32318,4.56527,-1.41143,4.52838,-26.8008,6.58648,-203.632,-247.09,-50.3181,-4.72951,-1.21839,-11.177,-6.66736,-16.9247,-20.5003,-8.64352,-37.046,-122.405,30.46,-4.36
1958-02-11 04:11:00,227.965,832.766,163.611,447.295,18.9924,9.26778,7.09684,15.6961,14.6908,42.069,21.9262,539.415,786.439,280.9,29.799,277.656,19.7006,15.0535,12.9364,18.7576,17.1103,13.3964,17.7589,136.387,216.259,42.5554,4.16133,1.22592,8.24839,4.89732,14.4127,15.3448,8.49482,128.624,238.575,6.89,-3.72
1958-02-11 04:12:00,309.607,840.207,172.571,320.177,26.0622,16.7708,16.0591,26.4818,28.5025,68.4347,42.256,443.069,683.241,899.258,182.592,472.877,54.772,40.7039,37.4419,52.4569,48.6773,75.9304,52.6213,354.063,561.349,78.6765,7.77769,2.72765,20.4919,9.05001,30.2719,29,17.0675,114.544,276.007,-29.64,3.96
1958-02-11 04:13:00,44.1519,45.8711,38.7526,-41.868,3.77382,4.63509,6.09562,6.96884,10.7036,16.3624,17.3408,-58.7617,-65.8598,193.781,19.8928,-13.2612,26.3459,25.2195,25.472,30.2079,31.0393,31.8723,33.6404,-29.909,-2.06826,12.9487,2.4987,1.28227,10.2966,3.00228,13.2712,7.95696,7.46008,-14.5648,11.1719,-21.77,11.21
1958-02-11 04:14:00,-116.679,-246.594,-6.15856,-80.5428,-5.53724,-3.01155,-1.9768,-4.72671,-2.51477,-15.5968,-2.22823,-204.844,-312.191,-653.826,-176.015,-445.946,-11.8383,3.9527,8.10664,-0.445319,5.54507,-34.0029,4.11016,-453.239,-627.376,-40.6978,-1.66747,-0.0638234,0.321485,-1.27788,-1.20321,-7.85482,-0.639369,-63.5957,-128.029,3,14.35
1958-02-11 04:15:00,95.8215,546.325,140.993,291.256,23.4063,13.5061,11.2893,19.1743,17.1959,37.1456,20.7763,262.838,353.061,-496.551,-138.387,-185.784,-11.835,-2.60579,-1.42668,-7.70927,-5.85038,-45.5544,-10.8477,-272.334,-403.533,-0.00329159,2.4368,0.85819,8.19947,4.82375,13.0104,9.26877,7.00166,50.2257,92.1915,5.58,9.21
1958-02-11 04:16:00,153.702,229.402,32.1397,-44.1808,5.32096,6.14167,7.80927,9.71391,14.1206,27.2905,23.5236,103.341,156.252,1011.4,169.663,504.643,48.4803,34.7966,31.0824,46.2025,42.745,72.7259,48.5809,517.121,767.209,44.9778,4.36777,1.75125,12.8445,4.33987,17.7759,14.7307,10.2315,42.6827,129.552,-24.73,-0.58
1958-02-11 04:17:00,-70.9496,-213.944,-18.3001,-104.912,-4.8743,-1.93731,-0.733623,-2.68957,0.448326,-8.72621,3.13569,-180.267,-269.762,-293.949,-88.303,-266.577,3.49875,13.8851,17.3211,13.29,18.0419,-4.82699,18.5186,-285.375,-350.473,-23.7542,-0.430382,0.387967,3.32044,-0.214651,3.05301,-3.3357,1.81973,-51.7958,-89.2996,-5.52,12.83
1958-02-11 04:18:00,-317.295,-767.142,-106.478,-281.262,-21.7873,-10.7653,-7.94085,-18.8015,-16.0522,-59.3932,-23.9289,-501.994,-739.295,-1297.73,-341.044,-742.098,-50.5017,-20.4785,-13.3595,-33.9493,-24.1369,-97.429,-29.2523,-687.576,-979.136,-99.5974,-6.85327,-1.5372,-8.97988,-6.30067,-16.5599,-27.5204,-9.64439,-140.301,-299.835,25.94,8.48
1958-02-11 04:19:00,-1.46346,385.058,99.3522,306.148,13.4699,4.24414,1.27981,6.24719,2.477,8.09613,0.72793,249.163,318.22,-920.312,-242.614,-315.775,-40.1972,-20.0127,-16.4538,-31.4168,-26.1928,-91.2713,-33.403,-418.75,-602.342,-32.4378,-1.08599,-0.456333,-2.71433,0.477859,-1.90701,-4.04716,-1.00477,41.7121,30.9865,33.2,0.75
1958-02-11 04:20:00,287.424,1053.16,229.014,447.897,45.2752,29.5204,26.7804,41.4978,39.3892,84.6591,48.466,508.557,760.431,68.552,-5.76075,215.853,4.75426,7.91966,7.56374,6.33103,5.1964,-19.6773,-1.04058,63.2655,124.11,48.9547,6.7741,2.39075,21.8993,11.3107,32.5759,27.4011,17.2517,118.866,274.654,-11.04,1.73
1958-02-11 04:21:00,-314.243,-1122.21,-199.31,-632.911,-34.0238,-14.1551,-8.17037,-24.496,-17.4288,-69.7629,-23.3244,-731.536,-1029.74,-278.882,-137.472,-212.162,-20.0814,-3.74969,0.548006,-8.54929,-2.35779,-34.4748,-1.97715,-70.7678,-39.0231,-74.4566,-6.32107,-1.14456,-6.04254,-6.85876,-14.4227,-26.3607,-8.39623,-170.24,-305.103,3.55,-5.59
1958-02-11 04:22:00,-544.453,-1882.27,-402.581,-880.757,-81.2259,-46.3374,-38.5341,-68.7946,-59.7298,-159.845,-74.1163,-951.108,-1405.61,-285.756,-167.43,-230.309,-30.1252,-12.5481,-8.21012,-17.0337,-8.51891,-35.2003,-2.12091,-4.56864,41.827,-125.748,-13.7626,-3.75711,-30.9129,-18.9982,-49.4934,-57.1331,-26.5225,-218.125,-484.603,41.6,-18.25
1958-02-11 04:23:00,-247.376,-810.62,-218.614,-240.568,-55.6937,-36.9186,-33.7314,-50.9289,-46.4771,-104.951,-54.2036,-209.102,-330.069,32.7292,-54.0607,57.3269,-10.2465,-2.20383,-0.278027,-2.30478,3.01362,-8.06195,9.7705,97.1008,189.119,-60.0457,-8.66073,-2.69863,-25.5148,-13.6745,-37.0737,-36.3898,-18.9682,-44.3501,-177.416,49.19,-20.77
1958-02-11 04:24:00,178.523,619.218,87.5008,426.536,2.40106,-2.15132,-3.50498,0.373072,0.29636,13.2714,5.09016,515.942,776.097,390.567,86.1775,324.464,18.6149,15.0381,14.0566,19.4132,19.2195,22.9288,22.0007,173.118,294.454,38.4607,1.72785,0.416419,0.499129,0.83413,3.10597,6.23583,2.64884,124.595,207.903,17.84,-11.54
1958-02-11 04:25:00,433.161,1493.53,306.769,771.745,49.1983,25.8928,20.9674,41.0512,37.2529,103.603,51.1456,857.652,1290.41,404.429,135.253,328.239,32.6319,25.1359,23.3414,30.46,27.5766,31.0313,25.7021,73.2973,149.536,97.5356,9.40813,2.78498,21.0418,12.1046,34.1893,37.6435,19.22,199.233,412.351,-16.41,4.4
1958-02-11 04:26:00,201.537,632.424,174.522,215.62,34.8589,25.5437,25.1842,35.2498,36.1,71.7318,45.4277,183.805,331.964,85.8996,36.086,24.1813,16.514,17.3631,17.7925,18.4255,17.8213,6.61709,14.1007,-58.8206,-58.459,46.3546,6.1736,2.46624,22.9827,10.1015,31.8034,24.9542,16.7409,39.9597,155.237,-34.58,11.72
1958-02-11 04:27:00,-286.469,-1252.38,-252.425,-727.535,-48.8459,-25.8417,-19.3521,-38.1215,-29.5156,-83.2299,-32.9546,-722.097,-1046.96,472.616,38.9246,69.4923,15.3531,14.5043,14.7208,19.7853,22.2266,35.5474,30.592,280.962,419.753,-46.6773,-5.78178,-1.28197,-11.3101,-9.4217,-20.5141,-25.73,-10.5991,-155.153,-288.439,-7.29,-5.32
1958-02-11 04:28:00,-220.078,-825.266,-187.053,-354.822,-42.4978,-25.8217,-22.3069,-35.8499,-30.1024,-74.9132,-33.1417,-373.579,-572.301,47.6809,-25.5204,-109.128,5.18277,11.4596,13.8101,13.7093,18.6747,15.2389,25.0094,-29.8834,-7.66684,-46.7418,-5.63967,-1.39572,-13.7434,-9.04558,-21.5177,-24.4088,-10.8771,-86.7078,-205.418,14.06,-0.6
1958-02-11 04:29:00,-340.091,-1052,-218.603,-368.768,-52.2053,-31.8467,-27.378,-46.0027,-40.8368,-103.03,-50.0055,-482.089,-700.786,-517.662,-162.535,-357.504,-24.629,-8.44645,-4.14647,-13.2777,-5.71554,-36.1205,-2.22636,-260.564,-370.521,-84.2919,-9.23803,-2.57547,-21.586,-12.7754,-33.822,-37.8276,-17.9246,-120.05,-296.881,36.25,-6.96
1958-02-11 04:30:00,33.5538,268.462,39.7077,289.802,-6.20756,-8.23883,-9.47219,-9.05076,-9.70255,-11.5748,-9.35916,292.36,423.222,-174.023,-51.3137,-18.552,-5.54267,1.39191,2.78345,-0.202778,2.94749,-17.9017,3.51726,-109.702,-154.431,-2.75941,-1.2933,-0.53098,-6.52488,-2.42231,-7.3937,-5.28233,-3.2059,62.9666,67.0338,27.74,-5.74
1958-02-11 04:31:00,314.5,1121.32,230.015,590.411,34.5521,18.017,14.536,28.4866,25.5745,72.2763,34.8269,663.032,996.575,274.488,77.0424,272.032,18.7096,14.0698,12.5479,16.6579,14.6107,10.9597,12.7434,97.1468,145.423,67.6843,6.29373,1.80849,13.7748,8.23024,22.8268,25.4638,12.9075,155.51,310.64,-4.72,-0.86
1958-02-11 04:32:00,267.525,620.01,128.565,168.631,22.4963,16.2321,16.3967,24.7329,27.3789,62.8827,39.7913,281.534,462.323,987.519,220.208,482.247,51.6557,37.2276,34.0068,48.3748,44.3639,76.2834,47.978,427.421,641.542,77.431,7.0398,2.558,19.9783,8.42897,28.7214,27.1331,16.0124,80.2216,225.935,-38.37,3.22
1958-02-11 04:33:00,-387.771,-1335.89,-232.346,-641.102,-47.0632,-25.6535,-19.8271,-38.656,-31.6039,-91.1584,-38.622,-810.965,-1159.15,-505.827,-150.431,-481.633,-17.5564,-0.27215,5.37913,-4.31168,3.90695,-24.0334,6.87338,-325.382,-435.752,-84.601,-7.98179,-1.82756,-13.7579,-10.4761,-24.9326,-32.8778,-13.5189,-197.797,-387.501,4.7,4.43
1958-02-11 04:34:00,-106.497,-238.69,-54.721,-21.7455,-19.2478,-14.8119,-14.6798,-19.6573,-18.8637,-38.8138,-21.5529,-36.3417,-97.0847,-285.961,-92.6364,-151.974,-12.3654,-3.61806,-1.94976,-6.42298,-2.49297,-25.7347,-1.2001,-139.541,-216.442,-32.7131,-3.65083,-1.18611,-11.513,-5.48738,-15.6014,-15.1551,-7.73478,-13.4553,-81.1071,24.2,-1.19
1958-02-11 04:35:00,-45.3244,-21.1025,8.48977,77.4801,-6.04974,-4.65844,-4.15165,-6.32088,-5.42776,-13.9608,-6.18001,17.157,39.5979,-368.784,-99.9939,-177.433,-13.7772,-1.4673,1.74662,-5.68233,-1.06063,-32.0012,-2.50336,-214.044,-297.909,-20.4902,-1.88465,-0.385499,-2.74206,-1.90136,-4.54029,-7.14763,-2.29959,-3.93304,-29.4844,15.28,-0.56
1958-02-11 04:36:00,279.587,985.816,195.75,491.413,30.3824,14.5588,10.822,23.8262,20.6136,63.4138,28.9128,597.536,864.928,335.045,79.3115,307.261,17.4397,11.4233,9.24337,14.1267,11.6802,10.6066,10.4895,170.724,241.054,60.6743,5.60785,1.46341,10.2333,6.8911,18.3845,22.4153,10.7122,143.205,277.797,-3.12,-1.33
1958-02-11 04:37:00,288.515,658.43,128.218,169.151,24.0213,16.5772,16.4737,25.6711,28.1913,67.2831,41.536,310.459,490.362,1106.95,248.321,543.753,56.6644,40.155,36.6592,52.5351,48.0561,85.7288,52.2567,486.573,732.098,83.6394,7.62934,2.69317,20.6296,8.83669,29.928,29.3382,16.7968,89.0234,243.745,-40.84,3.93
1958-02-11 04:38:00,-94.1949,-346.796,-39.0904,-191.674,-7.89864,-4.50399,-3.05948,-6.16567,-3.33411,-12.4203,-1.63501,-268.689,-390.787,-194.41,-45.0232,-247.406,3.422,10.9256,13.9249,10.5596,14.5774,-0.0254396,15.5451,-218.316,-284.037,-18.6405,-0.864936,0.0942058,0.805833,-1.24536,-0.517491,-4.23724,0.00514229,-69.5946,-118.395,-12.29,11.91
1958-02-11 04:39:00,1.09594,149.136,54.8085,100.781,9.36123,4.38371,3.19057,6.65949,5.94091,13.3983,7.80795,43.5856,32.8629,-468.957,-107.637,-273.128,-11.5628,-0.605743,1.96485,-5.13752,-1.56882,-34.1967,-4.75782,-305.456,-449.972,-12.037,0.46558,0.287625,2.84696,1.58227,4.56238,2.01808,2.60551,-1.23542,-9.62406,1.19,11.91
1958-02-11 04:40:00,-23.3737,48.4651,35.6511,24.5755,7.44544,4.93207,4.73398,6.15953,6.13769,8.33601,6.7144,-31.6452,-55.6152,-429.205,-115.603,-213.245,-16.4462,-4.68856,-2.02337,-10.3254,-6.8768,-42.0398,-10.7644,-220.438,-327.557,-18.0207,-0.170036,0.172037,3.11957,1.25258,3.92954,-0.293172,1.98799,-15.3515,-26.8637,2.65,6.14
1958-02-11 04:41:00,179.59,477.37,78.2686,149.63,14.3585,6.79723,5.36794,12.0644,11.9793,37.1262,19.4978,291.91,398.523,665.145,127.786,397.452,28.5414,18.9512,16.1996,25.1905,22.5343,37.6539,24.9091,363.379,523.446,45.7366,4.16318,1.19834,7.67364,4.17186,13.0326,15.4687,7.89908,80.2463,168.82,-11.76,-0.99
1958-02-11 04:42:00,271.187,837.938,179.291,330.82,37.4623,22.5037,19.7777,34.0766,33.272,80.3953,45.5152,385.644,560.913,343.62,100.016,162.215,30.0797,26.4043,26.2083,31.0169,29.8879,32.8713,28.415,38.7207,96.4641,61.6919,7.55381,2.59288,20.7853,10.2649,31.32,29.8668,17.314,89.7972,225.667,-30.67,14.85
1958-02-11 04:43:00,-220.707,-596.849,-58.6527,-284.318,-4.97425,0.0338993,2.05582,-3.25001,-1.77936,-24.4137,-6.57474,-499.294,-723.258,-902.807,-222.485,-581.36,-33.819,-11.7767,-5.8121,-21.6141,-14.3461,-66.7804,-19.3721,-506.802,-721.436,-62.6023,-3.22589,-0.443054,0.251334,-1.68495,-3.57636,-13.3063,-3.07898,-133.04,-235.507,-1.55,13.25
1958-02-11 04:44:00,-133.41,-263.075,-33.6659,-95.4876,-3.98188,-3.42079,-3.71773,-5.92601,-7.01782,-22.3007,-11.7439,-171.301,-298.275,-629.125,-178.245,-301.448,-31.6597,-14.7002,-11.1083,-23.0166,-17.6288,-62.9912,-21.4683,-268.307,-396.652,-47.231,-2.92424,-0.798361,-5.28973,-2.45194,-8.29525,-12.3031,-5.00253,-49.114,-119.34,17.31,3.24
1958-02-11 04:45:00,-114.117,-231.857,-30.6977,-86.4025,-3.23384,-1.11698,-0.533051,-3.42348,-3.51861,-19.1914,-7.83633,-162.305,-247.496,-539.983,-157.804,-228.474,-30.1417,-12.8306,-8.78905,-20.9204,-15.521,-59.4778,-19.7108,-214.788,-294.274,-42.0104,-2.70504,-0.564442,-2.36796,-1.70498,-5.15578,-10.9808,-3.54189,-45.0861,-97.1373,15.78,-1.2
1958-02-11 04:46:00,-89.9294,-144.65,-19.8636,-31.2362,-2.72733,-2.36751,-2.50826,-4.3677,-5.32058,-17.8564,-9.49832,-80.1402,-128.581,-470.448,-137.042,-158.284,-28.9949,-13.3198,-9.77086,-20.8811,-15.9596,-57.0882,-19.745,-167.647,-216.519,-34.9923,-2.54774,-0.671532,-4.07798,-1.9554,-6.67602,-10.3473,-4.13613,-24.525,-66.0994,19.21,-4.62
1958-02-11 04:47:00,-83.9924,-147.695,-18.9316,-41.8504,-2.22359,-0.972758,-0.644756,-2.85055,-3.25506,-15.8957,-7.19586,-95.7256,-134.264,-432.499,-124.513,-138.369,-28.0094,-12.3938,-8.72347,-19.7952,-14.9771,-54.8675,-18.9402,-150.28,-182.816,-31.9871,-2.40287,-0.537704,-2.43759,-1.50955,-4.86189,-9.51305,-3.28422,-27.4584,-62.1924,16.19,-5.61
1958-02-11 04:48:00,-70.8736,-100.523,-12.2503,-12.7034,-1.84853,-1.80583,-1.9647,-3.47399,-4.44405,-14.9348,-8.26297,-51.5379,-74.5483,-397.649,-111.423,-107.754,-27.1954,-12.6168,-9.23339,-19.6822,-15.1413,-53.1424,-18.8371,-130.378,-151.236,-27.5952,-2.28902,-0.605153,-3.54762,-1.6716,-5.8463,-9.0567,-3.66103,-16.601,-46.7736,17.37,-6.73
1958-02-11 04:49:00,-68.2168,-109.038,-12.2367,-25.5784,-1.44841,-0.737804,-0.555969,-2.31519,-2.8811,-13.4543,-6.52423,-68.8842,-90.1941,-374.568,-102.902,-100.699,-26.4544,-11.9736,-8.5304,-18.9262,-14.4844,-51.4954,-18.3116,-121.49,-135.274,-25.6875,-2.17705,-0.505166,-2.32741,-1.33384,-4.48649,-8.429,-3.02081,-20.2495,-46.7668,14.63,-6.82
1958-02-11 04:50:00,-59.1277,-75.9099,-7.44367,-5.1931,-1.1373,-1.38164,-1.58293,-2.79383,-3.79947,-12.6926,-7.33787,-37.7406,-49.9161,-351.921,-93.5525,-82.3128,-25.8159,-12.1186,-8.88633,-18.8217,-14.58,-50.1422,-18.2017,-109.802,-117.617,-22.5459,-2.08535,-0.55626,-3.18193,-1.45758,-5.24219,-8.06833,-3.30693,-12.6832,-36.5177,15.31,-7.3
1958-02-11 04:51:00,-57.6802,-85.1298,-7.81772,-17.3322,-0.794278,-0.490391,-0.416844,-1.828,-2.50413,-11.4758,-5.89778,-53.9049,-66.5819,-335.401,-87.2926,-79.3517,-25.2146,-11.6105,-8.33941,-18.2291,-14.0743,-48.8193,-17.8055,-104.015,-107.935,-21.2286,-1.9919,-0.473908,-2.17971,-1.17748,-4.12097,-7.55472,-2.77816,-16.1748,-37.5602,12.97,-7.15
1958-02-11 04:52:00,-50.5809,-58.8078,-4.05746,-1.08987,-0.519968,-1.02156,-1.27086,-2.21959,-3.26371,-10.8309,-6.56533,-29.0585,-35.233,-318.596,-80.1152,-66.2002,-24.6825,-11.7227,-8.6235,-18.1406,-14.1465,-47.6969,-17.7083,-95.7596,-96.0594,-18.7992,-1.91334,-0.515777,-2.88766,-1.27861,-4.74498,-7.25106,-3.01264,-10.1776,-29.6709,13.51,-7.4
1958-02-11 04:53:00,-49.7005,-67.6876,-4.60285,-12.1591,-0.212365,-0.243613,-0.259492,-1.37623,-2.13771,-9.77777,-5.31272,-43.7648,-51.2507,-305.76,-75.295,-65.039,-24.1695,-11.2927,-8.16397,-17.6438,-13.7258,-46.5786,-17.3838,-91.5066,-89.461,-17.8414,-1.8315,-0.444403,-2.02174,-1.03481,-3.77316,-6.80854,-2.55346,-13.3915,-31.0205,11.5,-7.18
1958-02-11 04:54:00,-43.7866,-45.3783,-1.48667,1.61318,0.0385335,-0.698575,-0.997238,-1.70816,-2.79084,-9.20699,-5.88337,-22.645,-25.0948,-292.358,-69.5414,-54.7552,-23.7077,-11.3883,-8.4082,-17.5695,-13.7892,-45.6115,-17.3014,-85.0403,-80.6625,-15.8715,-1.7615,-0.480249,-2.63304,-1.12055,-4.30992,-6.54177,-2.75394,-8.31404,-24.5066,11.97,-7.31
1958-02-11 04:55:00,-43.2353,-53.7581,-2.11433,-8.52087,0.322149,-0.00011917,-0.0941431,-0.949856,-1.78228,-8.26475,-4.75961,-36.1152,-40.2819,-281.971,-65.7305,-54.6404,-23.2553,-11.008,-8.00305,-17.134,-13.4211,-44.6336,-17.0207,-81.7651,-75.9892,-15.1574,-1.68756,-0.416388,-1.86098,-0.901766,-3.44076,-6.14753,-2.34239,-11.2805,-25.9753,10.22,-7.04
1958-02-11 04:56:00,-38.1187,-34.127,0.561289,3.57434,0.556757,-0.400049,-0.748178,-1.23832,-2.35916,-7.74544,-5.26167,-17.4922,-17.5764,-270.825,-60.9886,-46.1711,-22.8434,-11.0951,-8.22365,-17.0722,-13.4823,-43.7791,-16.9528,-76.3881,-69.09,-13.5103,-1.6236,-0.448013,-2.40384,-0.976384,-3.91562,-5.9067,-2.51894,-6.81531,-20.3587,10.66,-7.1
1958-02-11 04:57:00,-37.7955,-42.072,-0.110713,-5.80551,0.822829,0.239634,0.075084,-0.542417,-1.43638,-6.88374,-4.23124,-30.0051,-32.0411,-262.256,-57.9338,-46.78,-22.4354,-10.7483,-7.85397,-16.6783,-13.1484,-42.9044,-16.6999,-73.8536,-65.7909,-12.9749,-1.55546,-0.38958,-1.69995,-0.775822,-3.12082,-5.54762,-2.14174,-9.58964,-21.8955,9.09,-6.81
