Time,V(v),E.Y,E.Y.00,E.Y.01,E.Y.02,E.Y.03,E.Y.04,E.Y.05,E.Y.06,E.Y.07,E.Y.08,E.X,E.X.00,E.X.01,E.X.02,E.X.03,E.X.04,E.X.05,E.X.06,E.X.07,E.X.08,V(v).00,V(v).01,V(v).02,V(v).03,V(v).04,V(v).05,V(v).06,V(v).07,V(v).08,Vt(v),U0,U1
1958-02-10 23:58:00,-26.7455,-32.4033,-7.45332,-5.76093,-6.45153,-3.84622,5.56482,-3.44869,-3.29117,-6.02806,-1.68817,-162.633,-18.5061,-18.4152,-19.0564,-17.2056,-18.1859,-17.8495,-17.2453,-18.7263,-17.4428,-5.77205,-2.18937,-1.17783,-6.75041,0.796474,-5.44666,-2.40862,-2.73455,-1.06246,-15.2055,7.71,-3.83
1958-02-10 23:59:00,-46.1344,-87.1723,-8.06045,-6.53635,-7.30477,-9.28634,-17.9533,-9.64359,-9.75939,-7.44096,-11.1871,-147.87,-17.2913,-17.7351,-18.1432,-15.6163,-14.2479,-16.2096,-15.5275,-17.7575,-15.3416,-5.63369,-2.24864,-1.20373,-10.4999,-5.32889,-10.2035,-4.48616,-3.17266,-3.35725,-33.2044,7.85,-5.08
1958-02-11 00:00:00,-21.7245,-22.1163,-5.64205,-4.81027,-5.20529,-2.62895,6.11868,-2.34664,-2.12165,-4.82735,-0.65277,-149.495,-16.5895,-17.4177,-17.6773,-15.6963,-16.6311,-16.4129,-15.7425,-17.3759,-15.9519,-4.94623,-1.98023,-1.03738,-5.49432,1.00307,-4.34264,-1.89773,-2.27994,-0.749132,-11.6845,6.71,-3.33
1958-02-11 00:01:00,-40.3896,-74.4621,-6.34823,-5.57099,-6.06739,-7.8449,-16.1603,-8.25827,-8.30558,-6.21597,-9.6905,-136.869,-15.5972,-16.8207,-16.8933,-14.3457,-13.2325,-15.0063,-14.279,-16.5433,-14.1513,-4.87935,-2.0436,-1.0688,-9.12805,-4.8121,-8.90557,-3.89729,-2.71506,-2.93979,-28.9396,6.91,-4.54
1958-02-11 00:02:00,-17.3541,-13.0272,-4.16203,-3.9507,-4.11743,-1.5732,6.7326,-1.36429,-1.09824,-3.77459,0.28066,-138.366,-15.0384,-16.5354,-16.4926,-14.4329,-15.2903,-15.1894,-14.4813,-16.2151,-14.6904,-4.27481,-1.79259,-0.915507,-4.41513,1.21759,-3.36704,-1.45467,-1.88223,-0.469693,-8.58408,5.87,-2.9
1958-02-11 00:03:00,-35.676,-64.016,-4.95679,-4.71348,-5.00145,-6.66769,-14.7901,-7.11516,-7.1225,-5.16395,-8.48489,-127.679,-14.2257,-16.0119,-15.8194,-13.296,-12.4137,-13.996,-13.2476,-15.5007,-13.1682,-4.26748,-1.86173,-0.952666,-8.00498,-4.41557,-7.83199,-3.41692,-2.32207,-2.60261,-25.446,6.12,-4.11
1958-02-11 00:04:00,-13.4425,-4.73773,-2.93223,-3.16313,-3.15305,-0.629749,7.45376,-0.461942,-0.172827,-2.83591,1.15734,-128.828,-13.7716,-15.7493,-15.4667,-13.3639,-14.1114,-14.1363,-13.4106,-15.2087,-13.6093,-3.72181,-1.62233,-0.808387,-3.46413,1.4546,-2.48146,-1.05923,-1.5287,-0.211055,-5.7825,5.15,-2.51
1958-02-11 00:05:00,-31.8792,-55.6144,-3.82081,-3.95079,-4.08098,-5.72438,-13.8511,-6.19309,-6.18247,-4.26068,-7.55016,-120.005,-13.1084,-15.2936,-14.8923,-12.4289,-11.7733,-13.149,-12.3969,-14.6019,-12.3608,-3.7685,-1.70005,-0.852396,-7.09927,-4.14081,-6.96123,-3.03292,-1.98451,-2.33953,-22.6392,5.48,-3.76
1958-02-11 00:06:00,-9.77158,3.23975,-1.88842,-2.42947,-2.28203,0.257283,8.39559,0.411424,0.712828,-1.9802,2.04275,-120.526,-12.7272,-15.044,-14.5716,-12.4459,-13.0391,-13.2166,-12.4871,-14.3293,-12.665,-3.25935,-1.46573,-0.712829,-2.58948,1.74644,-1.63917,-0.688339,-1.20786,0.0447389,-3.08158,4.54,-2.15
1958-02-11 00:07:00,-29.0337,-49.4038,-2.9006,-3.28046,-3.29491,-5.02307,-13.4738,-5.51013,-5.50047,-3.49904,-6.92136,-113.684,-12.1957,-14.6558,-14.0915,-11.7213,-11.3221,-12.4491,-11.7059,-13.8276,-11.7147,-3.3626,-1.55746,-0.766419,-6.41182,-4.02308,-6.30545,-2.74882,-1.69926,-2.15878,-20.6037,4.95,-3.48
1958-02-11 00:08:00,-5.96483,11.8145,-0.967833,-1.7236,-1.4674,1.18394,9.86164,1.35395,1.6651,-1.16514,3.0739,-113.073,-11.8552,-14.4049,-13.7827,-11.6344,-11.9856,-12.3892,-11.6643,-13.5511,-11.8053,-2.86247,-1.31801,-0.62528,-1.70875,2.17743,-0.754819,-0.302246,-0.904508,0.333818,-0.174834,4,-1.79
1958-02-11 00:09:00,-27.563,-46.5184,-2.19461,-2.7245,-2.66171,-4.67089,-14.172,-5.19143,-5.20484,-2.90897,-6.7894,-108.799,-11.4555,-14.0953,-13.4059,-11.176,-11.1546,-11.9064,-11.1826,-13.1698,-11.2526,-3.04225,-1.43685,-0.695633,-6.02411,-4.20303,-5.9672,-2.60897,-1.47607,-2.10884,-19.693,4.54,-3.33
1958-02-11 00:10:00,-0.872632,23.8978,-0.0610658,-0.972193,-0.621419,2.44121,12.9855,2.68095,3.01701,-0.280724,4.7085,-105.69,-11.104,-13.8088,-13.0673,-10.8477,-10.689,-11.5701,-10.8521,-12.8372,-10.9138,-2.4956,-1.16704,-0.538291,-0.584118,3.05991,0.438708,0.219343,-0.580287,0.774749,3.92737,3.46,-1.34
1958-02-11 00:11:00,-30.0341,-53.6183,-1.86477,-2.4438,-2.35215,-5.31125,-18.7247,-5.95259,-6.04276,-2.71592,-8.21037,-106.682,-10.8986,-13.6409,-12.861,-10.9177,-11.8677,-11.664,-10.9748,-12.6662,-11.1911,-2.8454,-1.36319,-0.653094,-6.44953,-5.44461,-6.54556,-2.8792,-1.39213,-2.46142,-22.1841,4.35,-3.5
1958-02-11 00:12:00,14.7951,63.6171,1.54439,0.472762,0.935501,6.31128,27.8777,6.91321,7.40038,1.52945,10.6324,-92.8262,-10.291,-13.1033,-12.2611,-9.55822,-6.85597,-10.18,-9.44426,-11.984,-9.14836,-1.96164,-0.909569,-0.397508,2.62453,7.17802,4.06296,1.81909,0.0603026,2.31889,17.3651,2.52,-0.05
1958-02-11 00:13:00,177.758,447.09,44.0072,18.4097,31.2273,62.7747,66.8622,55.7726,65.0712,35.1845,67.7804,16.9822,0.446467,-8.30031,-4.42698,5.74927,9.34664,3.51909,6.42913,-3.2064,7.4253,9.7544,1.99176,2.04465,48.6537,18.1918,45.5528,22.6689,11.702,17.1983,150.418,-13.78,13.56
1958-02-11 00:14:00,49.0121,143.984,25.8312,11.3021,17.3759,19.6886,3.62617,15.9277,18.4069,17.4706,14.3552,-49.4305,-2.22821,-9.3349,-6.56337,-3.16805,-8.63366,-5.07714,-3.48721,-6.23016,-4.7078,5.16892,0.906825,0.982625,14.1478,0.640722,12.1019,6.01667,5.63497,3.41168,40.4821,-5.99,2.54
1958-02-11 00:15:00,12.4226,60.1013,13.957,7.14894,9.39449,5.88964,1.17731,5.39027,5.04813,8.66008,3.43551,-74.5246,-5.7953,-10.4411,-8.90956,-7.63827,-8.27857,-8.44471,-7.84974,-8.8822,-8.28511,1.76648,0.235491,0.32849,2.73578,0.000830932,3.09225,1.1359,2.57389,0.553459,11.2626,-1.55,-0.39
1958-02-11 00:16:00,-8.87485,17.9476,6.72701,4.45437,4.74215,-0.0224327,-0.806274,0.630213,-0.520786,3.86607,-1.12271,-130.094,-11.0648,-12.6879,-12.5937,-14.9083,-18.994,-15.0458,-15.4028,-13.0067,-16.3898,-0.997617,-0.314037,-0.14043,-3.35128,-0.933842,-1.73537,-1.32649,0.806782,-0.882572,-4.25485,2,-2.62
1958-02-11 00:17:00,9.52863,61.3616,8.51517,5.40872,6.47414,6.42257,8.34821,6.53934,6.50872,6.25043,6.89432,-118.934,-12.7061,-13.1327,-13.4306,-13.9841,-10.8049,-13.6544,-13.989,-13.6098,-13.6227,-0.972239,-0.211865,-0.0493919,1.71862,1.81835,3.24289,1.17604,1.58519,1.22104,11.9386,1.44,-0.97
1958-02-11 00:18:00,49.8217,147.79,15.9819,8.93362,12.1452,18.3662,23.3826,17.2385,18.9542,12.7458,20.0424,-58.0685,-6.91022,-10.7106,-9.15646,-4.8555,-3.41894,-5.73611,-4.55143,-8.68323,-4.04609,1.96148,0.468466,0.514011,12.7726,6.10884,13.0619,6.1239,3.9544,4.85612,44.0817,-2.79,2.95
1958-02-11 00:19:00,52.7695,160.975,20.1169,10.8323,15.0699,20.8596,18.0268,18.8383,20.9889,15.6285,20.6141,-80.0418,-7.69953,-10.9934,-9.76706,-7.82837,-9.3187,-8.65967,-7.91315,-9.59131,-8.27059,2.69221,0.716603,0.698091,13.9891,4.45672,13.9174,6.56699,4.88871,4.84366,46.5295,-3.54,2.7
1958-02-11 00:20:00,36.6355,126.29,17.2707,10.1009,13.1725,15.2364,13.6039,14.0738,15.0852,13.2298,14.517,-95.331,-9.375,-11.5791,-10.8878,-10.2106,-10.8294,-10.6333,-10.3376,-10.8761,-10.6021,1.69325,0.569254,0.521291,9.21321,3.21958,9.7764,4.37299,4.034,3.23549,33.2955,-2.12,1.22
1958-02-11 00:21:00,5.32918,42.7887,9.86119,7.04428,7.95912,3.99901,-2.47364,3.93407,3.33399,7.26459,1.8661,-81.7702,-8.66545,-11.1588,-10.2529,-8.44803,-7.54474,-8.91517,-8.40264,-10.0941,-8.28828,0.226322,0.167161,0.175997,1.12806,-0.945433,1.84641,0.51014,2.05907,0.161443,6.10918,-0.03,-0.81
1958-02-11 00:22:00,-10.0807,-0.750413,2.73894,4.26412,3.2377,-2.60283,-2.96715,-1.34368,-3.01369,2.32646,-3.39028,-68.6973,-7.21559,-10.4664,-9.15707,-6.55243,-6.22137,-7.28029,-6.48249,-8.89166,-6.42998,-1.0121,-0.175442,-0.117012,-3.42951,-1.02702,-2.17071,-1.51121,0.445187,-1.08285,-6.87067,1.55,-1.66
1958-02-11 00:23:00,-31.0818,-60.8104,-3.95738,1.13051,-1.41011,-9.88818,-14.1519,-8.11474,-10.4888,-2.58123,-11.3486,-55.2823,-5.7149,-9.68909,-8.02681,-4.81662,-4.26412,-5.71111,-4.72098,-7.68923,-4.64941,-2.14571,-0.561839,-0.403505,-8.53859,-3.93691,-7.40326,-3.92883,-1.15847,-3.0047,-25.0318,3.12,-2.93
1958-02-11 00:24:00,-29.4238,-59.944,-7.28213,-0.299134,-3.46246,-10.033,-6.99207,-7.78893,-10.1282,-4.33518,-9.62295,-49.0627,-4.64036,-9.09472,-7.2228,-4.02321,-4.13688,-5.02588,-3.97599,-6.89417,-4.04872,-2.63491,-0.720255,-0.518479,-8.47038,-2.02194,-7.03801,-3.7503,-1.71777,-2.55172,-23.1638,3.61,-2.65
1958-02-11 00:25:00,-21.1197,-42.89,-6.12591,-0.160109,-2.58739,-6.67567,-6.10104,-5.17019,-6.66321,-3.07082,-6.33562,-42.6541,-3.78263,-8.55322,-6.54884,-3.31187,-3.29585,-4.33396,-3.26747,-6.22647,-3.33382,-2.18952,-0.660184,-0.430998,-5.77798,-1.7524,-4.82057,-2.51589,-1.26762,-1.70457,-16.2497,2.94,-1.93
1958-02-11 00:26:00,11.9948,43.7823,0.917057,2.88946,2.58152,5.02114,11.2111,5.47282,5.64187,2.95024,7.09711,-51.7245,-4.20498,-8.60653,-6.81392,-4.58951,-5.75292,-5.49913,-4.66198,-6.62676,-4.96875,-0.738799,-0.231746,-0.0748651,2.76231,2.77331,3.59824,1.57615,0.74054,1.58965,12.4648,0.8,0.33
1958-02-11 00:27:00,-1.816,15.9032,1.77198,2.89802,2.84686,2.28634,-2.52416,2.12258,2.14675,2.85693,1.49793,-80.8824,-6.95058,-9.68676,-8.7259,-8.67093,-10.6093,-9.11083,-8.90048,-8.81524,-9.41242,-1.165,-0.311043,-0.128389,-0.214124,-1.07487,0.354728,0.0681552,0.62634,0.0282035,0.993999,1.61,-1.2
1958-02-11 00:28:00,-22.8227,-26.4641,-3.20414,0.954635,-0.701814,-4.64488,-4.27701,-3.57832,-4.85423,-1.1486,-5.00975,-116.235,-11.0359,-11.3922,-11.5508,-13.5948,-15.1016,-13.3984,-13.8963,-11.8958,-14.3693,-3.16992,-0.713712,-0.486627,-6.54546,-1.71251,-4.88739,-2.69183,-0.83629,-1.77897,-15.2427,4.31,-3.27
1958-02-11 00:29:00,-23.9567,-31.846,-4.16787,0.397631,-1.39286,-5.03982,-5.50893,-3.9558,-5.16915,-1.78584,-5.22341,-108.427,-11.7673,-11.6667,-11.9014,-12.5666,-11.1949,-12.2734,-12.5924,-12.0508,-12.4135,-3.54486,-0.813152,-0.548838,-6.6135,-1.89334,-5.02435,-2.70196,-1.05629,-1.76046,-16.1767,4.65,-3.13
1958-02-11 00:30:00,18.3318,65.1917,3.35873,3.81035,4.16919,7.8173,14.8797,7.94699,8.48614,4.69632,10.0269,-65.1469,-8.10316,-10.0989,-9.17932,-6.38359,-4.0195,-6.78383,-6.1273,-8.86828,-5.58301,-1.07453,-0.212395,-0.0518678,4.47095,3.81764,5.40413,2.43675,1.24244,2.29869,18.6518,0.98,0.66
1958-02-11 00:31:00,32.1476,92.1192,9.23499,6.17241,8.10299,12.4398,10.7802,11.2952,12.6892,8.71609,12.6882,-33.8928,-4.24666,-8.40848,-6.44027,-1.93686,-0.872454,-2.99922,-1.68709,-5.91015,-1.39167,1.07673,0.248518,0.330403,8.95347,2.84303,8.67179,4.20121,2.70522,3.11726,28.3976,-1.71,2.04
1958-02-11 00:32:00,35.6264,103.309,10.9388,7.26826,9.28715,12.9918,14.3618,12.0789,13.2057,9.76451,13.4125,-34.3998,-3.09667,-7.82001,-5.67863,-2.07356,-2.97106,-3.24437,-2.02829,-5.27685,-2.21034,1.70758,0.447763,0.443096,9.33941,3.71914,9.26798,4.35186,3.0815,3.26804,31.0464,-2.4,2.18
1958-02-11 00:33:00,6.11767,39.0544,6.99651,5.55716,6.27749,4.52489,-1.44772,4.14981,4.08076,6.04285,2.87269,-76.621,-6.42313,-9.16739,-8.10071,-8.01645,-10.882,-8.57706,-8.29687,-8.1591,-8.99832,0.0991028,0.104717,0.13828,1.6214,-0.79801,2.07102,0.772679,1.72177,0.38671,6.87767,0.08,-0.68
1958-02-11 00:34:00,-11.9226,5.28331,1.77902,3.61155,2.72539,-1.05994,-0.908539,-0.203484,-1.32077,2.20935,-1.54928,-119.372,-11.3565,-11.2192,-11.5498,-14.1264,-15.855,-13.8234,-14.4748,-11.9451,-15.0219,-2.14837,-0.324079,-0.243808,-3.95927,-0.842342,-2.22613,-1.53007,0.290247,-0.938829,-6.33265,2.99,-2.6
1958-02-11 00:35:00,-38.4411,-59.9032,-4.46828,0.672697,-1.76546,-9.19148,-14.134,-7.76552,-9.78049,-2.70623,-10.7644,-135.043,-14.201,-12.4914,-13.4635,-16.1766,-16.4266,-15.5174,-16.3833,-13.8525,-16.5309,-4.1548,-0.835617,-0.634321,-10.5536,-4.39237,-8.58398,-4.55719,-1.43379,-3.2954,-28.1411,5.65,-4.65
1958-02-11 00:36:00,-42.313,-74.5151,-8.90842,-1.22418,-4.7156,-11.6378,-9.63716,-9.44773,-11.8244,-5.56492,-11.5549,-119.161,-13.84,-12.4134,-13.1,-13.8279,-12.1712,-13.361,-13.783,-13.2092,-13.4558,-5.0482,-1.09877,-0.829554,-11.8743,-3.03164,-9.62047,-5.06022,-2.37006,-3.37979,-31.143,6.6,-4.57
1958-02-11 00:37:00,-45.6471,-94.054,-11.1849,-2.62628,-6.3741,-13.3147,-14.7791,-11.325,-13.571,-7.16332,-13.7157,-86.957,-10.8853,-11.2311,-10.9687,-9.14581,-7.28019,-9.28896,-8.93997,-10.7344,-8.48245,-4.88713,-1.20946,-0.866426,-12.0924,-4.21837,-10.5287,-5.29457,-2.81351,-3.73662,-35.0371,6.35,-4.26
1958-02-11 00:38:00,-13.4453,-23.7293,-6.88444,-0.785951,-3.1262,-4.05879,2.64608,-2.65084,-3.58771,-3.13044,-2.15098,-43.4132,-6.28771,-9.21986,-7.69698,-3.19186,-0.728994,-4.03157,-2.84871,-7.1256,-2.28189,-2.91592,-0.79861,-0.512595,-3.77652,0.678359,-2.74148,-1.4359,-1.32169,-0.620967,-8.72532,3.48,-1.24
1958-02-11 00:39:00,9.86857,24.6621,-0.167689,1.77078,1.46247,3.60679,4.17125,3.52228,3.95701,1.8742,4.46501,-5.48309,-1.36531,-6.99901,-4.24792,1.96569,3.27819,0.44516,2.29448,-3.48071,2.62633,-0.341991,-0.270557,-0.0570782,3.16122,1.23689,2.9101,1.52049,0.498044,1.21146,9.06857,0.15,0.95
1958-02-11 00:40:00,25.7216,59.9197,4.15279,3.74801,4.43599,7.90755,10.129,7.42824,8.27784,4.98307,8.85718,20.5851,2.4708,-5.115,-1.55786,5.22826,5.87152,3.34485,5.48983,-0.756369,5.60908,1.46339,0.15022,0.255314,7.13613,2.92448,6.49608,3.23224,1.64587,2.41783,21.2216,-2.13,2.37
1958-02-11 00:41:00,-9.70927,-28.1479,-1.2707,1.21187,0.206871,-3.71686,-10.8988,-3.51905,-4.27922,-0.200398,-5.68164,11.3315,3.10885,-4.60988,-1.16414,3.73682,1.93606,1.94943,3.72807,-0.64004,3.28634,0.416183,-0.171743,-0.0293791,-1.96886,-2.83442,-2.55033,-1.18114,-0.0915702,-1.29801,-9.44927,-0.22,-0.48
1958-02-11 00:42:00,-32.9377,-79.0929,-8.56073,-1.74731,-4.88578,-11.802,-11.7478,-10.0041,-12.1886,-5.69623,-12.4604,-18.4731,0.634761,-5.40763,-2.89678,-0.759331,-2.85228,-1.91675,-0.954119,-2.7545,-1.56649,-1.73621,-0.650795,-0.455674,-9.07526,-3.2421,-8.3627,-4.2275,-2.01843,-3.16904,-27.6177,2.7,-2.62
1958-02-11 00:43:00,-56.9182,-133.267,-14.3882,-4.65077,-9.09964,-18.37,-21.9901,-16.1074,-18.9125,-10.1646,-19.584,-54.7988,-3.26662,-6.9056,-5.58262,-5.9387,-7.86786,-6.38996,-6.23384,-5.76514,-6.8485,-3.8868,-1.17413,-0.855771,-15.1897,-6.16443,-13.9573,-6.91416,-3.63394,-5.14196,-46.4682,5.61,-4.84
1958-02-11 00:44:00,-47.3013,-115.487,-15.8113,-5.37148,-9.94409,-16.2621,-12.1056,-13.7617,-16.2207,-10.6049,-15.4047,-30.0674,-2.50228,-6.36213,-4.79772,-2.79694,-0.599565,-3.25098,-2.69329,-4.67698,-2.38751,-4.02816,-1.23582,-0.885902,-12.8965,-3.25233,-11.5953,-5.73218,-3.7407,-3.93444,-38.2113,5.44,-3.65
1958-02-11 00:45:00,-36.4326,-100.255,-13.9994,-5.08183,-8.78698,-13.0945,-12.9063,-11.4388,-13.0661,-9.14182,-12.7397,8.56149,1.46586,-4.57786,-1.86926,2.84752,3.98426,1.63849,3.08894,-1.3916,3.37515,-2.7436,-1.06177,-0.693164,-9.2438,-3.29248,-8.99073,-4.22514,-3.12469,-3.05722,-30.4926,3.7,-2.24
1958-02-11 00:46:00,-1.36959,-17.9077,-7.28561,-2.20118,-3.95715,-2.25487,4.55865,-1.48078,-1.63332,-3.55245,-0.100952,37.6044,4.92283,-2.8659,0.65922,6.67258,7.83174,5.02325,6.93042,1.28946,7.14082,-0.497906,-0.525714,-0.255385,-0.209078,1.51255,-0.446256,-0.0400232,-1.14495,0.23717,-1.54959,0.54,0.72
1958-02-11 00:47:00,17.1002,29.2559,0.054631,0.721036,0.993491,4.93867,5.44235,4.30873,5.33449,1.67553,5.78698,36.7704,6.15423,-2.13475,1.53674,6.51898,5.13478,4.75976,6.5562,2.01913,6.22539,1.38771,-0.0568668,0.128505,5.18459,1.64626,4.18859,2.3081,0.639477,1.67381,13.3702,-1.81,1.92
1958-02-11 00:48:00,45.5884,107.518,8.2821,4.6164,6.81853,14.6603,20.0342,13.3082,15.3635,7.92668,16.5081,27.7672,5.51682,-2.10274,1.17415,4.86183,4.07256,3.44542,4.82662,1.46986,4.50272,3.05022,0.497859,0.527428,12.1496,5.49899,11.2583,5.599,2.71932,4.28769,37.7484,-4.09,3.75
1958-02-11 00:49:00,51.6426,133.458,14.4317,7.39516,10.9437,18.4403,16.7862,16.2159,18.724,11.95,18.5708,-5.86597,2.66057,-3.17423,-0.801437,0.265001,-2.586,-0.681237,0.00559019,-0.841341,-0.712895,3.76087,0.812013,0.744924,13.9737,4.38051,12.9902,6.38534,3.98383,4.61112,43.2026,-4.86,3.58
1958-02-11 00:50:00,60.6339,167.675,18.601,9.80144,13.9482,21.8896,23.9654,19.7362,22.2619,14.9192,22.5517,-33.3887,-0.982521,-4.55798,-3.23479,-3.76731,-4.89405,-4.04584,-4.00367,-3.47215,-4.43043,3.86117,1.05008,0.865716,15.6746,6.2085,15.3305,7.2927,4.88201,5.4686,51.7839,-5.08,3.77
1958-02-11 00:51:00,38.7047,124.895,17.4391,9.53859,12.9697,16.2048,10.4598,14.3127,15.9326,13.2927,14.7451,-79.264,-5.87142,-6.7214,-6.64023,-9.70152,-12.7957,-9.42634,-10.1077,-7.16626,-10.8335,2.5134,0.851565,0.667588,10.0578,2.30637,10.1494,4.6791,4.19559,3.28396,34.1547,-3.09,1.46
1958-02-11 00:52:00,13.6504,72.6558,11.6093,7.53946,8.97729,7.99268,5.8059,7.53232,7.62994,8.71488,6.85402,-115.002,-11.0666,-8.99884,-10.1906,-14.6249,-15.418,-13.6308,-14.9527,-10.8543,-15.2653,0.0730851,0.398358,0.250479,2.76006,0.965527,4.04808,1.4865,2.51765,1.15062,14.5804,0.08,-0.85
1958-02-11 00:53:00,-33.3309,-36.772,1.1219,2.99589,1.53654,-6.52368,-14.1249,-5.58957,-7.43042,0.396156,-9.15383,-161.284,-16.5022,-11.6463,-14.0306,-20.3491,-22.8818,-18.9006,-20.7859,-14.8738,-21.3141,-3.4428,-0.443215,-0.421862,-9.4738,-4.63422,-7.33187,-4.08421,-0.429923,-3.06896,-23.6209,4.87,-4.84
1958-02-11 00:54:00,-51.8304,-83.9084,-7.52537,-0.575755,-4.24898,-13.5762,-12.9625,-11.1706,-14.0623,-5.51622,-14.2705,-162.666,-19.176,-12.9526,-15.7802,-20.6251,-17.911,-18.8738,-20.6981,-16.3891,-20.2598,-5.93759,-1.04701,-0.89788,-14.8571,-4.13601,-11.8337,-6.33913,-2.47408,-4.3079,-37.9704,7.84,-6.02
1958-02-11 00:55:00,-44.2249,-82.4847,-9.39758,-1.70002,-5.38253,-12.3955,-12.0455,-10.2665,-12.5888,-6.27327,-12.4349,-107.358,-14.5549,-11.3177,-12.4639,-12.2601,-9.64278,-11.6177,-11.9623,-12.3778,-11.1607,-5.31533,-1.08457,-0.852741,-12.0953,-3.57849,-10.0215,-5.18508,-2.57662,-3.51522,-33.0149,6.76,-4.45
1958-02-11 00:56:00,-7.78267,7.05922,-3.02761,0.987851,-0.588612,-0.0365644,6.62838,0.970305,0.530011,-0.471527,2.06699,-100.935,-12.9411,-10.8766,-11.4843,-11.0614,-10.6698,-10.8867,-10.9456,-11.3515,-10.7186,-3.55709,-0.670571,-0.47609,-2.50155,1.36463,-0.840442,-0.6357,-0.588161,0.12231,-1.92267,4.18,-1.68
1958-02-11 00:57:00,-3.51134,24.8391,1.30548,2.52181,2.28688,3.48073,2.06816,3.30446,3.64304,2.52009,3.70848,-130.969,-15.0558,-11.9953,-13.1835,-15.1178,-16.7215,-14.6679,-15.2882,-13.3472,-15.5918,-3.07919,-0.536449,-0.336666,-0.75477,-0.0809809,0.480044,0.101931,0.34159,0.353149,2.10866,3.71,-1.91
1958-02-11 00:58:00,-2.75377,31.3023,2.12385,3.03269,2.84309,3.63991,5.13753,3.66592,3.78627,3.00233,4.07074,-139.426,-16.6446,-12.7918,-14.366,-16.5054,-15.7935,-15.7246,-16.573,-14.5563,-16.4705,-3.2548,-0.523372,-0.341995,-0.944994,0.773004,0.614255,0.0549419,0.457875,0.411321,3.18623,3.92,-2.02
1958-02-11 00:59:00,-20.0286,-11.315,-0.436381,1.79766,0.850854,-1.83884,-5.70745,-1.53553,-2.14367,0.566916,-2.86853,-145.905,-17.3503,-13.3456,-14.977,-17.088,-17.3121,-16.3623,-17.1659,-15.1504,-17.1539,-3.97424,-0.739763,-0.506231,-5.20939,-2.17778,-3.68024,-2.0114,-0.38301,-1.3466,-11.6186,5.04,-3.37
1958-02-11 01:00:00,-22.9063,-23.4851,-3.07864,0.792816,-0.935694,-4.15991,-3.19501,-3.16167,-4.26473,-1.29889,-4.18338,-124.1,-15.9726,-12.8702,-14.0302,-14.2033,-11.8021,-13.679,-14.0503,-13.956,-13.536,-4.24596,-0.846817,-0.596977,-6.31562,-1.29899,-4.59286,-2.5023,-0.964782,-1.54199,-14.3963,5.31,-3.2
1958-02-11 01:01:00,-37.56,-68.3968,-7.01117,-1.16204,-3.83167,-9.66962,-13.0844,-8.38346,-10.0644,-4.49975,-10.6903,-102.572,-13.26,-11.9022,-12.2355,-10.9281,-10.0696,-10.9705,-10.7685,-11.9714,-10.4664,-4.50232,-1.05185,-0.734238,-9.74055,-3.87179,-8.40468,-4.2352,-1.96527,-3.05406,-27.84,5.8,-3.92
1958-02-11 01:02:00,-36.0176,-74.528,-9.63489,-2.32396,-5.59225,-10.8675,-9.20154,-9.08917,-10.9667,-6.17429,-10.6777,-65.707,-9.47142,-10.2645,-9.61188,-6.12131,-3.49086,-6.62245,-5.80601,-9.09218,-5.22645,-4.23102,-1.09455,-0.759718,-9.56937,-2.58696,-8.32589,-4.17272,-2.41899,-2.85837,-27.4076,5.38,-3.23
1958-02-11 01:03:00,-45.3967,-106.444,-12.5529,-3.97219,-7.78369,-14.4425,-16.7244,-12.6463,-14.7492,-8.49889,-15.0735,-45.043,-6.01231,-8.81075,-7.30875,-3.17703,-2.96701,-4.20515,-2.97934,-6.73191,-2.85079,-4.09793,-1.21991,-0.827842,-11.6084,-4.57416,-10.8372,-5.25172,-3.1108,-3.86877,-36.3767,5.4,-3.62
1958-02-11 01:04:00,-38.1191,-95.9907,-13.3937,-4.46669,-8.32426,-13.2559,-10.5744,-11.3056,-13.2242,-8.80019,-12.6457,-16.0054,-2.63249,-7.16982,-4.9513,0.321656,2.11832,-0.94486,0.598586,-4.2726,0.927085,-3.52687,-1.16773,-0.776964,-9.93057,-2.74098,-9.26852,-4.46482,-3.11895,-3.12369,-30.8591,4.59,-2.67
1958-02-11 01:05:00,-40.9663,-107.389,-13.9872,-5.14071,-8.91149,-14.054,-15.1183,-12.4176,-14.1835,-9.37867,-14.197,-8.54744,-0.387003,-6.09852,-3.46199,1.33418,0.447691,-0.186055,1.43061,-2.87868,1.25233,-3.15512,-1.18345,-0.762229,-10.3063,-4.01646,-10.0531,-4.72989,-3.26057,-3.49912,-33.8763,4.29,-2.8
1958-02-11 01:06:00,-27.9453,-77.0877,-12.2756,-4.51239,-7.69387,-10.2125,-6.62768,-8.75311,-9.99988,-7.82363,-9.189,3.51336,1.1073,-5.17149,-2.37766,2.44423,3.15668,1.00936,2.57836,-1.83439,2.60097,-2.44558,-1.02527,-0.63496,-7.15933,-1.64874,-6.91625,-3.21765,-2.69849,-2.19902,-22.9653,3.28,-1.7
1958-02-11 01:07:00,-21.0635,-57.9634,-9.39982,-3.56343,-5.82853,-7.06251,-6.50865,-6.2929,-6.92724,-5.7859,-6.59443,-6.32655,1.21256,-4.98042,-2.33515,1.10888,-0.719577,-0.275788,1.04744,-1.99181,0.607311,-1.79114,-0.87647,-0.501213,-5.08114,-1.76366,-5.1217,-2.28407,-2.01969,-1.62438,-17.1435,2.52,-1.4
1958-02-11 01:08:00,5.06473,11.0999,-3.03249,-0.737972,-1.3065,1.8948,7.04263,1.93778,2.43782,-0.729546,3.59332,-9.11738,0.67004,-4.9433,-2.62695,0.272084,0.31377,-0.785113,0.260024,-2.37857,0.100636,-0.515505,-0.47307,-0.191915,1.49061,1.89077,1.44736,0.850695,-0.335197,0.900988,5.31473,0.66,0.41
1958-02-11 01:09:00,26.7094,72.8905,5.15742,2.79412,4.34935,10.592,12.515,9.36912,11.1016,5.27814,11.7337,-30.9199,-0.990319,-5.57379,-3.78313,-2.56384,-4.81171,-3.40374,-2.74915,-3.75094,-3.29331,0.910091,-0.0192312,0.165006,7.41895,3.15678,7.05645,3.58061,1.63167,2.80903,23.9094,-1.21,1.59
1958-02-11 01:10:00,50.8172,141.461,13.4401,6.72985,10.1773,19.3014,22.5746,17.2505,19.9196,11.3984,20.6696,-44.4681,-3.10547,-6.3158,-5.1612,-4.70548,-4.97778,-5.09934,-4.82771,-5.22803,-5.04729,2.25438,0.48353,0.525723,13.5118,5.83429,13.1665,6.4325,3.63241,4.97596,44.6372,-3.11,3.07
1958-02-11 01:11:00,54.3861,159.689,18.3144,9.16533,13.4842,21.5615,20.2275,19.0429,21.81,14.4985,21.5849,-69.8061,-5.69468,-7.45383,-6.95229,-7.90547,-9.83036,-8.04114,-8.14118,-7.17939,-8.6078,2.74492,0.744049,0.692234,14.5016,5.02448,14.1748,6.82998,4.6003,5.07371,47.8761,-3.65,2.86
1958-02-11 01:12:00,51.8567,158.282,19.5676,10.2582,14.3883,20.4924,19.4021,18.3397,20.5677,15.0711,20.1951,-75.6965,-7.45178,-8.15885,-8.06881,-8.84309,-8.35205,-8.69216,-8.92966,-8.25702,-8.9431,2.62709,0.846464,0.714044,13.4851,4.86022,13.51,6.34756,4.75192,4.71432,45.7967,-3.5,2.56
1958-02-11 01:13:00,35.8157,119.531,17.0143,9.5698,12.606,14.8319,11.2,13.3524,14.5687,12.7466,13.6419,-78.9548,-8.09533,-8.52295,-8.47486,-8.97236,-9.22757,-8.90382,-9.04329,-8.60152,-9.11307,1.92306,0.721717,0.572429,9.18494,2.63886,9.45193,4.29339,3.95774,3.07168,31.9857,-2.47,1.36
1958-02-11 01:14:00,22.1382,77.0143,12.3944,7.96299,9.49419,8.56514,5.72457,8.0563,8.20682,9.21028,7.39966,-45.7896,-5.78494,-7.47353,-6.71055,-4.555,-1.82054,-4.81323,-4.33313,-6.48955,-3.80916,1.42598,0.572095,0.41873,5.44423,1.45836,5.78631,2.47533,2.84936,1.70781,19.3882,-1.85,0.9
1958-02-11 01:15:00,7.5931,22.88,6.23714,5.49495,5.29938,1.14042,-1.96084,1.56339,0.661986,4.61786,-0.174312,15.7309,0.546663,-4.68913,-2.15203,4.01982,7.02513,2.75052,4.47415,-1.42047,5.17625,1.49054,0.429666,0.294001,1.75959,-0.257297,1.67246,0.559466,1.49801,0.146666,4.9031,-1.87,0.82
1958-02-11 01:16:00,-4.10837,-18.0725,0.564548,3.10134,1.48783,-4.34563,-6.27677,-3.17054,-4.7692,0.631405,-5.29545,48.5656,5.67725,-2.39348,1.41327,8.6686,8.29419,6.62874,8.96646,2.2633,9.04728,1.39296,0.261363,0.158853,-1.34028,-1.36072,-1.57101,-0.957493,0.297854,-0.9899,-6.18837,-1.61,0.47
1958-02-11 01:17:00,-16.6079,-16.8762,-1.56571,2.20857,0.243694,-4.11256,-2.3554,-2.74943,-4.20825,-0.379069,-3.95802,-92.4658,-4.56356,-6.99717,-6.25,-10.1884,-22.1957,-10.7972,-11.1379,-6.82862,-13.5073,-1.36364,-0.208344,-0.219144,-5.38192,-1.46828,-3.83021,-2.2658,-0.385879,-1.48467,-11.7679,2.24,-2.6
1958-02-11 01:18:00,-46.3735,86.2442,6.61003,5.84534,6.3771,10.1051,17.2895,10.1232,10.7734,6.8133,12.3072,-802.018,-68.2066,-36.1369,-52.7424,-104.886,-153.313,-97.0528,-110.19,-59.3073,-120.184,-13.7969,-1.86449,-1.54324,-15.8335,-1.18876,-6.30302,-4.54533,0.0444645,-1.34275,-11.9235,18.99,-15.46
1958-02-11 01:19:00,-76.113,296.675,27.9757,15.3393,21.7932,39.1849,48.5987,35.9549,40.7218,23.9527,43.1534,-1865.93,-187.744,-89.4221,-137.922,-252.635,-287.603,-226.934,-260.699,-152.153,-270.817,-35.8312,-4.4897,-3.67311,-26.9362,2.08261,-4.82038,-5.55945,2.2893,0.825074,3.93696,46.68,-33.37
1958-02-11 01:20:00,-62.9066,239.423,30.4544,16.5054,23.0133,32.068,22.8055,28.2525,31.9519,24.0612,30.3111,-1423.14,-187.693,-91.2694,-134.924,-192.145,-137.478,-167.291,-190.906,-141.33,-180.103,-35.2758,-4.46204,-3.47329,-18.7773,0.88205,-2.1429,-3.34409,2.73544,0.951354,4.01345,42.52,-24.4
1958-02-11 01:21:00,14.8951,175.638,23.7642,14.5674,18.4211,20.9094,19.6718,19.3549,20.6273,18.528,19.794,-411.534,-93.565,-54.73,-67.7701,-43.1718,7.91717,-38.0995,-36.7093,-63.2486,-22.1568,-15.7021,-2.01352,-1.25848,6.12185,5.54779,9.94335,4.29576,3.83187,4.12864,33.3551,15.82,-2.64
1958-02-11 01:22:00,-2.13035,21.3786,10.5079,8.83348,8.90925,0.599838,-11.8951,0.820411,-0.655422,7.65641,-3.39825,-40.5461,-34.283,-31.4687,-28.1766,11.5329,22.1008,5.43292,15.4664,-21.7439,20.593,-5.35838,-1.09286,-0.434662,3.03204,-2.33717,1.47271,0.930145,1.74974,-0.0919184,1.22965,4.48,1.12
1958-02-11 01:23:00,-3.74911,101.549,10.2828,9.63395,9.63793,9.24542,21.5786,10.4668,9.71667,9.37526,11.6116,-396.573,-47.4433,-37.9356,-40.461,-39.1514,-64.565,-42.0489,-40.4395,-39.2132,-45.3155,-8.34965,-1.46134,-0.847702,-1.78021,3.31377,2.17848,0.297002,1.66604,1.23449,11.4409,10.04,-5.15
1958-02-11 01:24:00,-56.0702,22.1985,8.10921,7.70904,7.70001,2.35587,-13.3913,2.18392,1.4996,6.93366,-0.901516,-603.207,-71.8342,-47.6021,-58.3215,-73.8376,-71.2272,-69.7773,-74.9999,-59.5298,-76.0779,-14.2789,-2.45474,-1.66056,-14.7367,-6.26789,-8.6445,-5.0829,0.0764854,-3.02049,-25.5802,18.17,-12.32
1958-02-11 01:25:00,-21.4718,23.2435,0.60962,5.53179,3.06389,-1.3797,12.5038,0.987066,-1.10936,2.36791,0.6685,-243.945,-42.2404,-35.1831,-37.041,-23.9328,-7.15291,-24.0896,-21.9799,-34.6934,-17.6314,-9.30875,-1.83786,-1.18403,-6.39382,3.0652,-2.79621,-2.01778,-0.517609,-0.480908,-6.76177,10.67,-4.04
1958-02-11 01:26:00,-90.4389,-126.728,-6.79148,0.6583,-2.90876,-16.4382,-41.5027,-15.1948,-18.0302,-4.58266,-21.9376,-405.472,-46.1769,-37.9822,-41.3524,-43.5744,-59.5651,-44.3565,-44.3954,-41.0207,-47.0486,-11.8124,-2.73751,-1.77021,-22.1495,-13.3264,-18.8835,-9.45978,-3.09279,-7.20678,-63.1389,15.63,-11.67
1958-02-11 01:27:00,-16.0195,110.747,-0.931189,5.43584,2.89271,8.1642,52.4678,11.4593,10.386,3.48262,17.3894,-540.494,-62.8358,-44.7749,-53.4425,-65.5952,-63.7057,-62.3084,-66.3901,-54.5269,-66.9147,-14.2507,-2.56635,-1.81655,-8.51044,11.5872,-0.0420392,-1.41043,-0.893816,1.88363,9.80049,17.43,-8.39
1958-02-11 01:28:00,-231.858,-403.636,-19.002,-8.38552,-13.2971,-43.7257,-145.144,-44.7499,-48.9195,-16.7648,-63.647,-796.735,-84.0466,-55.8666,-69.5074,-96.6547,-123.79,-91.7189,-99.1024,-72.3978,-103.65,-22.9567,-5.35282,-3.57107,-54.6116,-43.4071,-49.8091,-24.0737,-8.37426,-19.7018,-172.508,31.76,-27.59
1958-02-11 01:29:00,-1382.17,-3177.71,-303.977,-130.959,-217.824,-439.676,-506.79,-394.017,-457.189,-245.618,-481.662,-1339.73,-147.085,-83.489,-114.525,-174.784,-178.43,-159.646,-178.452,-121.588,-181.737,-99.5681,-24.7918,-19.7623,-370.858,-141.957,-341.921,-169.213,-87.1399,-126.954,-1123.46,138.73,-119.98
1958-02-11 01:30:00,-326.657,-708.404,-161.012,-70.122,-107.354,-102.601,59.8852,-76.892,-90.5604,-105.618,-54.1306,-649.159,-99.9313,-64.701,-79.4595,-77.4457,-40.3034,-70.3959,-74.0887,-78.3612,-64.4719,-57.6627,-14.7651,-10.6104,-94.7407,14.4516,-72.5786,-36.4075,-38.4581,-15.8859,-228.277,70.11,-28.27
1958-02-11 01:31:00,-49.2862,48.5708,-40.0053,-25.906,-25.4107,27.0328,33.527,20.7053,33.481,-16.8696,42.0162,-964.089,-112.281,-73.3269,-90.6879,-113.589,-138.574,-108.693,-115.304,-92.5525,-119.081,-33.8762,-9.13846,-5.23034,-5.00696,3.70096,0.504227,2.81649,-9.17241,6.11645,5.48375,40.53,-14.24
1958-02-11 01:32:00,0.452939,245.396,-0.151521,-8.1743,0.249759,46.2198,58.7057,37.3541,49.8378,7.51203,53.8427,-1079.37,-132.643,-82.5113,-105.393,-133.985,-124.313,-124.217,-134.748,-108.035,-133.525,-29.6844,-7.30873,-3.96881,4.90932,10.958,11.6301,6.94388,-1.56532,8.5389,49.6929,35.6,-13.64
1958-02-11 01:33:00,-227.34,-375.162,-35.9785,-24.1431,-28.482,-40.5825,-78.2772,-42.5706,-43.7335,-28.9984,-52.3958,-863.488,-116.01,-76.9536,-93.7919,-102.406,-85.843,-96.1517,-101.282,-93.8065,-97.2438,-33.8262,-9.1588,-5.56531,-53.5262,-24.1318,-48.7109,-22.4679,-13.2956,-16.6569,-156.4,43.59,-27.35
1958-02-11 01:34:00,35.6526,177.771,-1.72448,-6.60776,-2.5508,25.5746,70.8045,23.7842,29.1758,1.60652,37.708,-372.635,-67.5389,-56.9322,-59.6538,-34.1632,-8.82708,-35.6137,-30.7017,-55.3714,-23.8331,-15.4761,-5.18017,-2.43711,11.6569,18.5558,13.8901,7.65895,-1.55623,8.54036,53.1426,17.17,-0.32
1958-02-11 01:35:00,49.6972,237.367,24.8791,3.71449,14.63,40.2583,23.7232,31.93,40.8935,18.3598,38.9783,-502.899,-62.253,-55.8202,-58.0068,-50.0867,-64.6125,-53.1885,-50.3025,-56.0979,-52.5313,-8.45799,-3.63365,-1.15774,19.1753,3.88411,17.8453,10.1927,4.04603,7.80311,62.2172,10.36,-2.16
1958-02-11 01:36:00,118.818,435.436,43.0679,14.1188,27.8259,60.4418,77.3637,52.8994,62.4347,32.0287,65.2551,-512.072,-63.893,-55.7848,-59.5761,-55.8152,-51.3816,-56.2544,-55.6718,-58.4629,-55.2319,-4.83423,-2.15575,-0.282318,33.124,18.6955,34.3175,17.1377,8.54979,14.2655,121.958,5.35,2.21
1958-02-11 01:37:00,-25.1279,125.838,29.3801,8.11573,16.7309,20.8577,-12.0365,14.6485,18.8298,17.1544,12.1573,-739.486,-79.9531,-63.562,-72.0101,-85.4556,-103.399,-83.8888,-87.2136,-73.1561,-90.8479,-11.4273,-3.58658,-1.53859,-3.37422,-7.12382,-0.686039,-0.0843143,2.99522,-0.302276,3.10212,16.17,-12.06
1958-02-11 01:38:00,-109.959,-16.8421,6.76613,0.416365,1.47835,-4.57946,-4.14311,-4.46828,-5.64439,0.387057,-7.05477,-987.391,-108.627,-76.3567,-92.6404,-120.793,-130.737,-114.291,-122.874,-95.6882,-125.383,-22.7984,-5.63192,-3.3994,-30.4718,-6.05244,-20.6546,-11.09,-3.49221,-6.36866,-57.2594,30.92,-21.78
1958-02-11 01:39:00,-256.263,-306.413,-21.1432,-12.0085,-18.3506,-41.783,-59.965,-38.6217,-44.2723,-21.5656,-48.703,-1327.5,-147.65,-94.4905,-120.66,-166.721,-175.153,-155.132,-169.543,-125.866,-172.285,-37.6444,-8.74521,-5.8639,-68.8166,-22.6258,-54.32,-27.7432,-12.0115,-18.492,-168.413,50.7,-37.15
1958-02-11 01:40:00,-91.4933,-30.0769,-8.82849,-5.92607,-8.00959,-5.76748,14.6277,-3.64154,-4.4373,-7.9023,-0.191795,-751.313,-110.523,-78.8801,-92.7561,-88.6079,-45.3814,-82.4238,-85.3841,-91.4672,-75.8899,-26.6433,-6.71931,-4.07589,-24.1698,2.18525,-15.234,-7.88195,-6.11797,-2.83636,-43.2133,32.86,-15.42
1958-02-11 01:41:00,-197.207,-388.854,-33.2294,-18.0443,-26.381,-49.7607,-75.585,-46.7728,-52.2529,-29.3393,-57.4883,-470.396,-69.7938,-63.3763,-65.0544,-43.9796,-39.0468,-46.9708,-41.8358,-61.5111,-38.8275,-22.8919,-7.28209,-4.32948,-47.3843,-21.6427,-44.7679,-20.9389,-12.1877,-15.7821,-147.957,30.12,-19.13
1958-02-11 01:42:00,44.8089,183.628,1.12719,-1.07198,0.351092,21.8719,74.2938,22.6362,25.7343,3.01903,35.6659,-284.388,-44.8217,-52.1381,-48.0543,-21.2873,-11.3213,-26.5959,-19.3717,-44.0156,-16.7822,-9.77223,-4.03792,-1.79279,11.7428,19.3923,14.3084,7.33048,-0.651697,8.28953,54.7689,11.11,1.15
1958-02-11 01:43:00,185.389,606.582,60.0936,23.107,41.4858,87.7983,86.4021,76.4688,90.7483,47.3951,93.0833,-569.784,-59.1462,-58.5071,-59.7409,-60.4161,-80.7631,-63.2454,-62.0054,-59.3828,-66.5774,-0.0379143,-1.08416,0.679104,52.7373,19.995,52.3035,26.3203,13.6787,20.7976,178.369,-0.7,6.32
1958-02-11 01:44:00,214.59,643.016,73.4622,31.1171,50.6011,87.527,90.5902,76.7422,88.9182,54.983,89.075,-319.673,-44.0762,-50.3599,-48.1188,-31.2653,-10.7579,-33.5298,-29.7283,-45.7712,-26.0657,6.26375,0.658842,1.76442,59.0524,23.7613,56.9564,28.1038,16.7438,21.2852,193.79,-9.19,11.61
1958-02-11 01:45:00,15.6098,184.033,43.523,18.6961,28.2164,25.3253,-14.4436,19.4553,22.269,27.3764,13.6147,-519.651,-51.0695,-54.1816,-54.1767,-54.8491,-76.783,-57.6261,-56.3108,-54.0827,-60.572,-1.8678,-1.38722,-0.0504214,6.84227,-6.75887,7.11192,3.39353,7.15226,1.1741,26.3798,4.44,-6.33
1958-02-11 01:46:00,-44.2828,-28.2127,9.71749,6.38285,5.53245,-10.1041,-9.30936,-7.81396,-11.8096,2.92273,-13.7312,-238.236,-35.1262,-45.2095,-41.5457,-22.3315,5.72671,-24.6429,-20.3863,-39.1338,-15.5872,-5.72027,-2.46446,-1.17955,-12.6188,-2.26693,-9.98422,-5.54771,-0.499256,-4.00155,-29.6428,8.46,-6.18
1958-02-11 01:47:00,-134.41,-271.352,-15.9912,-5.53069,-12.3865,-39.2835,-59.0946,-35.0016,-41.8037,-16.2143,-46.0462,-272.15,-24.8267,-41.5807,-35.0789,-21.8518,-40.2005,-27.7237,-22.2801,-33.4131,-25.1947,-9.05806,-3.88328,-2.20431,-34.5295,-17.287,-32.3937,-15.917,-6.71351,-12.424,-107.22,14.18,-13.01
1958-02-11 01:48:00,0.133347,-4.20805,-7.83119,-0.824104,-4.64075,-6.00573,25.4794,-1.95098,-4.44,-5.13544,1.14076,46.1729,-2.3596,-29.1173,-17.7827,14.7291,46.0695,8.73596,17.2995,-13.9357,22.5342,-2.24553,-2.287,-1.00138,-1.23747,8.54088,-0.272101,-0.223673,-2.25324,1.11285,1.37335,2.94,1.7
1958-02-11 01:49:00,170.068,403.927,36.2543,17.524,27.0167,54.8892,68.6038,49.9652,57.552,30.4037,61.7184,79.4022,17.5425,-20.7654,-4.40425,24.2781,4.53345,13.6349,24.3711,-1.08883,21.3007,11.8752,0.937135,1.74724,46.8476,18.4743,42.373,21.4431,10.1756,16.1944,140.378,-15.34,14.35
1958-02-11 01:50:00,561.262,1310.86,122.73,57.8851,89.9628,174.002,232.8,158.46,181.257,100.216,193.547,535.392,52.9222,-1.2442,22.6164,77.257,120.036,65.7695,81.1136,28.8315,88.09,38.7555,8.11504,7.22833,148.576,66.6505,137.742,67.8592,34.768,51.5674,458.592,-53.72,48.95
1958-02-11 01:51:00,818.268,1974.52,218.247,100.765,156.909,268.626,269.924,238.35,274.204,170.337,277.153,493.07,76.7248,8.42291,38.1564,80.1191,32.8556,62.4193,79.4514,42.7223,72.1983,65.0317,14.9157,12.5585,220.616,73.2559,201.742,99.4302,58.8571,71.861,666.058,-86.32,65.89
1958-02-11 01:52:00,575.595,1595.3,209.651,101.472,149.489,209.76,175.054,184.941,208.932,155.697,200.309,-269.979,-0.0443492,-20.6154,-15.9435,-36.0186,-51.9402,-37.3341,-40.2416,-19.6521,-48.1895,45.9847,12.8516,9.98653,150.222,44.737,143.743,68.2444,51.5764,48.2487,482.605,-58.26,34.73
1958-02-11 01:53:00,353.373,1009.77,156.694,83.217,112.563,122.005,87.8559,109.75,118.172,111.831,107.685,-119.064,1.02644,-19.3707,-13.0629,-13.3551,-16.5648,-14.7627,-14.0439,-14.1228,-14.8079,34.6059,10.356,7.47971,89.0739,22.8121,86.4045,39.2494,37.045,26.3461,288.873,-43.05,21.45
1958-02-11 01:54:00,497.964,1323.08,167.831,92.6685,124.037,159.32,180.34,148.778,160.7,126.401,162.999,122.992,15.3105,-11.3993,-1.03275,18.1378,43.0659,14.752,19.8262,0.444473,23.8876,40.2424,12.2903,8.74758,124.275,49.7424,122.316,56.2779,42.4925,41.5804,408.224,-53.38,36.36
1958-02-11 01:55:00,612.933,1549.9,195.372,106.881,145.224,193.64,192.177,177.687,195.078,149.29,194.552,348.497,45.6782,1.81402,20.9269,53.5549,48.7557,43.8012,54.8215,24.2327,54.9115,53.0729,15.2903,11.0791,158.092,53.1156,149.988,70.611,51.0846,50.5992,494.373,-70.46,48.1
1958-02-11 01:56:00,873.541,2131.55,249.402,135.083,186.294,268.392,299.652,246.893,272.958,194.415,278.459,744.335,81.6257,20.6447,48.0023,101.958,132.705,89.4653,105.414,53.7994,110.721,72.9621,20.6927,15.0125,225.324,84.9654,212.672,100.942,67.3677,73.6023,702.471,-98.61,72.46
1958-02-11 01:57:00,1017.49,2496.88,303.554,162.28,225.837,319.356,315.881,290.195,322.583,235.184,322.013,756.165,103.332,30.8362,62.9035,107.676,81.8281,90.8917,107.868,67.4511,103.378,89.6948,25.3087,18.3773,265.059,87.3697,247.845,118.047,81.5846,84.2085,816.125,-119.23,82.14
1958-02-11 01:58:00,1153.25,2807.56,343.216,185.835,256.04,354.785,362.159,323.925,358.036,265.573,357.993,1029.2,123.415,44.5623,79.2289,135.07,162.944,120.199,137.735,84.776,141.264,102.885,29.6717,21.1344,297.92,102.786,279.448,132.364,92.4523,94.5853,920.747,-137.44,95.06
1958-02-11 01:59:00,913.416,2292.24,319.331,178.997,239.097,286.242,216.024,259.608,282.874,241.858,268.208,632.364,109.328,38.643,68.267,87.8248,28.2688,72.9058,84.6909,69.2111,73.2242,94.4962,28.2608,19.5196,235.632,58.7025,220.468,102.778,83.8939,69.6649,720.496,-122.07,70.85
1958-02-11 02:00:00,409.817,1110.12,192.032,130.824,151.167,110.704,81.75,108.78,103.233,142.512,89.1213,368.743,65.7343,24.7161,39.7864,39.7803,49.2464,36.7388,38.2863,37.981,36.4739,56.8235,20.3922,12.2134,92.4306,23.6734,93.3031,38.0584,49.3274,23.5947,308.637,-71.38,29.8
1958-02-11 02:01:00,2000.4,5311.15,511.549,283.138,392.608,664.525,966.38,625.147,692.987,423.174,751.637,-143.493,18.6894,4.20703,6.94392,-24.4223,-59.9775,-23.199,-28.9944,1.44175,-38.1817,116.405,40.4609,28.0745,495.968,255.55,501.251,234.147,142.258,186.289,1695.89,-164.77,139.74
1958-02-11 02:02:00,4153.05,9824.19,1060.1,523.071,782.403,1318,1376.5,1185.15,1350.86,846.102,1382.01,3933.66,332.946,153.278,242.526,507.033,817.3,473.116,536.195,273.95,597.313,306.998,85.5924,64.5981,1107.92,398.161,1027.39,500.641,294.694,367.051,3365.2,-431,356.85
1958-02-11 02:03:00,2629.38,5887.99,849.948,446.193,621.26,759.447,490.305,667.814,742.722,632.098,678.206,4176.96,537.501,229.383,375.746,604.033,333.642,516.062,605.054,403.096,572.439,306.621,80.3637,58.2219,708.152,143.433,616.132,298.4,227.669,190.389,1990.54,-397.54,241.3
1958-02-11 02:04:00,872.181,3428.92,573.292,344.615,430.96,384.947,232.036,358.48,365.619,416.872,322.099,-3337.62,-169.355,-60.3814,-133.348,-490.552,-709.76,-448.543,-533.162,-182.354,-610.169,87.9145,44.3641,25.4848,180.753,35.0471,222.515,84.9078,133.182,58.0118,779.571,-97.67,-5.06
1958-02-11 02:05:00,-602.287,-1268.26,85.9784,135.6,87.8005,-251.478,-512.382,-208.377,-288.565,37.4963,-354.328,370.592,0.263805,16.8677,7.05204,13.3384,195.637,38.917,25.6783,5.23957,67.5973,18.9215,20.4844,6.48643,-186.774,-129.295,-162.428,-96.4857,12.7986,-85.9958,-572.817,-16.75,-46.22
1958-02-11 02:06:00,-1597.98,-3203.95,-257.615,-13.6762,-143.286,-519.946,-548.676,-427.135,-541.408,-196.016,-556.192,-2645.39,-208.799,-88.5128,-150.135,-351.171,-565.032,-322.244,-371.125,-176.271,-412.102,-103.192,-8.53617,-15.8291,-470.877,-167.761,-392.911,-212.303,-72.5418,-154.029,-1291.62,147.22,-159.14
1958-02-11 02:07:00,-2524.77,-5211.26,-530.931,-150.173,-333.383,-753.221,-845.24,-644.718,-774.345,-387.661,-791.587,-4409.88,-468.002,-202.386,-330.558,-611.459,-630.874,-537.911,-626.399,-365.874,-636.417,-221.097,-36.3778,-36.1198,-705.115,-249.373,-600.744,-310.776,-144.119,-221.052,-1981.42,295.71,-247.64
1958-02-11 02:08:00,-2929.13,-6160.24,-730.125,-253.415,-470.747,-865.008,-835.584,-742.488,-876.313,-518.286,-868.274,-5106.64,-599.344,-271.61,-421.971,-688.039,-674.01,-607.141,-696.927,-453.279,-694.322,-294.158,-56.1763,-49.3083,-806.593,-248.429,-690.005,-350.808,-191.323,-242.329,-2265.67,382.7,-280.76
1958-02-11 02:09:00,-3176.56,-7240.55,-886.567,-346.123,-584.801,-977.634,-988.625,-854.778,-988.744,-628.613,-984.669,-3784.03,-525.331,-253.036,-367.848,-487.866,-403.409,-429.596,-482.216,-378.675,-456.049,-311.934,-67.9373,-55.3405,-846.808,-279.019,-754.18,-373.132,-225.573,-262.639,-2503.21,400.14,-273.21
1958-02-11 02:10:00,-2873.78,-6335.01,-876.926,-361.943,-578.895,-840.315,-705.626,-730.893,-836.059,-603.509,-800.847,-4670.66,-591.556,-295.726,-422.041,-593.149,-599.015,-537.281,-597.486,-438.135,-596.272,-324.623,-73.3621,-56.972,-766.738,-210.92,-670.223,-329.664,-219.388,-221.889,-2198.06,413.26,-262.46
1958-02-11 02:11:00,-2416.99,-5685.12,-808.358,-356.091,-538.987,-722.164,-656.573,-641.007,-717.357,-551.731,-692.854,-2850.04,-451.081,-243.747,-323.07,-342.387,-231.12,-308.221,-331.194,-319.357,-299.86,-278.178,-68.6583,-50.4013,-621.5,-183.912,-563.488,-269.323,-197.493,-184.031,-1869.38,347.61,-200
1958-02-11 02:12:00,-1621.52,-3192.6,-583.917,-271.734,-384.951,-382.276,-184.212,-336.559,-362.634,-373.829,-312.484,-4799.97,-570.383,-310.165,-420.578,-589.511,-703.685,-549.052,-600.594,-435.417,-620.583,-255.608,-61.6474,-43.1778,-420.302,-75.7733,-353.614,-168.457,-142.104,-100.833,-1129.11,319.13,-173.28
1958-02-11 02:13:00,-897.447,-1528.73,-346.642,-182.813,-228.983,-138.894,-67.9667,-135.908,-123.281,-207.24,-97.0051,-3819.75,-544.944,-300.918,-401.617,-478.763,-339.339,-431.882,-472.413,-405.207,-444.671,-197.866,-48.3496,-31.4121,-211.884,-30.9734,-174.143,-77.2765,-84.9799,-40.562,-552.017,238.33,-107.1
1958-02-11 02:14:00,-125.902,310.177,-117.019,-85.3616,-74.9762,98.1119,198.795,75.5933,115.929,-44.628,143.733,-3168.4,-445.602,-271.113,-338.287,-363.959,-359.938,-343.865,-359.949,-334.93,-350.762,-125.283,-32.3102,-18.107,-7.37017,39.4162,9.74061,12.6831,-27.6755,23.0034,61.7876,144.82,-42.87
1958-02-11 02:15:00,-461.699,-839.902,-123.363,-92.5738,-94.0506,-58.4319,-167.298,-77.6992,-61.9787,-83.0358,-81.4711,-1762.65,-315.538,-215.75,-248.622,-186.09,-62.0405,-179.589,-173.856,-234.942,-146.222,-97.6,-29.2065,-16.0666,-85.7115,-46.9807,-89.517,-34.1028,-36.797,-25.7169,-294.719,117.12,-49.86
1958-02-11 02:16:00,-341.12,-616.458,-120.544,-84.5053,-94.145,-60.8009,-1.16825,-62.7668,-57.4932,-85.5973,-49.4372,-1365.67,-211.924,-177.474,-183.424,-118.877,-143.441,-132.269,-114.608,-170.147,-113.506,-73.8196,-25.2097,-13.6072,-72.4661,-5.73952,-70.4033,-28.1539,-35.2049,-16.5156,-213.55,90.98,-36.59
1958-02-11 02:17:00,-279.095,-700.587,-97.0145,-76.5457,-82.4309,-65.1805,-93.7946,-72.0778,-65.8326,-76.8521,-70.8583,-369.508,-111.837,-129.104,-114.236,-5.14461,83.3821,-22.02,4.54718,-96.9015,21.8066,-46.2839,-20.476,-10.1603,-50.3338,-21.8681,-61.4762,-22.1098,-29.4935,-16.8928,-202.865,57.29,-18.94
1958-02-11 02:18:00,379.646,1184.23,64.7987,-0.915585,34.429,177.332,291.805,154.978,190.92,54.6907,216.189,-1217.24,-119.242,-136.844,-127.938,-106.833,-231.396,-126.367,-112.371,-122.533,-133.712,-12.4396,-10.329,-2.40037,109.915,69.0941,106.273,56.7221,13.7398,49.0716,378.916,14.14,14.87
1958-02-11 02:19:00,-472.559,-886.023,-38.9173,-51.134,-49.7119,-86.5076,-270.495,-101.579,-99.1975,-52.7949,-135.686,-1418.48,-178.206,-152.619,-167.772,-169.988,-86.9334,-164.828,-169.334,-166.836,-161.97,-48.3744,-18.6254,-9.8675,-103.295,-75.4545,-106.595,-46.4571,-24.0567,-39.8335,-349.959,69.1,-53.5
1958-02-11 02:20:00,187.445,507.203,6.14063,-17.5864,-9.40681,58.677,244.63,58.1449,68.9817,-0.681,98.3033,-204.784,-39.7899,-96.7091,-70.2313,17.6676,-2.6949,-4.21816,22.7081,-57.8584,26.342,-7.54753,-9.70149,-3.32287,48.2274,65.1624,46.314,25.2167,-2.41907,25.5153,181.155,8.78,15.07
1958-02-11 02:21:00,303.196,856.026,115.789,22.0082,63.4434,146.025,40.5835,113.669,146.327,74.3632,133.818,-517.13,-62.6569,-99.8279,-86.9859,-44.502,-1.83659,-55.9869,-43.1088,-81.4105,-40.8149,11.3962,-4.31966,1.20401,100.233,10.7577,83.4196,46.6821,21.9072,31.916,273.816,-12.84,16.54
1958-02-11 02:22:00,733.371,1977.6,186.959,67.2342,119.252,258.915,410.81,233.518,270.608,135.871,294.434,-432.619,-19.0715,-84.4885,-58.4327,-15.1266,-116.839,-37.2755,-17.5644,-52.7814,-31.0396,36.753,3.23639,6.23748,191.986,105.178,182.97,90.9677,43.6598,72.3827,637.481,-47.5,48.39
1958-02-11 02:23:00,-473.237,-372.852,79.4109,9.898,32.2723,-17.8077,-329.767,-43.5484,-36.6598,25.2486,-91.899,-3311.89,-304.204,-202.393,-262.668,-433.045,-493.26,-405.018,-450.079,-284.791,-476.428,-50.5806,-13.6811,-7.64931,-110.291,-106.643,-95.5695,-46.0726,-2.29623,-40.4538,-307.537,79.98,-85.72
1958-02-11 02:24:00,-386.243,-648.714,-88.0442,-39.447,-74.0443,-133.751,111.436,-103.149,-131.605,-83.9884,-106.12,-931.712,-153.061,-136.985,-146.472,-103.329,5.15139,-96.6046,-93.3067,-140.921,-66.1835,-53.5312,-15.803,-10.7855,-124.035,29.9248,-97.6865,-51.8373,-33.558,-28.9312,-276.323,70.5,-39.42
1958-02-11 02:25:00,692.976,2056.06,233.464,82.6753,153.64,313.867,185.115,268.832,322.552,173.556,322.36,-1335.56,-152.712,-139.764,-149.137,-146.086,-155.132,-148.455,-146.642,-148.323,-149.307,17.0814,1.30609,5.24259,204.161,43.5164,194.898,99.0528,52.707,75.0107,632.576,-25.25,35.15
1958-02-11 02:26:00,-404.2,-1113.46,-78.9408,-36.2955,-69.0114,-178.115,-116.659,-159.224,-188.956,-84.8169,-201.441,608.263,20.315,-62.1035,-22.8347,114.732,196.613,90.973,127.086,-5.20678,148.689,-12.7773,-9.77514,-5.75241,-108.739,-23.6834,-114.98,-54.9549,-28.6989,-44.8386,-363.61,21.11,-19.48
1958-02-11 02:27:00,751.941,2148.59,226.667,87.1859,153.013,311.641,264.232,275.056,323.172,172.372,335.251,-1123.57,-75.4956,-104.74,-97.3695,-115.28,-227.518,-128.779,-124.456,-99.7946,-150.132,32.8512,4.55605,7.15622,209.371,61.8846,202.858,100.919,54.146,78.1993,669.231,-42.14,40.57
1958-02-11 02:28:00,-503.661,-1438.74,-102.165,-43.0558,-83.3557,-220.643,-198.279,-198.842,-234.772,-102.668,-254.963,929.555,58.3333,-36.2553,5.9428,137.779,291.642,119.3,151.002,21.6482,180.162,-9.37364,-8.80721,-5.68003,-135.675,-41.8628,-142.74,-68.7943,-33.6811,-57.0472,-461.461,18.46,-23.74
1958-02-11 02:29:00,1377.21,3684.61,349.526,147.18,246.911,514.617,568.646,464.424,538.374,279.988,574.943,-964.581,-19.4444,-78.4674,-58.1969,-84.6214,-316.869,-106.67,-98.3981,-62.143,-139.77,72.3347,15.0209,15.2896,369.388,139.718,359.041,176.247,91.7344,138.434,1192.23,-96.42,88.56
1958-02-11 02:30:00,-1413.69,-3195.39,-204.083,-88.3046,-159.828,-445.577,-654.121,-415.538,-480.663,-197.787,-549.493,-1186.06,-142.605,-114.061,-136.337,-174.354,6.44857,-153.925,-173.066,-143.073,-155.086,-76.6511,-21.0222,-16.479,-375.214,-174.268,-358.442,-176.816,-71.8803,-142.913,-1171.86,116.29,-125.54
1958-02-11 02:31:00,2500.61,5756.88,451.283,209.205,332.446,752.96,1205.1,707.675,803.457,383.942,910.812,2448.37,235.037,40.6139,134.974,373.821,373.825,321.266,391.557,164.532,412.748,151.546,32.691,28.6555,651.768,335.653,619.258,303.186,135.248,242.605,2056.43,-218.81,225.37
1958-02-11 02:32:00,-439.676,-577.392,139.941,54.9082,83.6497,-36.8573,-562.777,-75.4316,-72.5773,67.3437,-175.591,-2135.09,-124.033,-109.259,-129.454,-273.823,-436.553,-269.741,-296.79,-149.489,-345.945,2.97467,-0.357557,1.02904,-89.0541,-166.662,-101.133,-46.8866,16.9712,-56.5581,-351.656,17.02,-71
1958-02-11 02:33:00,526.635,1371.68,94.4739,68.9109,73.4394,114.539,497.49,135.756,128.975,75.1165,182.981,509.202,27.1007,-37.5613,-10.0905,74.0741,190.737,68.0368,85.144,-1.141,112.902,26.7844,6.97168,4.82069,102.994,139.942,119.751,50.3317,25.1989,49.8407,441.955,-39.06,45.62
1958-02-11 02:34:00,803.728,2956.39,375.606,169.776,267.034,429.521,210.312,370.697,432.817,286.283,414.343,-3632.81,-281.364,-180.787,-239.367,-461.671,-726.643,-439.41,-488.889,-268.362,-546.314,19.5064,10.5991,9.86226,220.847,28.6126,233.741,111.125,86.0435,83.3923,780.058,-20.58,3.09
1958-02-11 02:35:00,-735.168,-1218.5,-43.2511,6.19835,-31.3498,-207.856,-220.845,-182.002,-226.95,-56.7944,-255.65,-1760.48,-266.432,-162.104,-213.514,-252.668,7.96626,-212.354,-242.505,-219.408,-199.463,-69.0473,-11.2029,-10.297,-213.353,-58.6176,-178.613,-95.4788,-27.3908,-71.1676,-559.918,93.21,-82.04
1958-02-11 02:36:00,1261.41,3255.46,302.936,156.674,227.691,421.246,573.258,395.112,442.793,250.042,485.71,46.3956,-26.8697,-74.0367,-46.4495,55.9381,1.1751,33.9724,64.3382,-32.5458,70.8735,60.4535,16.6974,14.3724,330.37,152.983,324.06,155.792,82.7918,123.891,1072.12,-91.22,98.07
1958-02-11 02:37:00,32.9526,586.092,158.648,89.7707,115.648,78.4231,-115.317,59.8985,64.7686,109.035,25.2173,-1632.29,-170.46,-130.753,-151.731,-201.381,-203.186,-193.655,-207.033,-157.853,-216.236,-3.29972,2.98382,2.45316,14.1352,-38.454,19.4742,6.64357,30.6647,-1.64828,64.8926,8.24,-23.7
1958-02-11 02:38:00,-207.442,-142.84,19.0655,38.9658,22.5241,-55.4577,-16.9219,-37.3645,-60.9153,10.2382,-62.9739,-1105.83,-126.36,-115.109,-119.712,-119.051,-147.98,-119.098,-119.189,-119.129,-120.199,-24.0639,-3.05407,-2.93252,-68.4733,-10.1142,-47.9304,-29.6626,-1.0692,-20.1418,-143.372,33.31,-30.76
1958-02-11 02:39:00,-203.106,-79.3184,22.2195,33.7373,26.0459,-20.1764,-90.8482,-13.0373,-24.0998,18.9785,-32.1379,-1486.66,-178.603,-134.249,-155.925,-185.361,-132.226,-173.684,-185.844,-159.435,-181.335,-35.0506,-5.22195,-4.05283,-56.682,-29.2407,-36.4315,-22.0802,0.342131,-14.6881,-122.246,45.76,-35.1
1958-02-11 02:40:00,-947.128,-2344.95,-216.968,-69.6271,-144.232,-340.446,-379.87,-297.515,-354.475,-169.861,-371.959,-128.354,-38.8507,-78.3099,-56.2855,18.5822,11.3189,4.05432,24.7317,-46.1271,32.5319,-56.2846,-15.7092,-12.3462,-252.734,-100.917,-239.593,-119.032,-58.8261,-91.6869,-801.198,78.08,-67.85
1958-02-11 02:41:00,-11.0188,561.527,-22.6746,13.9066,3.18441,58.5749,236.014,72.6826,74.284,10.3974,115.158,-2330.75,-222.409,-156.304,-191.229,-293.441,-353.837,-279.04,-304.872,-203.942,-325.671,-54.6922,-9.67766,-7.00769,-21.4315,49.5764,17.0598,2.59044,-4.22629,16.7898,89.3112,68.07,-32.26
1958-02-11 02:42:00,764.059,1830.74,154.552,85.6605,126.028,253.54,293.9,229.513,264.895,142.9,279.75,552.029,-13.8416,-61.7044,-34.7593,91.0193,256.253,81.687,107.49,-18.6693,144.555,30.8125,7.54727,7.61288,211.671,88.1058,197.481,98.3472,47.3134,75.1679,643.179,-52.65,68.23
1958-02-11 02:43:00,748.158,1960.02,222.028,114.85,169.486,271.649,216.352,239.26,274.684,182.616,269.093,-204.004,5.33979,-59.7651,-28.8046,14.5888,-105.361,-10.2609,11.0787,-22.9667,-7.85268,49.9035,11.8308,10.9167,208.241,53.7334,191.636,94.4941,60.4966,66.9067,628.458,-67.26,52.44
1958-02-11 02:44:00,-747.219,-1595.55,-83.2075,-15.5237,-53.8258,-227.764,-387.456,-209.689,-249.338,-76.4024,-292.347,-941.335,-90.97,-92.9005,-95.659,-117.345,-87.8067,-114.146,-120.454,-99.0746,-122.978,-38.5902,-9.12516,-7.43126,-198.108,-106.691,-186.317,-94.0093,-29.4247,-77.5209,-616.769,59.77,-70.68
1958-02-11 02:45:00,450.468,1121.03,53.5984,52.5657,56.1858,117.738,340.407,129.314,132.704,63.2565,175.263,306.948,20.1183,-44.7099,-13.9892,62.1937,94.6811,47.1985,68.2018,-4.89087,78.1449,16.256,4.12124,3.45099,102.751,94.3993,111.441,50.3396,21.0715,46.6364,383.018,-27.33,40.12
1958-02-11 02:46:00,753.513,1690.09,192.114,102.374,149.012,240.15,153.51,211.096,243.593,160.737,237.506,932.117,94.1436,-8.19898,39.3696,142.263,189.571,118.027,148.563,51.3913,156.986,63.1923,13.905,12.045,213.028,48.1281,188.032,94.1469,55.9592,65.0761,597.423,-86.41,69.68
1958-02-11 02:47:00,355.47,626.769,89.0415,65.7758,75.0457,64.9113,77.8529,62.7775,61.9326,72.9236,56.508,1274.47,165.83,24.2607,88.9576,195.544,148.869,160.075,197.79,101.09,192.052,56.6045,11.1348,8.68098,92.715,26.4035,74.5594,35.8723,28.332,21.1673,240.97,-71.23,43.27
1958-02-11 02:48:00,376.353,965.617,123.915,79.4668,100.427,121.265,87.403,112.258,121.073,102.37,117.439,122.561,62.1576,-12.3307,15.5283,18.3008,4.83029,6.43122,13.0155,13.5971,1.03059,41.08,10.3489,7.70152,95.5957,23.5009,91.5904,42.257,34.9149,29.3637,299.593,-50.17,26.59
1958-02-11 02:49:00,636.861,1000.65,109.834,78.9489,92.6785,111.419,170.286,109.561,113.652,93.9536,120.318,2712.13,278.19,87.8211,176.569,369.61,475.83,330.558,384.732,198.481,410.338,86.2831,17.7399,13.244,166.74,63.4358,137.758,67.4529,39.0856,45.122,436.321,-114.9,85.64
1958-02-11 02:50:00,875.683,2001.18,226.578,126.986,175.69,265.238,237.221,240.931,270.12,186.223,272.19,915.975,194.918,51.6227,111.189,138.988,-22.5463,105.159,129.055,111.938,95.6512,93.2803,21.8534,16.6514,231.226,62.4348,210.2,101.738,66.8155,71.4833,683.793,-117.85,74.04
1958-02-11 02:51:00,-149.702,-580.752,7.61583,34.4429,15.9159,-97.6837,-200.356,-87.4033,-112.203,0.308061,-141.389,1110.89,151.786,47.166,88.3693,128.978,216.694,118.879,130.763,89.7741,138.476,35.6013,8.39914,4.47004,-44.862,-45.253,-52.8334,-28.5079,3.50191,-30.2181,-188.062,-38.2,0.16
1958-02-11 02:52:00,888.205,1740.03,140.808,99.8494,120.863,200.511,384.405,201.087,214.013,129.614,248.883,2250.59,282.105,103.319,183.54,307.456,282.128,270.387,312.463,195.97,313.226,93.9536,21.8586,15.5042,220.064,113.23,202.677,96.2855,50.9739,73.6577,666.505,-125.18,96.52
1958-02-11 02:53:00,1956.73,4704.61,467.176,241.27,354.246,626.993,730.433,570.115,648.461,387.609,678.311,1331.93,209.86,79.7248,133.06,168.711,141.14,146.994,165.126,133.811,153.507,149.405,40.1526,30.1274,510.843,200.212,482.206,233.443,135.317,175.022,1596.87,-202.12,157.74
1958-02-11 02:54:00,2373.32,5940.58,667.603,336.428,493.948,789.645,803.309,707.58,803.517,528.839,809.707,958.785,172.383,66.5909,108.962,120.029,61.2952,104.814,115.426,106.72,102.565,184.998,52.6666,39.1122,622.687,216.633,586.897,282.61,181.751,205.961,1945.87,-247.9,179.55
1958-02-11 02:55:00,1218.13,3018.03,492.936,265.134,361.368,390.528,118.848,338.439,372.913,361.188,316.672,1172.72,155.464,67.6729,103.096,133.81,203.62,126.917,135.859,103.232,143.054,142.896,42.6382,29.4985,324.608,39.4122,292.168,137.298,125.281,84.3326,939.043,-182.83,96.26
1958-02-11 02:56:00,-979.414,-2919.62,-110.403,11.3531,-68.3789,-451.289,-719.486,-399.946,-493.163,-121.394,-566.918,2403.66,292.722,125.788,202.952,323.467,293.929,289.025,329.214,215.117,331.445,41.2147,10.985,2.8328,-268.183,-180.828,-279.786,-143.613,-32.65,-129.387,-971.324,-35.15,-43.24
1958-02-11 02:57:00,-1374.38,-3246.79,-336.374,-82.2849,-212.396,-513.811,-388.798,-422.801,-524.276,-253.587,-512.464,-623.709,37.2086,18.6182,17.8537,-99.3603,-232.746,-94.6099,-116.886,-0.288214,-153.499,-65.4781,-10.2799,-14.3706,-409.929,-112.534,-355.459,-187.498,-85.226,-133.608,-1159.69,100.6,-114.09
1958-02-11 02:58:00,1390.66,3308.07,187.429,139.865,175.79,413.166,781.581,410.044,452.861,205.315,542.017,1145.77,108.564,58.2614,80.2283,122.299,277.506,126.95,131.232,82.4065,158.327,65.388,24.1743,15.4874,339.116,219.018,349.983,164.215,72.1133,141.165,1165.98,-104.46,120.22
1958-02-11 02:59:00,1400.25,2561.77,321.156,178.469,253.594,378.148,114.985,323.361,376.844,270.184,345.026,3979.71,401.764,185.649,292.41,530.927,636.386,482.648,550.363,320.047,579.515,160.268,39.1425,29.0248,404.085,54.7576,333.055,169.556,102.908,107.45,1021.76,-218.57,159.92
1958-02-11 03:00:00,-963.978,-3553.26,-271.085,-67.0621,-173.765,-521.657,-668.753,-464.349,-555.774,-218.679,-612.139,4584.02,539.498,250.833,387.448,614.734,588.199,546.287,623.152,412.908,620.961,61.1277,9.18585,2.34594,-256.136,-156.158,-293.409,-143.039,-57.8543,-130.041,-1018.84,-64.13,-9.27
1958-02-11 03:01:00,929.453,1517.15,39.0933,71.0041,65.32,162.952,472.965,183.548,188.295,77.692,256.279,3295.58,464.593,228.312,332.434,422.714,324.632,375.027,416.875,339.263,391.734,112.432,27.0843,17.2015,217.501,138.466,204.124,95.3036,38.9503,78.3893,667.733,-148.68,113.04
1958-02-11 03:02:00,1487.3,3303.06,310.373,179.237,252.308,450.797,474.253,408.287,466.444,278.327,483.038,1882.95,319.629,174.739,232.398,215.338,132.522,197.987,204.885,224.993,180.464,139.542,38.4383,26.6637,388.32,131.54,359.16,174.34,102.046,127.251,1173.56,-184.57,129.17
1958-02-11 03:03:00,2045.58,4624.25,483.046,262.492,373.103,610.396,674.934,552.943,624.925,402.562,639.852,2765.91,341.755,195.135,257.937,320.925,417.901,307.393,325.711,260.582,338.572,182.37,51.7635,36.1866,532.363,195.878,492.267,237.395,145.141,172.218,1616.98,-247,181.6
1958-02-11 03:04:00,1172.27,2096.84,351.913,203.938,269.45,277.657,13.3998,238.043,262.021,269.008,211.411,3898.64,482.998,255.155,360.431,503.209,449.095,458.435,508.612,373.958,506.749,185.175,47.9343,32.7209,322.058,20.5688,260.562,127.287,104.553,71.4114,800.631,-237.59,134.05
1958-02-11 03:05:00,-1397.49,-3489.46,-221.585,-37.5862,-140.246,-522.213,-732.389,-461.466,-560.089,-190.952,-622.929,222.835,164.144,122.561,130.549,-12.5628,-169.803,-7.33948,-33.9358,107.605,-78.3816,-11.9198,3.80509,-4.99683,-396.855,-201.818,-373.659,-193.522,-60.0939,-158.432,-1246.04,40.28,-111.17
1958-02-11 03:06:00,-267.858,-1216.65,-198.269,-22.9101,-105.739,-227.962,20.4734,-163.46,-220.152,-122.375,-176.259,2518.53,265.765,176.583,217.236,280.776,457.988,282.227,292.273,220.799,324.886,15.9119,9.91241,0.726536,-109.215,22.7924,-89.8735,-53.2715,-32.7645,-32.0763,-306.998,-23.98,15.16
1958-02-11 03:07:00,1203.36,2227.35,158.316,116.373,148.655,301.689,369.665,285.465,321.806,169.177,356.202,3140.11,385.434,222.392,300.827,403.862,336.531,370.023,407.555,310.585,402.9,120.893,33.0762,21.9094,317.972,111.357,285.66,140.136,68.6072,103.751,902.332,-167.64,133.39
1958-02-11 03:08:00,-506.456,-1528.8,-101.112,-2.54982,-48.9504,-207.249,-411.322,-192.032,-226.64,-67.8353,-271.107,975.512,194.177,144.632,163.312,92.0273,3.60017,91.8099,80.2756,150.735,54.9428,21.2241,10.418,2.70971,-135.801,-109.6,-141.342,-71.2967,-17.0893,-65.6796,-494.256,-17.99,-30.19
1958-02-11 03:09:00,-145.995,-722.854,-137.731,-10.3303,-66.5956,-137.231,40.7998,-98.2689,-132.572,-74.8234,-106.102,1617.03,193.22,149.731,170.03,168.122,243.14,174.063,170.642,166.506,181.578,12.9765,9.69484,1.71385,-65.9481,20.0854,-53.3746,-32.4791,-18.8405,-19.823,-175.215,-19.71,9.51
1958-02-11 03:10:00,1640.45,3479.36,274.573,160.769,229.119,472.187,603.805,436.841,498.191,261.555,542.319,2708.43,310.52,197.589,255.028,338.241,331.522,318.023,344.204,263.142,350.161,129.652,37.5227,25.877,431.948,173.633,400.118,195.558,97.854,148.289,1297,-184.73,158.72
1958-02-11 03:11:00,-173.382,-610.3,33.1545,47.8738,40.2759,-69.0588,-369.024,-78.867,-91.2399,27.6946,-151.11,763.438,149.764,130.025,137.975,65.8516,-6.4008,69.6936,55.7846,126.367,34.3784,40.7522,16.4791,8.07201,-37.3814,-98.6935,-53.2779,-26.9519,14.0901,-36.4706,-209.852,-45.74,-9.27
1958-02-11 03:12:00,-344.479,-1490.19,-175.383,-28.3333,-100.047,-250.879,-111.744,-202.467,-256.019,-119.187,-246.134,2800.25,283.848,193.034,241.147,334.831,452.481,325.164,346.585,250.702,372.454,24.9753,10.3695,2.03416,-114.418,-12.69,-114.961,-61.4509,-30.5611,-47.777,-390.999,-34,12.52
1958-02-11 03:13:00,854.508,1908.64,141.849,97.7148,128.666,260.269,307.239,244.932,276.535,146.759,304.678,890.735,178.899,140.262,159.219,101.497,-78.7097,93.9622,89.4053,150.258,55.9416,71.1111,24.3093,15.137,219.092,78.9896,211.76,100.968,55.0048,78.1369,683.128,-98.14,73.24
1958-02-11 03:14:00,-704.714,-1847.59,-139.903,-27.9457,-82.7541,-254.537,-417.878,-233.239,-273.85,-103.347,-314.132,434.817,57.1492,97.0199,78.7893,2.51795,95.3464,27.8963,0.630717,67.0468,8.42049,-17.9176,3.26846,-2.88199,-191.502,-107.877,-184.144,-93.3362,-32.1905,-78.1327,-626.014,27.67,-51.03
1958-02-11 03:15:00,-133.884,-941.932,-146.812,-28.2473,-81.0494,-151.145,-49.4148,-117.719,-148.489,-88.7738,-130.282,2426.14,244.247,172,214.394,303.56,333.682,290.182,313.546,224.711,329.824,22.3907,8.81407,2.36801,-46.1557,-0.556712,-51.7577,-27.2473,-21.3251,-20.4139,-194.494,-34.52,26.09
1958-02-11 03:16:00,498.89,980.757,30.4303,44.659,46.4299,125.941,243.127,125.171,139.255,58.2078,167.535,1072,154.53,132.759,146.144,117.404,55.3863,115.025,111.958,141.478,97.316,41.2199,16.2271,8.81696,121.29,66.9592,118.213,55.8373,24.9157,45.4111,388.27,-60.5,50.12
1958-02-11 03:17:00,487.712,1173.7,124.696,77.2957,106.092,176.397,72.7027,152.258,178.196,116.894,169.164,231.733,59.3523,90.9999,78.3639,-0.939858,-49.8869,13.2489,-7.73173,67.4273,-19.1008,40.6243,17.7424,10.4795,132.894,17.5085,124.902,60.1883,41.8336,41.5403,394.862,-57.17,35.68
1958-02-11 03:18:00,-1213.39,-3114.37,-269.317,-90.6721,-181,-437.157,-564.335,-394.075,-461.746,-212.473,-503.598,332.127,26.4426,77.8555,58.0633,5.70064,65.6039,26.5444,6.24887,50.8228,14.8448,-53.1735,-7.05412,-10.6256,-328.59,-148.076,-314.197,-156.99,-69.4753,-125.208,-1049.9,75.57,-87.92
1958-02-11 03:19:00,661.987,1251.38,10.5976,35.1492,32.1345,144.938,425.38,156.794,168.827,47.6247,229.932,1744.81,160.738,131.415,154.35,215.364,249.805,209.32,223.607,162.167,238.044,38.2566,14.7785,8.11465,157.534,122.939,157.809,74.2493,22.1426,66.1631,521.447,-64.43,76.11
1958-02-11 03:20:00,503.041,1146.56,125.317,71.1589,102.859,180.405,50.8713,151.424,181.658,114.676,168.19,405.67,71.241,90.0589,85.4679,34.8799,-35.8093,38.9817,28.5625,79.1488,13.1383,43.4182,16.8021,10.5193,143.929,12.2168,128.066,64.0761,41.5319,42.4815,401.461,-61.25,40.33
1958-02-11 03:21:00,-795.207,-2113.07,-169.514,-54.1818,-112.999,-291.263,-428.009,-265.868,-310.385,-134.531,-346.325,495.728,46.2875,80.7616,69.4834,36.1193,70.6497,49.3432,36.3952,65.2459,41.4422,-26.8419,-1.66341,-5.37647,-211.7,-111.514,-207.288,-103.127,-42.7378,-84.9582,-702.147,38.96,-54.1
1958-02-11 03:22:00,-873.97,-2425.31,-288.688,-103.956,-192.27,-351.121,-273.034,-300.495,-355.955,-211.236,-348.553,796.336,77.7849,90.681,91.035,87.5268,85.9151,91.4161,89.0783,90.9654,91.9338,-45.9461,-7.98187,-10.1768,-245.369,-69.5913,-228.969,-114.737,-67.54,-83.6595,-761.57,60.38,-52.02
1958-02-11 03:23:00,538.716,1291.04,28.2163,27.5284,38.4982,178.582,340.303,173.41,200.28,58.4116,245.812,126.49,21.2288,63.9577,48.3909,-3.38162,-33.1934,7.5507,-6.98312,42.2986,-13.3784,10.9358,8.67021,4.55755,133.996,89.533,141.128,67.7747,21.2298,60.8904,470.576,-25.5,42.64
1958-02-11 03:24:00,-242.654,-654.363,-48.2278,-14.3661,-27.9843,-65.9235,-217.858,-72.407,-74.7054,-30.5357,-102.355,55.3275,-4.60701,51.5154,30.1691,-15.858,-0.111607,-0.225383,-16.5288,24.9308,-13.9571,-11.6104,1.80246,-0.841222,-53.2906,-58.1263,-58.4912,-26.7075,-9.31746,-26.0719,-211.024,13.33,-18.3
1958-02-11 03:25:00,-420.663,-1230.36,-148.428,-52.9097,-97.9252,-174.577,-142.765,-151.96,-178.079,-106.179,-177.533,658.849,42.9144,69.9602,64.1416,69.8301,111.73,76.4553,73.98,65.6808,84.1564,-22.9698,-2.28808,-4.51075,-116.113,-33.8601,-111.281,-55.2071,-33.1939,-41.2398,-372.453,27.13,-21.08
1958-02-11 03:26:00,64.6399,-115.332,-62.7942,-17.7464,-35.228,-16.549,60.5378,-8.87322,-10.0884,-31.2196,6.62868,998.022,93.4377,88.4602,97.6754,123.847,116.778,119.594,126.751,101.925,129.555,7.11101,4.07671,1.19907,15.212,20.5697,10.6743,6.01422,-6.63268,6.41557,28.9699,-15.32,20.35
1958-02-11 03:27:00,290.452,850.718,65.24,32.2628,52.7394,132.796,105.586,115.117,138.802,64.7017,143.473,-594.483,-36.591,29.5384,0.469066,-94.5703,-175.71,-80.115,-103.993,-10.7662,-122.745,6.13317,6.77621,3.75374,79.0521,21.5202,80.99,39.5748,21.3348,31.3167,267.202,-11.81,11.44
1958-02-11 03:28:00,-1212.74,-3084.77,-267.712,-113.501,-192.584,-414.858,-575.372,-381.97,-437.99,-219.438,-481.346,57.3743,-29.3444,34.7226,9.32037,-19.038,69.8647,0.452809,-15.3065,6.4485,0.254133,-65.2921,-13.5059,-13.2899,-317.297,-150.859,-308.315,-150.497,-73.4957,-120.188,-1033.06,90.34,-89.34
1958-02-11 03:29:00,-44.2948,-273.587,-122.046,-46.1625,-77.7931,-50.1714,152.017,-27.2903,-35.8905,-72.9145,6.6645,491.151,38.5075,56.2939,54.5013,63.5873,27.3607,62.8697,65.4109,57.0021,65.6178,-18.1673,-2.34993,-3.44925,-23.636,41.5918,-12.6554,-7.35968,-22.3443,4.07523,-34.8848,16.48,7.07
1958-02-11 03:30:00,-462.045,-1009.07,-114.125,-54.4846,-80.1324,-113.267,-205.929,-111.019,-117.261,-82.0922,-130.76,-886.083,-90.2151,0.345504,-40.1919,-135.756,-159.341,-114.762,-142.58,-51.2126,-152.369,-45.2043,-7.69985,-7.19674,-115.83,-60.9689,-106.748,-50.6211,-29.5249,-38.2508,-356.315,58.82,-46.91
1958-02-11 03:31:00,323.971,727.147,7.23738,3.49812,10.0567,99.4166,235.164,95.4004,112.238,22.9623,141.173,345.256,-7.98366,34.2112,20.7535,33.1185,102.355,42.8585,39.6243,23.6192,56.6994,-0.196896,3.04581,1.49741,82.4239,66.6122,83.4139,41.229,8.61035,37.3356,283.011,-10.15,30.81
1958-02-11 03:32:00,-1120.6,-2955.47,-233.317,-114.804,-174.998,-367.379,-671.611,-352.268,-392.561,-197.259,-451.276,142.506,2.92952,34.0941,24.4886,16.5116,-9.19085,18.4787,16.3795,24.9599,13.8549,-50.5316,-13.7374,-11.4704,-273.52,-179.526,-281.647,-132.642,-65.3418,-112.179,-967.715,73.3,-79.58
1958-02-11 03:33:00,-823.039,-2231.03,-325.481,-140.256,-228.421,-332.565,-69.7821,-277.178,-327.002,-240.461,-289.885,483.389,24.1605,44.621,39.4944,52.8531,102.21,56.0168,56.4428,42.2984,65.2924,-66.0053,-16.5618,-14.6872,-239.122,-14.7494,-215.424,-107.298,-79.203,-69.9884,-687.749,84.28,-51.01
1958-02-11 03:34:00,480.404,847.993,18.5823,-8.99837,14.0047,154.745,143.163,132.539,169.639,34.7852,189.533,962.845,91.8291,70.5822,85.2531,128.372,112.109,118.268,131.47,91.814,133.147,24.6043,3.98465,4.21678,145.478,42.4364,124.646,67.6535,15.1648,52.2207,386.544,-40.63,53.23
1958-02-11 03:35:00,-284.995,-656.007,-87.9799,-49.7529,-67.3843,-79.7045,-57.922,-78.338,-81.7526,-67.1794,-85.9934,-438.952,-24.9616,20.1172,-1.49995,-70.2229,-121.783,-60.975,-77.6965,-9.53693,-92.3932,-24.8816,-5.55531,-4.83016,-75.8485,-20.0612,-72.3408,-33.6731,-22.9359,-24.8683,-221.715,34.24,-29.04
1958-02-11 03:36:00,123.519,82.1113,-2.43377,-16.8216,-8.18085,33.5094,-12.5554,21.4392,35.2088,-1.21732,33.1629,750.947,46.8866,53.0892,53.3056,84.8358,166.374,88.1596,91.5964,57.8297,108.871,9.94718,1.57159,1.43677,44.2593,2.94598,30.4584,18.8385,1.78007,12.2814,85.3391,-17.09,21.09
1958-02-11 03:37:00,-190.237,-532.041,-70.9876,-40.553,-57.0395,-73.1775,-20.1719,-66.9809,-73.7764,-58.2964,-71.0578,75.8367,26.1892,38.2193,33.7027,10.6178,-72.2728,8.51022,6.31028,31.5887,-7.02864,-9.71935,-2.90166,-2.76581,-52.8427,-8.11645,-52.8075,-24.6872,-18.3941,-18.0021,-162.377,14.32,-13.54
1958-02-11 03:38:00,27.7806,58.3749,8.71973,-12.0103,-2.16428,29.6851,-41.2168,17.6983,30.0407,2.97226,24.6501,-79.1128,-22.966,21.3167,0.60802,-31.2001,29.1581,-17.8349,-30.8464,-3.0873,-24.2609,-3.22086,-0.114227,-0.130317,15.4213,-9.89281,11.6285,7.94309,0.881925,5.26395,29.7106,2.65,0.72
1958-02-11 03:39:00,-450.11,-1476.85,-153.096,-76.0128,-117.617,-206.05,-178.319,-185.942,-212.638,-128.479,-218.699,1267.97,110.164,75.3797,95.7511,167.919,194.216,156.391,175.406,105.556,187.184,-8.96091,-5.16005,-4.71008,-117.923,-40.2244,-126.794,-59.4263,-39.1783,-47.7337,-422.96,13.2,-13.95
1958-02-11 03:40:00,327.098,629.928,31.901,-0.436399,16.9458,101.32,125.355,89.3913,110.54,28.5393,126.372,544.312,73.161,59.121,65.7624,67.6162,29.2079,61.1048,65.2489,66.3344,56.7551,23.3532,4.34448,3.68788,91.5759,34.5485,81.284,42.5612,12.1014,33.6418,261.698,-32.82,32.58
1958-02-11 03:41:00,-745.301,-1795.78,-159.489,-83.4744,-124.868,-235.635,-313.773,-220.845,-247.902,-138.308,-271.484,-533.852,-27.1118,14.6639,-7.42436,-81.6298,-149.701,-71.6038,-89.5488,-16.6177,-104.879,-41.0503,-10.7433,-9.12629,-196.06,-89.3758,-188.979,-91.2144,-47.1061,-71.646,-619.231,61.61,-64.46
1958-02-11 03:42:00,-6.63908,-40.7482,-50.5661,-34.6185,-41.4505,-2.45539,88.8958,1.97419,5.86508,-35.8461,27.4533,30.1266,-26.8983,18.8209,-2.68144,-20.1372,86.1549,-4.18837,-16.1912,-4.83591,0.0832674,-17.1064,-3.50596,-3.03773,-6.3566,26.9765,0.969136,0.792295,-12.2288,6.85845,10.4409,18.01,0.93
1958-02-11 03:43:00,129.152,-303.091,-40.5517,-32.9425,-37.3081,-27.8606,-39.6421,-31.5548,-27.8179,-35.315,-30.0984,2302.18,206.598,115.421,164.133,312.877,359.952,285.929,326.637,183.53,347.108,37.2868,3.93142,3.56549,48.9547,3.04458,17.1723,14.878,-4.91973,5.23808,31.8816,-51.97,45.3
1958-02-11 03:44:00,247.347,557.275,40.8582,3.23942,21.3086,87.158,107.563,74.2325,92.454,30.2165,100.245,42.2556,61.9622,51.4299,53.1826,4.57821,-129.787,-2.97233,-6.66943,47.0961,-36.5643,22.8149,4.29246,3.52111,66.7907,23.7853,59.4881,31.0294,11.9367,23.6887,203.117,-27.28,16.95
1958-02-11 03:45:00,-503.555,-1053.33,-80.2044,-49.5667,-68.836,-133.57,-209.815,-129.36,-142.732,-76.7603,-162.488,-953.414,-75.8936,-5.18553,-42.8862,-149.158,-171.93,-126.959,-157.41,-56.6158,-167.376,-34.5611,-7.41475,-6.49843,-134.148,-62.482,-123.375,-60.4129,-27.9377,-46.7249,-398.315,51.59,-53.65
1958-02-11 03:46:00,233.338,779.355,36.6514,7.06052,21.0514,100.537,236.59,96.295,111.65,31.0502,138.469,-681.635,-90.3883,-12.8675,-49.9932,-109.515,-63.3425,-87.0757,-109.473,-57.2984,-101.681,-12.1647,0.0421151,-0.399739,51.3682,60.7227,64.7557,29.9072,8.26507,30.8411,236.928,10.81,7.22
1958-02-11 03:47:00,500.625,1034.55,124.362,40.1244,79.272,160.208,91.0059,132.644,162.076,89.6897,155.172,922.492,50.7454,45.6607,52.4398,119.112,197.531,115.88,129.279,61.6275,150.217,38.6271,9.09256,7.59907,147.528,31.7539,124.374,64.9111,32.4722,44.2675,393.065,-56.4,51.16
1958-02-11 03:48:00,-408.266,-1412,-88.3382,-49.6184,-75.8307,-187.721,-306.403,-178.268,-202.603,-90.4279,-232.787,1472.84,138.216,82.888,112.159,197.955,223.082,179.145,204.344,123.596,211.456,11.5168,-0.857863,-1.12932,-97.374,-73.3033,-117.204,-53.8458,-25.7086,-50.3598,-409.306,-10.2,-9.16
1958-02-11 03:49:00,-631.96,-2165.89,-222.606,-105.565,-166.968,-303.04,-289.597,-268.021,-310.814,-184.486,-314.798,2059.99,222.518,121.119,170.458,275.963,273.442,247.527,281.296,183.812,283.855,0.905295,-5.94141,-5.38023,-166.943,-66.9139,-179.466,-85.0059,-55.0364,-68.1785,-611.41,4.82,-15.73
1958-02-11 03:50:00,183.279,359.517,-37.5821,-25.4426,-28.1622,46.9053,210.435,51.8067,61.7235,-18.2494,98.0824,130.372,80.0239,59.8795,64.1668,10.202,-113.964,4.38631,-1.33879,56.7601,-29.7434,9.64367,0.85528,0.432135,37.6751,51.8292,42.4803,20.9479,-3.98385,23.3993,157.219,-11.49,14.57
1958-02-11 03:51:00,652.886,1784.4,161.163,55.7375,109.826,265.252,269.069,229.9,276.266,130.262,286.92,-624.809,-41.1065,11.5481,-18.6212,-109.699,-108.308,-89.4018,-116.22,-30.9958,-122.006,26.168,8.76395,7.07562,175.616,67.686,172.274,85.5384,42.5999,67.1641,578.816,-37.5,36.57
1958-02-11 03:52:00,-192.64,-412.992,14.169,-7.01521,-1.79878,-42.021,-178.882,-52.6284,-53.6041,-6.9015,-84.3098,-262.418,-34.0702,11.9897,-10.9554,-50.684,-30.3915,-36.0364,-50.5532,-16.1717,-45.5456,-4.50762,-0.101112,-0.541812,-43.0436,-48.8737,-47.8644,-22.0499,-2.93135,-22.7266,-163.16,9.23,-20.25
1958-02-11 03:53:00,-672.85,-1859.38,-164.889,-80.6913,-127.233,-258.509,-296.191,-232.936,-269.806,-144.263,-284.86,631.361,38.0333,42.4441,42.1544,74.1023,137.509,75.5105,80.3963,46.3694,94.8417,-27.6724,-8.27816,-7.41856,-178.489,-73.8169,-176.797,-86.0073,-46.7227,-67.6477,-592.92,39.9,-40.03
1958-02-11 03:54:00,-393.544,-1233.18,-158.763,-78.6088,-117.865,-171.186,-106.769,-147.62,-169.871,-124.446,-158.056,730.824,80.3945,56.9199,69.4354,99.9318,61.8046,89.7114,101,73.7104,97.9159,-16.859,-6.90397,-5.72304,-106.821,-26.1459,-105.8,-50.3925,-39.0285,-35.8705,-353.534,23.49,-16.52
1958-02-11 03:55:00,382.49,1079.63,46.0449,9.57472,31.5168,152.157,284.78,141.139,167.682,47.4041,199.331,-590.311,-40.217,5.82711,-18.455,-90.8471,-130.31,-79.6428,-98.1225,-27.5216,-111.022,1.11145,1.79194,1.53455,94.4942,71.045,102.069,49.8607,14.8878,45.6956,357.73,-5.5,19.26
1958-02-11 03:56:00,644.265,1493.86,161.29,55.6306,107.99,226.664,168.833,191.144,231.287,123.584,227.435,520.912,27.0806,35.9563,33.2872,57.2082,127.842,61.3738,63.0868,36.5204,78.557,41.4385,10.568,8.90898,183.829,49.8801,163.474,83.575,42.9117,59.6794,529.665,-59.98,54.62
1958-02-11 03:57:00,-439.897,-1028.27,-46.6429,-30.9814,-44.8394,-134.755,-253.017,-132.128,-149.102,-56.5666,-180.24,-363.536,-15.7653,11.0676,-1.87567,-45.3924,-142.346,-43.5514,-51.4426,-6.74893,-67.4807,-13.757,-3.56811,-3.24732,-111.835,-72.8885,-113.169,-54.6813,-19.2641,-47.4873,-374.957,25.18,-39.76
1958-02-11 03:58:00,-678.675,-1364.63,-136.204,-66.692,-104.098,-193.264,-179.6,-170.162,-198.46,-115.805,-200.34,-1360.77,-146.748,-42.9491,-93.9412,-200.813,-180.252,-172.674,-206.639,-107.061,-209.69,-62.6856,-12.6576,-10.9275,-190.744,-54.736,-163.135,-83.0885,-42.968,-57.7319,-522.435,85.7,-70.54
1958-02-11 03:59:00,-84.831,-318.529,-68.1957,-38.155,-51.8551,-44.1311,30.5353,-34.7318,-38.6678,-50.7419,-22.5855,366.141,-11.5948,12.0863,5.44988,46.1606,120.811,50.476,55.1453,11.6381,75.9679,-17.5531,-4.50936,-3.46721,-22.9758,12.718,-20.5118,-9.07246,-16.6107,-2.8485,-69.411,17.57,2.15
1958-02-11 04:00:00,235.81,563.089,38.5259,4.74496,23.1224,90.1154,97.6106,77.3112,95.995,32.1264,103.537,-15.7672,-8.38603,9.2702,3.33705,3.86839,-31.7614,1.62286,3.224,4.59654,-1.53884,6.57743,1.36373,1.76418,68.8635,24.8395,62.6591,32.9749,10.9697,25.7978,205.3,-12.07,18.44
1958-02-11 04:01:00,-333.564,-630.428,-46.7635,-31.8504,-41.0389,-77.423,-130.725,-76.7189,-83.3615,-45.4297,-97.1164,-917.201,-90.705,-27.6857,-57.5738,-124.113,-169.966,-111.851,-129.959,-64.9684,-140.379,-30.5356,-6.57965,-5.08488,-86.1799,-41.3075,-78.6221,-38.1201,-17.7256,-29.409,-252.234,42.75,-38.58
1958-02-11 04:02:00,-59.0116,80.2903,-10.1367,-13.0213,-11.7362,10.2407,64.4273,11.0839,14.0248,-8.93562,24.3434,-863.707,-119.243,-39.3628,-76.096,-125.481,-73.1156,-105.736,-125.305,-81.3489,-118.018,-28.8795,-4.7801,-3.70972,-20.3375,14.4218,-6.82256,-4.56409,-6.08218,1.74238,-8.10156,34.62,-16.29
1958-02-11 04:03:00,137.187,153.76,17.5669,-2.6368,6.71191,29.1771,13.4668,21.8431,29.7835,9.68213,28.1653,743.429,30.9861,22.1664,31.6662,106.084,161.604,99.0673,115.707,42.4529,133.695,10.7806,1.2782,1.67324,45.7427,9.70793,32.4115,18.7868,4.86063,11.9456,95.4773,-18.57,23.14
1958-02-11 04:04:00,294.843,789.677,71.1454,24.1969,46.437,107.299,156.196,96.2285,112.449,53.9041,121.822,-178.436,-11.2269,1.39487,-3.76087,-16.127,-73.4587,-19.8928,-19.7968,-4.18827,-31.38,13.0987,3.53494,3.14729,77.3572,38.8915,74.7227,36.8684,17.9554,29.2672,257.213,-18.82,18.81
1958-02-11 04:05:00,29.973,190.193,53.4515,14.1911,30.5685,36.669,-49.8175,24.2203,32.3703,31.0946,17.4454,-436.752,-49.4139,-14.1322,-31.0177,-60.7229,-66.0695,-53.601,-62.7813,-33.985,-65.0285,0.680478,0.958925,0.992186,14.0881,-15.7908,11.5593,6.35544,9.16252,1.96692,35.133,0.15,-5.01
1958-02-11 04:06:00,-296.491,-479.352,-39.8373,-19.7988,-33.4628,-76.6667,-42.353,-66.5175,-79.8976,-39.7369,-81.0811,-958.897,-103.524,-39.4905,-70.4265,-130.224,-148.548,-116.259,-134.161,-77.1249,-139.14,-31.8817,-5.75063,-5.03435,-86.9759,-16.9204,-71.0434,-37.2523,-16.2727,-25.3593,-216.281,43.61,-36.6
1958-02-11 04:07:00,445.408,1312.69,119.761,48.0692,83.4111,181.272,223.747,164.386,190.511,95.3923,206.138,-655.728,-93.1291,-36.8347,-62.2199,-87.6609,-67.8109,-75.7603,-86.6899,-64.3586,-81.2635,5.45575,4.0706,3.55527,117.176,57.1272,121.417,58.4982,29.6193,48.4888,408.028,-13.1,24.28
1958-02-11 04:08:00,-442.485,-883.478,-34.8004,-21.1413,-32.5627,-112.517,-247.843,-111.223,-125.228,-43.1378,-155.026,-877.72,-112.31,-47.6608,-77.1924,-115.122,-109.875,-102.998,-116.148,-80.7438,-115.671,-32.7407,-6.54993,-5.22651,-110.65,-70.2793,-105.158,-51.3664,-17.5525,-42.9617,-350.955,45.9,-45.63
1958-02-11 04:09:00,-530.937,-1412.72,-143.963,-64.3802,-105.966,-203.716,-179.443,-177.486,-208.941,-118.89,-209.939,315.82,-11.0199,-4.6906,-3.94743,48.315,109.447,45.8363,55.9809,3.96635,71.933,-34.0469,-9.47834,-7.65585,-142.912,-43.732,-136.456,-67.0737,-39.8014,-49.7808,-454.407,44.5,-32.03
1958-02-11 04:10:00,-138.717,-255.833,-63.9509,-31.6624,-45.2771,-36.5821,37.2456,-26.8226,-30.7094,-44.0299,-14.0445,-518.855,-48.1982,-24.498,-35.4309,-57.4517,-121.865,-58.8357,-61.6846,-36.9833,-73.9068,-24.8043,-6.31541,-4.54755,-40.4532,5.32529,-30.4308,-15.073,-16.1958,-6.22265,-91.4074,31.46,-15.85
1958-02-11 04:11:00,611.065,1519.04,115.907,45.6945,83.7645,213.087,293.865,192.543,225.937,100.491,247.747,124.776,-18.5378,-7.496,-11.8094,13.4848,91.207,15.7806,18.3606,-7.88517,31.6714,21.2844,5.92053,5.48708,163.805,81.8512,157.803,78.4144,33.4705,63.0289,527.005,-36.02,48.04
1958-02-11 04:12:00,489.719,1095.35,139.562,54.9428,95.389,161.905,92.9534,135.205,161.441,103.806,150.15,573.368,54.9112,20.7413,38.1254,89.6334,64.8167,75.4691,92.239,45.4583,91.9734,42.8929,9.33644,8.19934,142.216,27.2516,120.414,61.9318,36.6036,40.8735,387.509,-58.06,44.15
1958-02-11 04:13:00,-108.153,-232.342,19.0184,6.92444,8.27219,-34.6758,-95.6936,-35.7317,-42.6883,2.1083,-59.8755,-65.948,4.03297,0.91385,0.266828,-7.39029,-26.9119,-10.0061,-10.0208,-0.422004,-16.4105,5.07391,1.04996,0.596085,-27.8182,-26.5483,-30.3403,-15.3042,0.692495,-15.5545,-99.8131,-2.49,-10.83
1958-02-11 04:14:00,-336.874,-566.536,-44.9672,-18.1901,-34.3859,-87.2905,-79.9521,-75.152,-91.0434,-41.8727,-93.6818,-1083.08,-88.3182,-41.1134,-67.1316,-143.044,-216.3,-132.645,-151.21,-76.4406,-166.881,-29.608,-5.64348,-4.97511,-97.8596,-29.5151,-80.4585,-42.3247,-16.9645,-29.5251,-251.924,43.29,-41.66
1958-02-11 04:15:00,210.485,742.647,55.702,25.9489,41.0647,95.8096,162.573,91.4486,103.191,47.5365,119.372,-680.123,-103.041,-43.6256,-73.1209,-103.483,-7.43988,-85.1754,-100.84,-76.7679,-86.6302,-10.8136,0.427935,0.143174,49.1502,43.0911,61.1264,27.6666,13.0681,26.6255,213.585,9.13,6.03
1958-02-11 04:16:00,224.789,258.931,48.6945,20.3081,32.9419,41.1005,-17.3123,31.9086,38.7002,33.7025,28.8871,1249.62,94.1812,36.8841,67.837,182.235,218.549,162.913,193.37,83.1022,210.544,31.7363,5.62858,4.89951,71.7715,3.65122,50.0608,27.6204,14.4712,14.9495,143.529,-44.62,36.64
1958-02-11 04:17:00,-284.898,-541.144,-35.5237,-14.3369,-26.9708,-77.3584,-108.995,-69.8834,-82.6534,-33.806,-91.6167,-746.719,-38.7794,-22.2774,-33.5649,-90.3905,-202.898,-91.9665,-100.602,-40.3287,-125.911,-16.4622,-3.69325,-3.18017,-78.5888,-36.7562,-70.1375,-35.6889,-12.8868,-27.5041,-224.598,27.13,-33.17
1958-02-11 04:18:00,-698.898,-1418.56,-136.028,-58.9498,-97.9391,-197.035,-225.239,-175.365,-204.177,-110.641,-213.192,-1391.03,-141.193,-64.3404,-104.299,-193.291,-197.203,-171.943,-199.178,-115.358,-204.223,-61.4052,-13.1541,-10.883,-191.907,-67.5534,-167.227,-84.4812,-41.5466,-60.7401,-542.168,84.87,-71.86
1958-02-11 04:19:00,204.665,816.623,19.7028,11.6978,19.7554,100.809,267.353,102.497,115.033,30.0923,149.683,-1120.81,-142.573,-67.3284,-103.269,-151.103,-119.756,-132.517,-150.957,-108.621,-144.688,-27.5485,-3.35938,-2.5067,42.2719,66.7952,62.9847,27.9665,6.00036,32.061,232.775,28.88,0.77
1958-02-11 04:20:00,467.17,1196.17,135.241,53.6656,95.9824,184.836,95.1244,155.738,187.568,107.831,180.184,-62.7929,-50.4323,-29.6334,-36.5954,-0.795173,57.6328,0.849279,6.01974,-30.992,21.1535,18.3963,5.40086,5.41505,139.294,27.5589,125.862,64.4099,35.0623,45.7712,401.01,-30.74,35.42
1958-02-11 04:21:00,-799.69,-2086.04,-155.176,-69.6612,-116.031,-283.67,-419.24,-262.459,-302.883,-137.369,-339.549,244.857,5.59784,-7.22201,0.902339,46.1676,52.1601,36.7622,49.66,7.66546,53.1638,-32.7921,-10.4158,-8.18534,-203.723,-109.875,-206.413,-99.5792,-45.8712,-82.8356,-695.86,49.11,-54.72
1958-02-11 04:22:00,-884.399,-2417.64,-266.846,-117.411,-190.055,-339.393,-309.049,-296.02,-345.736,-208.705,-344.424,546.357,46.6958,12.1046,29.1504,82.0604,96.321,69.6459,85.294,36.4302,88.655,-48.1038,-15.7461,-12.3607,-237.742,-78.8059,-228.603,-111.534,-68.7539,-82.7489,-762.939,67.16,-54.3
1958-02-11 04:23:00,-75.0321,-344.188,-117.109,-55.3273,-78.2746,-46.9821,95.3647,-31.4407,-34.8125,-73.1482,-2.45764,320.571,45.083,12.097,26.2384,50.502,23.8282,39.5475,49.6285,29.501,44.145,-15.6143,-6.9435,-4.55241,-24.1561,26.3439,-19.4848,-8.16931,-23.4639,1.00835,-58.9921,18.15,2.11
1958-02-11 04:24:00,594.884,1421.01,92.6348,31.2864,68.7362,211.359,271.545,187.138,224.939,88.2886,245.078,124.607,24.2842,5.44414,11.6617,17.3048,11.2661,13.0115,16.1714,12.1811,13.2822,25.7513,4.84199,5.31029,163.356,72.8713,153.026,77.9109,30.1295,61.6867,509.664,-38.82,46.4
1958-02-11 04:25:00,851.811,2250.45,220.972,90.1259,156.774,317.789,345.636,278.429,327.316,177.736,335.672,-354.736,-17.9477,-13.2107,-18.8646,-45.9574,-83.6883,-44.5519,-49.891,-22.5125,-58.1123,44.4662,11.7947,10.3921,229.515,89.0451,218.144,107.894,58.874,81.6857,734.011,-62.06,55.74
1958-02-11 04:26:00,55.5948,218.509,101.405,37.4209,63.9468,44.277,-139.654,23.3207,31.6867,61.2477,-5.14138,-176.664,-27.0417,-14.322,-22.7241,-30.1649,17.3192,-24.2034,-28.9532,-23.9887,-22.5855,16.2019,4.23864,3.67037,26.6634,-36.6027,15.2179,8.64556,19.6735,-2.11373,38.6248,-17.89,-0.92
1958-02-11 04:27:00,-626.437,-1847,-149.849,-63.1293,-112.115,-270.855,-291.077,-240.024,-284.687,-133.278,-301.986,1154.54,102.917,40.9479,71.2098,161.351,199.324,144.752,169.394,82.5259,182.121,-9.86873,-5.89948,-5.24855,-168.291,-70.1135,-172.192,-84.4433,-41.6625,-68.7173,-578.647,18.71,-29.08
1958-02-11 04:28:00,-348.138,-939.587,-112.427,-51.1339,-80.6169,-130.493,-114.564,-110.882,-129.994,-87.01,-122.466,40.5583,39.6581,12.8774,22.1042,12.1229,-65.8542,2.82664,6.45126,20.5299,-10.1579,-15.7997,-6.29073,-4.87471,-95.7549,-33.0564,-89.0986,-43.8469,-28.4616,-30.9542,-298.688,25.29,-24.16
1958-02-11 04:29:00,-506.739,-1232.28,-152.214,-69.8587,-108.451,-169.194,-133.192,-148.116,-170.047,-115.721,-165.486,-343.687,-22.3897,-10.3747,-20.0381,-53.6561,-48.9854,-47.1263,-56.6667,-24.9159,-59.5345,-38.3986,-10.6788,-8.4405,-139.669,-37.3877,-126.61,-62.213,-39.8299,-43.5112,-411.309,53.53,-41.9
1958-02-11 04:30:00,314.545,873.658,31.7991,8.44579,25.4176,124.731,226.099,116.31,137.856,38.8157,164.185,-451.04,-39.132,-19.3888,-31.1972,-61.226,-79.5803,-55.1523,-63.479,-35.2724,-66.6117,-1.77134,-0.247505,0.620517,80.4246,57.3092,85.6761,42.2741,11.7084,38.5511,294.805,-1.88,17.86
1958-02-11 04:31:00,685.3,1761.8,163.455,65.7011,116.304,250.409,282.968,220.004,259.609,133.785,269.56,-61.8676,-23.6305,-10.9309,-17.786,-13.555,41.8477,-8.40535,-10.649,-17.4459,-1.31271,30.5775,8.50135,7.56608,185.919,77.0762,176.366,87.7328,44.2966,67.2636,589.84,-46.26,49.2
1958-02-11 04:32:00,320.087,590.383,116.38,43.9059,76.5378,95.8289,-45.6986,72.3087,88.7827,78.9413,63.3969,896.753,81.7789,32.435,57.218,128.951,138.888,114.188,134.743,66.3876,142.164,43.8131,8.64302,7.58612,101.15,-6.93633,75.4101,40.3255,29.0405,21.0545,226.957,-56.99,36.14
1958-02-11 04:33:00,-921.834,-2218.59,-176.972,-76.9695,-132.596,-315.803,-381.065,-284.565,-333.462,-156.622,-360.533,-419.481,-13.0598,-8.60854,-13.8209,-53.2061,-121.103,-53.9073,-60.1699,-18.9714,-76.6342,-41.7447,-11.5554,-9.91569,-250.195,-106.246,-237.783,-118.199,-53.3493,-92.8448,-779.944,65.85,-76.04
1958-02-11 04:34:00,-0.850146,62.0056,-42.5949,-18.3394,-27.9834,-1.45276,120.538,11.0659,8.51284,-24.7897,37.0494,-280.227,-31.7946,-14.3064,-24.3789,-43.6074,-18.3944,-36.2966,-43.8282,-27.0923,-40.5282,-16.4522,-3.6667,-2.90445,-10.8493,31.462,3.52016,-0.366272,-9.35588,7.76248,21.1399,19.3,-2.69
1958-02-11 04:35:00,-47.0287,-0.524006,-8.58803,-8.14419,-6.80972,8.12635,-3.4663,4.45347,9.38553,-4.54307,9.06196,-564.663,-53.7844,-26.4999,-40.6377,-73.6882,-100.341,-67.4565,-76.3814,-44.7468,-81.1277,-13.9072,-3.12987,-2.01952,-10.349,-4.72168,-6.46603,-2.49683,-3.22054,-0.718052,-17.7287,18.08,-11.22
1958-02-11 04:36:00,678.163,1698.72,140.951,60.6791,102.339,230.141,328.848,209.735,242.523,118.532,264.974,181.498,-9.54018,-4.80755,-6.24456,19.7199,98.1235,22.4928,25.1387,-2.92116,39.5368,28.79,8.24564,7.0134,178.068,91.446,172.684,84.5758,39.7209,67.6195,579.713,-45.41,53.04
1958-02-11 04:37:00,373.324,697.579,120.505,48.4126,81.2504,108.935,-16.5132,85.4543,103.518,84.5956,81.4219,992.647,96.6171,37.9445,67.84,145.52,134.709,126.858,150.613,77.9511,154.594,48.035,9.69268,8.32174,114.745,0.691872,87.9129,46.5341,31.3783,26.0123,268.714,-62.99,41.62
1958-02-11 04:38:00,-348.51,-738.321,-41.8661,-14.9441,-33.1821,-113.727,-131.601,-101.373,-122.31,-44.3425,-134.976,-471.341,-15.8286,-9.65305,-15.7069,-61.3245,-130.317,-61.1529,-69.0596,-21.6332,-86.6651,-12.7232,-2.83844,-2.94469,-99.5307,-40.0407,-90.9645,-46.859,-15.7198,-36.8893,-289.91,23.58,-35.02
1958-02-11 04:39:00,-33.2073,127.472,7.07418,5.94607,5.72192,10.5332,43.0047,14.5943,13.216,5.76006,21.6212,-771.029,-73.5381,-33.4048,-54.7996,-109.065,-113.564,-96.2417,-112.73,-61.8599,-115.825,-14.8868,-1.64658,-1.66746,-16.4452,7.17587,-2.57233,-3.90191,-0.406097,1.1432,0.652702,19.85,-14.01
1958-02-11 04:40:00,-101.271,-121.329,-6.30009,-1.06761,-4.42268,-17.5819,-29.7219,-15.7292,-18.7889,-6.38804,-21.3291,-462.54,-66.0018,-30.4093,-47.3577,-66.0548,-25.3881,-55.5862,-64.6317,-49.6343,-57.4766,-16.1363,-2.41782,-2.1046,-28.0405,-8.89016,-20.9899,-11.2279,-4.02553,-7.438,-67.0707,20.28,-13.92
1958-02-11 04:41:00,428.077,911.361,72.9035,36.2262,54.8976,116.83,194.4,109.903,124.144,62.3529,139.703,780.731,52.4704,19.4822,38.0624,111.165,158.426,101.031,119.121,47.6773,133.295,27.7233,6.5887,5.32859,113.019,57.8587,103.8,51.2184,22.7578,39.7832,341.817,-42.02,44.24
1958-02-11 04:42:00,334.846,904.742,118.589,52.3718,84.076,132.569,58.8755,112.621,132.31,90.009,123.32,-238.71,-0.372106,-5.89398,-4.24021,-21.7684,-102.76,-27.5071,-27.1459,-6.17293,-42.8489,25.9337,6.98674,5.79546,95.1636,11.8188,86.8218,43.093,30.0129,29.2199,281.476,-33.23,20.14
1958-02-11 04:43:00,-691.564,-1479.16,-104.405,-41.2325,-76.9928,-209.194,-290.343,-190.482,-223.43,-94.4043,-248.677,-956.929,-92.9517,-43.309,-69.1531,-134.108,-137.161,-119.669,-138.997,-77.3906,-144.19,-43.6836,-9.0744,-8.0698,-187.845,-82.6503,-171.635,-86.5576,-34.6532,-67.3953,-560.844,64.04,-66.68
1958-02-11 04:44:00,-206.468,-378.065,-65.7381,-23.1834,-43.0501,-63.1444,12.5541,-46.6252,-59.3306,-45.8841,-43.6636,-530.771,-72.1684,-36.1279,-52.6158,-70.5451,-50.1175,-61.2032,-69.4472,-54.5299,-64.0158,-30.5547,-5.97992,-5.03981,-63.4247,1.45283,-46.7716,-25.4119,-17.4831,-13.2554,-147.148,38.16,-21.16
1958-02-11 04:45:00,-227.928,-486.787,-57.1342,-24.4676,-38.5938,-61.2407,-83.0132,-55.2586,-62.0776,-41.0752,-63.9263,-425.481,-60.2975,-32.8599,-44.6107,-52.1234,-43.5882,-47.3165,-51.2472,-44.9674,-48.4701,-26.0135,-5.91846,-4.42134,-57.8681,-23.7963,-51.6704,-24.9911,-15.5051,-17.744,-173.688,33,-21.24
1958-02-11 04:46:00,-109.222,-195.807,-41.5039,-17.2983,-26.6676,-26.7166,5.906,-21.3099,-24.3922,-26.2317,-17.5929,-365.056,-51.8566,-30.4417,-39.286,-42.755,-38.8945,-39.9772,-42.1681,-39.0604,-40.6164,-20.6975,-4.72166,-3.37509,-29.722,0.103879,-23.1673,-11.4631,-10.2935,-5.88552,-72.4119,25.06,-11.75
1958-02-11 04:47:00,-143.259,-302.283,-38.0492,-18.287,-25.8148,-35.1043,-51.9855,-33.128,-35.7335,-26.3735,-37.8067,-311.921,-45.1337,-28.2181,-35.0772,-35.7613,-30.3999,-33.9284,-35.1801,-34.5204,-33.7018,-18.4367,-4.69613,-3.15549,-34.4869,-15.0195,-31.8065,-14.8093,-10.1693,-10.6791,-106.399,23.15,-13.71
1958-02-11 04:48:00,-76.9263,-132.474,-29.0023,-13.725,-19.0784,-16.7001,4.55961,-13.9516,-15.2312,-18.2636,-11.0816,-294.37,-40.4637,-26.8819,-32.4202,-33.0727,-32.4797,-32.0069,-32.8276,-31.9001,-32.3175,-15.408,-3.94967,-2.57778,-19.9984,-0.0125851,-16.0378,-7.64247,-7.34488,-3.95466,-49.3863,18.84,-8.7
1958-02-11 04:49:00,-107.783,-223.603,-27.6485,-14.7023,-19.3735,-25.194,-39.2254,-24.3318,-25.8054,-19.5528,-27.7696,-257.455,-36.0795,-25.2499,-29.7178,-28.7545,-24.8346,-27.9525,-28.3718,-29.0678,-27.4263,-14.131,-3.9666,-2.49648,-25.4418,-11.4046,-23.8135,-10.9159,-7.67086,-7.94209,-79.2129,17.98,-10.59
1958-02-11 04:50:00,-59.9034,-98.6917,-21.4484,-11.3073,-14.729,-12.092,4.19631,-10.352,-11.019,-13.9671,-7.97323,-251.55,-33.0882,-24.37,-28.1014,-27.7404,-28.1385,-27.3929,-27.6381,-27.5866,-27.4943,-12.1021,-3.41963,-2.10632,-15.3286,0.0547611,-12.4435,-5.81904,-5.73777,-3.00124,-37.7434,15.07,-7.09
1958-02-11 04:51:00,-87.057,-177.559,-21.0189,-12.2513,-15.4139,-19.7245,-31.8627,-19.3571,-20.3022,-15.5207,-22.108,-222.631,-29.9435,-23.0869,-26.1346,-24.494,-21.4237,-24.2341,-24.2222,-25.5333,-23.5584,-11.3049,-3.45785,-2.08044,-20.3617,-9.31129,-19.2426,-8.72982,-6.18212,-6.38622,-63.647,14.65,-8.76
1958-02-11 04:52:00,-48.438,-75.9042,-16.3205,-9.50243,-11.8187,-9.1799,4.28769,-7.99678,-8.32535,-11.1653,-5.88295,-220.995,-27.8542,-22.4417,-25.0142,-24.0655,-24.8414,-24.1354,-24.0322,-24.553,-24.0578,-9.80708,-3.02,-1.78339,-12.3093,0.203902,-10.0561,-4.63153,-4.68143,-2.353,-30.018,12.45,-5.97
1958-02-11 04:53:00,-72.6706,-145.72,-16.3573,-10.3969,-12.629,-16.0182,-26.8405,-15.9507,-16.5616,-12.7317,-18.2343,-197.132,-25.4675,-21.3838,-23.468,-21.4308,-18.9541,-21.5199,-21.2292,-22.9326,-20.7464,-9.28162,-3.06799,-1.7823,-16.88,-7.87797,-16.0876,-7.23103,-5.14646,-5.3156,-52.9306,12.26,-7.48
1958-02-11 04:54:00,-39.6997,-58.491,-12.573,-8.05256,-9.64543,-7.01389,4.61387,-6.19495,-6.2973,-9.08794,-4.23985,-197.365,-23.9333,-20.8749,-22.6226,-21.2637,-22.196,-21.607,-21.2684,-22.2139,-21.3856,-8.10844,-2.69764,-1.53897,-10.0483,0.391027,-8.22429,-3.7338,-3.89481,-1.84452,-24.0997,10.49,-5.11
1958-02-11 04:55:00,-61.7716,-121.672,-12.8795,-8.89764,-10.4899,-13.2395,-23.1139,-13.3727,-13.7537,-10.6024,-15.3227,-177.204,-22.061,-19.9759,-21.352,-19.0597,-17.0344,-19.386,-18.907,-20.8754,-18.5524,-7.75715,-2.75046,-1.55073,-14.2529,-6.81111,-13.688,-6.10033,-4.35305,-4.50791,-44.8316,10.44,-6.5
1958-02-11 04:56:00,-32.6364,-44.3275,-9.70795,-6.82839,-7.90513,-5.28156,5.05788,-4.71245,-4.6594,-7.42314,-2.86739,-178.328,-20.9003,-19.5544,-20.6796,-19.0291,-20.0148,-19.5546,-19.0559,-20.3143,-19.2253,-6.80188,-2.42564,-1.3422,-8.2413,0.59202,-6.72126,-3.01025,-3.26346,-1.42242,-19.2764,8.95,-4.41
1958-02-11 04:57:00,-53.1375,-102.633,-10.1897,-7.63257,-8.7559,-11.0518,-20.2289,-11.3202,-11.5427,-8.88019,-13.0314,-161.108,-19.4017,-18.7764,-19.6095,-17.1617,-15.4962,-17.6488,-17.0452,-19.1822,-16.786,-6.57257,-2.48168,-1.36199,-12.1777,-5.98322,-11.7718,-5.20749,-3.71023,-3.87085,-38.4175,9.01,-5.71
