,lon,lat,depths
1,-74.2936802973978,39.4630872483222,10.4156141281128
2,-74.2936802973978,39.4630872483222,10.4156141281128
3,-74.2936802973978,39.4630872483222,10.4156141281128
4,-73.9591078066914,39.4630872483222,32.6756134033203
5,-73.9591078066914,39.4630872483222,32.6756134033203
6,-73.9591078066914,39.4630872483222,32.6756134033203
7,-73.9591078066914,39.4630872483222,32.6756134033203
8,-73.6245353159851,39.1275167785235,48.9256134033203
9,-73.6245353159851,39.1275167785235,48.9256134033203
10,-73.6245353159851,39.1275167785235,48.9256134033203
11,-73.2899628252788,39.1275167785235,63.7889556884766
12,-73.2899628252788,39.1275167785235,63.7889556884766
13,-73.2899628252788,39.1275167785235,63.7889556884766
14,-72.9553903345725,39.1275167785235,78.798957824707
15,-72.9553903345725,38.7919463087248,251.078948974609
16,-72.9553903345725,38.7919463087248,251.078948974609
17,-72.9553903345725,38.7919463087248,251.078948974609
18,-72.6208178438662,38.7919463087248,1958.75891113281
19,-72.6208178438662,38.7919463087248,1958.75891113281
20,-72.6208178438662,38.7919463087248,1958.75891113281
21,-72.2862453531599,38.7919463087248,2350.40893554688
22,-72.2862453531599,38.4563758389262,2848.14184570312
23,-72.2862453531599,38.4563758389262,2848.14184570312
24,-71.9516728624535,38.4563758389262,2865.12182617188
25,-71.9516728624535,38.4563758389262,2865.12182617188
26,-71.9516728624535,38.4563758389262,2865.12182617188
27,-71.9516728624535,38.4563758389262,2865.12182617188
28,-71.6171003717472,38.4563758389262,2880.11181640625
29,-71.6171003717472,38.1208053691275,3012.2119140625
30,-71.6171003717472,38.1208053691275,3012.2119140625
31,-71.2825278810409,38.1208053691275,3140.5302734375
32,-71.2825278810409,38.1208053691275,3140.5302734375
33,-71.2825278810409,38.1208053691275,3140.5302734375
34,-70.9479553903346,38.1208053691275,3409.23022460938
35,-70.9479553903346,38.1208053691275,3409.23022460938
36,-70.9479553903346,37.7852348993289,3676.3203125
37,-70.9479553903346,37.7852348993289,3676.3203125
38,-70.6133828996282,37.7852348993289,3827.62036132812
39,-70.6133828996282,37.7852348993289,3827.62036132812
40,-70.6133828996282,37.7852348993289,3827.62036132812
41,-70.2788104089219,37.7852348993289,3895.48022460938
42,-70.2788104089219,37.7852348993289,3895.48022460938
43,-70.2788104089219,37.4496644295302,4119.67041015625
44,-69.9442379182156,37.4496644295302,4165.38037109375
45,-69.9442379182156,37.4496644295302,4165.38037109375
46,-69.9442379182156,37.4496644295302,4165.38037109375
47,-69.9442379182156,37.4496644295302,4165.38037109375
48,-69.6096654275093,37.4496644295302,4173.60009765625
49,-69.6096654275093,37.4496644295302,4173.60009765625
50,-69.6096654275093,37.1140939597315,4404.3203125
51,-69.275092936803,37.1140939597315,4505.060546875
52,-69.275092936803,37.1140939597315,4505.060546875
53,-69.275092936803,37.1140939597315,4505.060546875
54,-68.9405204460967,37.1140939597315,4633.5771484375
55,-68.9405204460967,37.1140939597315,4633.5771484375
56,-68.9405204460967,37.1140939597315,4633.5771484375
57,-68.9405204460967,37.1140939597315,4633.5771484375
58,-68.6059479553903,37.1140939597315,4845.1669921875
59,-68.6059479553903,37.1140939597315,4845.1669921875
60,-68.6059479553903,37.1140939597315,4845.1669921875
61,-68.271375464684,37.1140939597315,4902.09716796875
62,-68.271375464684,37.1140939597315,4902.09716796875
63,-68.271375464684,37.1140939597315,4902.09716796875
64,-67.9368029739777,37.1140939597315,4933.2373046875
65,-67.9368029739777,37.1140939597315,4933.2373046875
66,-67.9368029739777,37.1140939597315,4933.2373046875
67,-67.9368029739777,37.1140939597315,4933.2373046875
68,-67.6022304832714,37.1140939597315,4956.5673828125
69,-67.6022304832714,37.1140939597315,4956.5673828125
70,-67.6022304832714,37.1140939597315,4956.5673828125
71,-67.2676579925651,37.1140939597315,4994.0673828125
72,-67.2676579925651,37.1140939597315,4994.0673828125
73,-67.2676579925651,37.1140939597315,4994.0673828125
74,-66.9330855018587,37.1140939597315,5000.77001953125
75,-66.9330855018587,37.1140939597315,5000.77001953125
76,-66.9330855018587,37.1140939597315,5000.77001953125
77,-66.9330855018587,37.1140939597315,5000.77001953125
78,-66.5985130111524,37.4496644295302,4945.6796875
79,-66.5985130111524,37.4496644295302,4945.6796875
80,-66.5985130111524,37.4496644295302,4945.6796875
81,-66.2639405204461,37.4496644295302,4951.4296875
82,-66.2639405204461,37.4496644295302,4951.4296875
83,-66.2639405204461,37.4496644295302,4951.4296875
84,-66.2639405204461,37.4496644295302,4951.4296875
85,-65.9293680297398,37.4496644295302,4931.5400390625
86,-65.9293680297398,37.4496644295302,4931.5400390625
87,-65.9293680297398,37.4496644295302,4931.5400390625
88,-65.5947955390335,37.4496644295302,4945.02001953125
89,-65.5947955390335,37.4496644295302,4945.02001953125
90,-65.5947955390335,37.4496644295302,4945.02001953125
91,-65.2602230483271,37.4496644295302,4973.35009765625
92,-65.2602230483271,37.4496644295302,4973.35009765625
93,-65.2602230483271,37.4496644295302,4973.35009765625
94,-65.2602230483271,37.4496644295302,4973.35009765625
95,-64.9256505576208,37.4496644295302,4990.85986328125
96,-64.9256505576208,37.4496644295302,4990.85986328125
97,-64.9256505576208,37.4496644295302,4990.85986328125
98,-64.5910780669145,37.4496644295302,5017.50927734375
99,-64.5910780669145,37.4496644295302,5017.50927734375
100,-64.5910780669145,37.4496644295302,5017.50927734375
101,-64.2565055762082,37.4496644295302,5029.62939453125
102,-64.2565055762082,37.4496644295302,5029.62939453125
103,-64.2565055762082,37.4496644295302,5029.62939453125
104,-64.2565055762082,37.4496644295302,5029.62939453125
105,-63.9219330855019,37.4496644295302,5042.3193359375
106,-63.9219330855019,37.4496644295302,5042.3193359375
107,-63.9219330855019,37.7852348993289,5034.8896484375
108,-63.5873605947955,37.7852348993289,5042.23974609375
109,-63.5873605947955,37.7852348993289,5042.23974609375
110,-63.5873605947955,37.7852348993289,5042.23974609375
111,-63.2527881040892,37.7852348993289,5068.3896484375
112,-63.2527881040892,37.7852348993289,5068.3896484375
113,-63.2527881040892,37.7852348993289,5068.3896484375
114,-63.2527881040892,37.7852348993289,5068.3896484375
115,-62.9182156133829,37.7852348993289,5076.4794921875
116,-62.9182156133829,37.7852348993289,5076.4794921875
117,-62.9182156133829,37.7852348993289,5076.4794921875
118,-62.5836431226766,37.7852348993289,5075.08984375
119,-62.5836431226766,37.7852348993289,5075.08984375
120,-62.5836431226766,37.7852348993289,5075.08984375
121,-62.2490706319703,37.7852348993289,4604.08984375
122,-62.2490706319703,37.7852348993289,4604.08984375
123,-62.2490706319703,37.7852348993289,4604.08984375
124,-62.2490706319703,37.7852348993289,4604.08984375
125,-61.9144981412639,37.7852348993289,5093.009765625
126,-61.9144981412639,37.7852348993289,5093.009765625
127,-61.9144981412639,37.7852348993289,5093.009765625
128,-61.5799256505576,37.7852348993289,5092.18017578125
129,-61.5799256505576,37.7852348993289,5092.18017578125
130,-61.5799256505576,37.7852348993289,5092.18017578125
131,-61.2453531598513,37.7852348993289,5013.72021484375
132,-61.2453531598513,37.7852348993289,5013.72021484375
133,-61.2453531598513,37.7852348993289,5013.72021484375
134,-61.2453531598513,37.7852348993289,5013.72021484375
135,-60.910780669145,37.7852348993289,4855.3701171875
136,-60.910780669145,37.7852348993289,4855.3701171875
137,-60.910780669145,37.7852348993289,4855.3701171875
138,-60.5762081784387,37.7852348993289,5141.3857421875
139,-60.5762081784387,37.7852348993289,5141.3857421875
140,-60.5762081784387,37.7852348993289,5141.3857421875
141,-60.2416356877323,38.1208053691275,4859.41552734375
142,-60.2416356877323,38.1208053691275,4859.41552734375
143,-60.2416356877323,38.1208053691275,4859.41552734375
144,-60.2416356877323,38.1208053691275,4859.41552734375
145,-59.907063197026,38.1208053691275,5152.87548828125
146,-59.907063197026,38.1208053691275,5152.87548828125
147,-59.907063197026,38.1208053691275,5152.87548828125
148,-59.5724907063197,38.1208053691275,5170.3955078125
149,-59.5724907063197,38.1208053691275,5170.3955078125
150,-59.5724907063197,38.1208053691275,5170.3955078125
151,-59.2379182156134,38.1208053691275,5185.685546875
152,-59.2379182156134,38.1208053691275,5185.685546875
153,-59.2379182156134,38.1208053691275,5185.685546875
154,-59.2379182156134,38.1208053691275,5185.685546875
155,-58.9033457249071,38.1208053691275,5187.0556640625
156,-58.9033457249071,38.1208053691275,5187.0556640625
157,-58.9033457249071,38.1208053691275,5187.0556640625
158,-58.5687732342007,38.1208053691275,5195.275390625
159,-58.5687732342007,38.1208053691275,5195.275390625
160,-58.5687732342007,38.1208053691275,5195.275390625
161,-58.2342007434944,38.1208053691275,5198.267578125
162,-58.2342007434944,38.1208053691275,5198.267578125
163,-58.2342007434944,38.1208053691275,5198.267578125
164,-58.2342007434944,38.1208053691275,5198.267578125
165,-57.8996282527881,38.1208053691275,5212.00732421875
166,-57.8996282527881,38.1208053691275,5212.00732421875
167,-57.8996282527881,38.1208053691275,5212.00732421875
168,-57.5650557620818,38.1208053691275,5193.11767578125
169,-57.5650557620818,38.1208053691275,5193.11767578125
170,-57.5650557620818,38.1208053691275,5193.11767578125
171,-57.5650557620818,38.1208053691275,5193.11767578125
172,-57.2304832713755,38.1208053691275,5178.32763671875
173,-57.2304832713755,38.1208053691275,5178.32763671875
174,-57.2304832713755,38.4563758389262,5247.357421875
175,-56.8959107806691,38.4563758389262,5266.927734375
176,-56.8959107806691,38.4563758389262,5266.927734375
177,-56.8959107806691,38.4563758389262,5266.927734375
178,-56.5613382899628,38.4563758389262,5298.8076171875
179,-56.5613382899628,38.4563758389262,5298.8076171875
180,-56.5613382899628,38.4563758389262,5298.8076171875
181,-56.5613382899628,38.4563758389262,5298.8076171875
182,-56.2267657992565,38.4563758389262,5308.337890625
183,-56.2267657992565,38.4563758389262,5308.337890625
184,-56.2267657992565,38.4563758389262,5308.337890625
185,-55.8921933085502,38.4563758389262,5319.31787109375
186,-55.8921933085502,38.4563758389262,5319.31787109375
187,-55.8921933085502,38.4563758389262,5319.31787109375
188,-55.5576208178439,38.4563758389262,5330.017578125
189,-55.5576208178439,38.4563758389262,5330.017578125
190,-55.5576208178439,38.4563758389262,5330.017578125
191,-55.5576208178439,38.4563758389262,5330.017578125
192,-55.2230483271375,38.4563758389262,5364.44775390625
193,-55.2230483271375,38.4563758389262,5364.44775390625
194,-55.2230483271375,38.4563758389262,5364.44775390625
195,-54.8884758364312,38.4563758389262,5357.43798828125
196,-54.8884758364312,38.4563758389262,5357.43798828125
197,-54.8884758364312,38.4563758389262,5357.43798828125
198,-54.5539033457249,38.4563758389262,5352.77783203125
199,-54.5539033457249,38.4563758389262,5352.77783203125
200,-54.5539033457249,38.4563758389262,5352.77783203125
201,-54.5539033457249,38.4563758389262,5352.77783203125
202,-54.2193308550186,38.7919463087248,5312.75244140625
203,-54.2193308550186,38.7919463087248,5312.75244140625
204,-54.2193308550186,38.7919463087248,5312.75244140625
205,-53.8847583643123,38.7919463087248,5315.06982421875
206,-53.8847583643123,38.7919463087248,5315.06982421875
207,-53.8847583643123,38.7919463087248,5315.06982421875
208,-53.550185873606,38.7919463087248,5311.35009765625
209,-53.550185873606,38.7919463087248,5311.35009765625
210,-53.550185873606,38.7919463087248,5311.35009765625
211,-53.550185873606,38.7919463087248,5311.35009765625
212,-53.2156133828996,38.7919463087248,5320.55029296875
213,-53.2156133828996,38.7919463087248,5320.55029296875
214,-53.2156133828996,38.7919463087248,5320.55029296875
215,-52.8810408921933,38.7919463087248,5331.419921875
216,-52.8810408921933,38.7919463087248,5331.419921875
217,-52.8810408921933,38.7919463087248,5331.419921875
218,-52.546468401487,39.1275167785235,5365.64013671875
219,-52.546468401487,39.1275167785235,5365.64013671875
220,-52.546468401487,39.1275167785235,5365.64013671875
221,-52.546468401487,39.1275167785235,5365.64013671875
222,-52.2118959107807,39.1275167785235,5347.22998046875
223,-52.2118959107807,39.1275167785235,5347.22998046875
224,-52.2118959107807,39.1275167785235,5347.22998046875
225,-51.8773234200743,39.1275167785235,5355.6005859375
226,-51.8773234200743,39.1275167785235,5355.6005859375
227,-51.8773234200743,39.1275167785235,5355.6005859375
228,-51.542750929368,39.1275167785235,5395.88037109375
229,-51.542750929368,39.1275167785235,5395.88037109375
230,-51.542750929368,39.1275167785235,5395.88037109375
231,-51.542750929368,39.1275167785235,5395.88037109375
232,-51.2081784386617,39.1275167785235,5402.66015625
233,-51.2081784386617,39.1275167785235,5402.66015625
234,-51.2081784386617,39.1275167785235,5402.66015625
235,-50.8736059479554,39.4630872483222,5385.48046875
236,-50.8736059479554,39.4630872483222,5385.48046875
237,-50.8736059479554,39.4630872483222,5385.48046875
238,-50.5390334572491,39.4630872483222,5384.6005859375
239,-50.5390334572491,39.4630872483222,5384.6005859375
240,-50.5390334572491,39.4630872483222,5384.6005859375
241,-50.5390334572491,39.4630872483222,5384.6005859375
242,-50.2044609665427,39.4630872483222,5401.83056640625
243,-50.2044609665427,39.4630872483222,5401.83056640625
244,-50.2044609665427,39.4630872483222,5401.83056640625
245,-49.8698884758364,39.4630872483222,5416.48046875
246,-49.8698884758364,39.4630872483222,5416.48046875
247,-49.8698884758364,39.4630872483222,5416.48046875
248,-49.5353159851301,39.4630872483222,5417.580078125
249,-49.5353159851301,39.4630872483222,5417.580078125
250,-49.5353159851301,39.4630872483222,5417.580078125
251,-49.5353159851301,39.7986577181208,5401.47021484375
252,-49.2007434944238,39.7986577181208,5397.66015625
253,-49.2007434944238,39.7986577181208,5397.66015625
254,-49.2007434944238,39.7986577181208,5397.66015625
255,-48.8661710037175,39.7986577181208,5238.55029296875
256,-48.8661710037175,39.7986577181208,5238.55029296875
257,-48.8661710037175,39.7986577181208,5238.55029296875
258,-48.8661710037175,39.7986577181208,5238.55029296875
259,-48.5315985130111,39.7986577181208,5167.00048828125
260,-48.5315985130111,39.7986577181208,5167.00048828125
261,-48.5315985130111,39.7986577181208,5167.00048828125
262,-48.1970260223048,39.7986577181208,5227.35009765625
263,-48.1970260223048,39.7986577181208,5227.35009765625
264,-48.1970260223048,39.7986577181208,5227.35009765625
265,-47.8624535315985,40.1342281879195,3926.990234375
266,-47.8624535315985,40.1342281879195,3926.990234375
267,-47.8624535315985,40.1342281879195,3926.990234375
268,-47.8624535315985,40.1342281879195,3926.990234375
269,-47.5278810408922,40.1342281879195,3968.89038085938
270,-47.5278810408922,40.1342281879195,3968.89038085938
271,-47.5278810408922,40.1342281879195,3968.89038085938
272,-47.1933085501859,40.1342281879195,3873.29028320312
273,-47.1933085501859,40.1342281879195,3873.29028320312
274,-47.1933085501859,40.1342281879195,3873.29028320312
275,-46.8587360594796,40.1342281879195,3933.990234375
276,-46.8587360594796,40.1342281879195,3933.990234375
277,-46.8587360594796,40.1342281879195,3933.990234375
278,-46.8587360594796,40.1342281879195,3933.990234375
279,-46.5241635687732,40.4697986577181,4113.0703125
280,-46.5241635687732,40.4697986577181,4113.0703125
281,-46.5241635687732,40.4697986577181,4113.0703125
282,-46.1895910780669,40.4697986577181,4420.05029296875
283,-46.1895910780669,40.4697986577181,4420.05029296875
284,-46.1895910780669,40.4697986577181,4420.05029296875
285,-45.8550185873606,40.4697986577181,4508.7802734375
286,-45.8550185873606,40.4697986577181,4508.7802734375
287,-45.8550185873606,40.4697986577181,4508.7802734375
288,-45.8550185873606,40.4697986577181,4508.7802734375
289,-45.5204460966543,40.4697986577181,4597.56494140625
290,-45.5204460966543,40.4697986577181,4597.56494140625
291,-45.5204460966543,40.4697986577181,4597.56494140625
292,-45.185873605948,40.4697986577181,4637.19482421875
293,-45.185873605948,40.8053691275168,4713.35498046875
294,-45.185873605948,40.8053691275168,4713.35498046875
295,-44.8513011152416,40.8053691275168,4740.0546875
296,-44.8513011152416,40.8053691275168,4740.0546875
297,-44.8513011152416,40.8053691275168,4740.0546875
298,-44.8513011152416,40.8053691275168,4740.0546875
299,-44.5167286245353,40.8053691275168,4837.72509765625
300,-44.5167286245353,40.8053691275168,4837.72509765625
301,-44.5167286245353,40.8053691275168,4837.72509765625
302,-44.182156133829,41.1409395973154,4881.68212890625
303,-44.182156133829,41.1409395973154,4881.68212890625
304,-44.182156133829,41.1409395973154,4881.68212890625
305,-43.8475836431227,41.1409395973154,4886.80224609375
306,-43.8475836431227,41.1409395973154,4886.80224609375
307,-43.8475836431227,41.1409395973154,4886.80224609375
308,-43.8475836431227,41.1409395973154,4886.80224609375
309,-43.5130111524164,41.1409395973154,4912.06201171875
310,-43.5130111524164,41.1409395973154,4912.06201171875
311,-43.5130111524164,41.4765100671141,4929.5419921875
312,-43.17843866171,41.4765100671141,4932.5869140625
313,-43.17843866171,41.4765100671141,4932.5869140625
314,-43.17843866171,41.4765100671141,4932.5869140625
315,-42.8438661710037,41.4765100671141,4935.9765625
316,-42.8438661710037,41.4765100671141,4935.9765625
317,-42.8438661710037,41.4765100671141,4935.9765625
318,-42.8438661710037,41.4765100671141,4935.9765625
319,-42.5092936802974,41.8120805369128,4921.91650390625
320,-42.5092936802974,41.8120805369128,4921.91650390625
321,-42.5092936802974,41.8120805369128,4921.91650390625
322,-42.1747211895911,41.8120805369128,4911.23681640625
323,-42.1747211895911,41.8120805369128,4911.23681640625
324,-42.1747211895911,41.8120805369128,4911.23681640625
325,-41.8401486988848,41.8120805369128,4900.306640625
326,-41.8401486988848,41.8120805369128,4900.306640625
327,-41.8401486988848,42.1476510067114,4886.32666015625
328,-41.8401486988848,42.1476510067114,4886.32666015625
329,-41.5055762081784,42.1476510067114,4891.32666015625
330,-41.5055762081784,42.1476510067114,4891.32666015625
331,-41.5055762081784,42.1476510067114,4891.32666015625
332,-41.1710037174721,42.1476510067114,4879.16259765625
333,-41.1710037174721,42.1476510067114,4879.16259765625
334,-41.1710037174721,42.1476510067114,4879.16259765625
335,-40.8364312267658,42.1476510067114,4861.47216796875
336,-40.8364312267658,42.4832214765101,4884.04248046875
337,-40.8364312267658,42.4832214765101,4884.04248046875
338,-40.8364312267658,42.4832214765101,4884.04248046875
339,-40.5018587360595,42.4832214765101,4919.83251953125
340,-40.5018587360595,42.4832214765101,4919.83251953125
341,-40.5018587360595,42.4832214765101,4919.83251953125
342,-40.1672862453532,42.4832214765101,4868.232421875
343,-40.1672862453532,42.4832214765101,4868.232421875
344,-40.1672862453532,42.8187919463087,4878.5625
345,-40.1672862453532,42.8187919463087,4878.5625
346,-39.8327137546468,42.8187919463087,4762.2421875
347,-39.8327137546468,42.8187919463087,4762.2421875
348,-39.8327137546468,42.8187919463087,4762.2421875
349,-39.4981412639405,42.8187919463087,4526.1025390625
350,-39.4981412639405,42.8187919463087,4526.1025390625
351,-39.4981412639405,42.8187919463087,4526.1025390625
352,-39.1635687732342,42.8187919463087,4267.60009765625
353,-39.1635687732342,43.1543624161074,4639.07470703125
354,-39.1635687732342,43.1543624161074,4639.07470703125
355,-39.1635687732342,43.1543624161074,4639.07470703125
356,-38.8289962825279,43.1543624161074,4360.634765625
357,-38.8289962825279,43.1543624161074,4360.634765625
358,-38.8289962825279,43.1543624161074,4360.634765625
359,-38.4944237918216,43.1543624161074,4052.00463867188
360,-38.4944237918216,43.1543624161074,4052.00463867188
361,-38.4944237918216,43.489932885906,4455.70458984375
362,-38.1598513011152,43.489932885906,4050.3046875
363,-38.1598513011152,43.489932885906,4050.3046875
364,-38.1598513011152,43.489932885906,4050.3046875
365,-38.1598513011152,43.489932885906,4050.3046875
366,-37.8252788104089,43.489932885906,3906.06469726562
367,-37.8252788104089,43.489932885906,3906.06469726562
368,-37.8252788104089,43.489932885906,3906.06469726562
369,-37.4907063197026,43.8255033557047,3925.39477539062
370,-37.4907063197026,43.8255033557047,3925.39477539062
371,-37.4907063197026,43.8255033557047,3925.39477539062
372,-37.1561338289963,43.8255033557047,3984.134765625
373,-37.1561338289963,43.8255033557047,3984.134765625
374,-37.1561338289963,43.8255033557047,3984.134765625
375,-37.1561338289963,43.8255033557047,3984.134765625
376,-36.82156133829,43.8255033557047,4069.779296875
377,-36.82156133829,43.8255033557047,4069.779296875
378,-36.82156133829,44.1610738255034,4204.99951171875
379,-36.4869888475836,44.1610738255034,3956.19921875
380,-36.4869888475836,44.1610738255034,3956.19921875
381,-36.4869888475836,44.1610738255034,3956.19921875
382,-36.1524163568773,44.1610738255034,3974.84936523438
383,-36.1524163568773,44.1610738255034,3974.84936523438
384,-36.1524163568773,44.1610738255034,3974.84936523438
385,-36.1524163568773,44.1610738255034,3974.84936523438
386,-35.817843866171,44.496644295302,4000.57934570312
387,-35.817843866171,44.496644295302,4000.57934570312
388,-35.817843866171,44.496644295302,4000.57934570312
389,-35.4832713754647,44.496644295302,4043.439453125
390,-35.4832713754647,44.496644295302,4043.439453125
391,-35.4832713754647,44.496644295302,4043.439453125
392,-35.1486988847584,44.496644295302,3990.1494140625
393,-35.1486988847584,44.496644295302,3990.1494140625
394,-35.1486988847584,44.496644295302,3990.1494140625
395,-35.1486988847584,44.8322147651007,4112.119140625
396,-34.814126394052,44.8322147651007,4095.53271484375
397,-34.814126394052,44.8322147651007,4095.53271484375
398,-34.814126394052,44.8322147651007,4095.53271484375
399,-34.4795539033457,44.8322147651007,3459.82275390625
400,-34.4795539033457,44.8322147651007,3459.82275390625
401,-34.4795539033457,44.8322147651007,3459.82275390625
402,-34.1449814126394,44.8322147651007,2749.95263671875
403,-34.1449814126394,44.8322147651007,2749.95263671875
404,-34.1449814126394,44.8322147651007,2749.95263671875
405,-34.1449814126394,44.8322147651007,2749.95263671875
406,-33.8104089219331,44.8322147651007,3392.22265625
407,-33.8104089219331,44.8322147651007,3392.22265625
408,-33.8104089219331,44.8322147651007,3392.22265625
409,-33.4758364312268,44.8322147651007,3448.67260742188
410,-33.4758364312268,44.8322147651007,3448.67260742188
411,-33.4758364312268,44.8322147651007,3448.67260742188
412,-33.1412639405204,44.8322147651007,3543.94262695312
413,-33.1412639405204,44.8322147651007,3543.94262695312
414,-33.1412639405204,45.1677852348993,3563.98266601562
415,-33.1412639405204,45.1677852348993,3563.98266601562
416,-32.8066914498141,45.1677852348993,3772.17260742188
417,-32.8066914498141,45.1677852348993,3772.17260742188
418,-32.8066914498141,45.1677852348993,3772.17260742188
419,-32.4721189591078,45.1677852348993,3283.77514648438
420,-32.4721189591078,45.1677852348993,3283.77514648438
421,-32.4721189591078,45.1677852348993,3283.77514648438
422,-32.1375464684015,45.1677852348993,3471.92504882812
423,-32.1375464684015,45.1677852348993,3471.92504882812
424,-32.1375464684015,45.1677852348993,3471.92504882812
425,-32.1375464684015,45.1677852348993,3471.92504882812
426,-31.8029739776952,45.1677852348993,3265.93505859375
427,-31.8029739776952,45.1677852348993,3265.93505859375
428,-31.8029739776952,45.1677852348993,3265.93505859375
429,-31.4684014869888,45.1677852348993,3206.8251953125
430,-31.4684014869888,45.1677852348993,3206.8251953125
431,-31.4684014869888,45.1677852348993,3206.8251953125
432,-31.1338289962825,45.1677852348993,3107.90502929688
433,-31.1338289962825,45.1677852348993,3107.90502929688
434,-31.1338289962825,45.1677852348993,3107.90502929688
435,-31.1338289962825,45.503355704698,3338.91748046875
436,-30.7992565055762,45.503355704698,3226.36767578125
437,-30.7992565055762,45.503355704698,3226.36767578125
438,-30.7992565055762,45.503355704698,3226.36767578125
439,-30.4646840148699,45.503355704698,3140.14770507812
440,-30.4646840148699,45.503355704698,3140.14770507812
441,-30.4646840148699,45.503355704698,3140.14770507812
442,-30.4646840148699,45.503355704698,3140.14770507812
443,-30.1301115241636,45.503355704698,2980.5478515625
444,-30.1301115241636,45.503355704698,2980.5478515625
445,-30.1301115241636,45.503355704698,2980.5478515625
446,-29.7955390334572,45.503355704698,3069.0478515625
447,-29.7955390334572,45.503355704698,3069.0478515625
448,-29.7955390334572,45.503355704698,3069.0478515625
449,-29.4609665427509,45.503355704698,2882.27783203125
450,-29.4609665427509,45.503355704698,2882.27783203125
451,-29.4609665427509,45.503355704698,2882.27783203125
452,-29.4609665427509,45.503355704698,2882.27783203125
453,-29.1263940520446,45.503355704698,2914.82788085938
454,-29.1263940520446,45.503355704698,2914.82788085938
455,-29.1263940520446,45.503355704698,2914.82788085938
456,-28.7918215613383,45.503355704698,2816.3779296875
457,-28.7918215613383,45.503355704698,2816.3779296875
458,-28.7918215613383,45.8389261744966,2937.587890625
459,-28.457249070632,45.8389261744966,2700.072265625
460,-28.457249070632,45.8389261744966,2700.072265625
461,-28.457249070632,45.8389261744966,2700.072265625
462,-28.457249070632,45.8389261744966,2700.072265625
463,-28.1226765799256,45.8389261744966,2212.81225585938
464,-28.1226765799256,45.8389261744966,2212.81225585938
465,-28.1226765799256,45.8389261744966,2212.81225585938
466,-27.7881040892193,45.8389261744966,2396.6123046875
467,-27.7881040892193,45.8389261744966,2396.6123046875
468,-27.7881040892193,45.8389261744966,2396.6123046875
469,-27.453531598513,45.8389261744966,2507.79223632812
470,-27.453531598513,45.8389261744966,2507.79223632812
471,-27.453531598513,45.8389261744966,2507.79223632812
472,-27.453531598513,45.8389261744966,2507.79223632812
473,-27.1189591078067,45.8389261744966,2676.572265625
474,-27.1189591078067,45.8389261744966,2676.572265625
475,-27.1189591078067,45.8389261744966,2676.572265625
476,-26.7843866171004,45.8389261744966,2759.77221679688
477,-26.7843866171004,45.8389261744966,2759.77221679688
478,-26.7843866171004,45.8389261744966,2759.77221679688
479,-26.449814126394,45.8389261744966,2818.31225585938
480,-26.449814126394,45.8389261744966,2818.31225585938
481,-26.449814126394,45.8389261744966,2818.31225585938
482,-26.449814126394,46.1744966442953,2722.30224609375
483,-26.1152416356877,46.1744966442953,2902.09814453125
484,-26.1152416356877,46.1744966442953,2902.09814453125
485,-26.1152416356877,46.1744966442953,2902.09814453125
486,-25.7806691449814,46.1744966442953,2913.1982421875
487,-25.7806691449814,46.1744966442953,2913.1982421875
488,-25.7806691449814,46.1744966442953,2913.1982421875
489,-25.4460966542751,46.1744966442953,3057.3681640625
490,-25.4460966542751,46.1744966442953,3057.3681640625
491,-25.4460966542751,46.1744966442953,3057.3681640625
492,-25.4460966542751,46.1744966442953,3057.3681640625
493,-25.1115241635688,46.1744966442953,3020.46801757812
494,-25.1115241635688,46.1744966442953,3020.46801757812
495,-25.1115241635688,46.1744966442953,3020.46801757812
496,-24.7769516728625,46.1744966442953,3116.76806640625
497,-24.7769516728625,46.1744966442953,3116.76806640625
498,-24.7769516728625,46.1744966442953,3116.76806640625
499,-24.4423791821561,46.1744966442953,3164.408203125
500,-24.4423791821561,46.1744966442953,3164.408203125
501,-24.4423791821561,46.1744966442953,3164.408203125
502,-24.4423791821561,46.1744966442953,3164.408203125
503,-24.1078066914498,46.1744966442953,3251.18041992188
504,-24.1078066914498,46.1744966442953,3251.18041992188
505,-24.1078066914498,46.1744966442953,3251.18041992188
506,-23.7732342007435,46.1744966442953,3440.71044921875
507,-23.7732342007435,46.1744966442953,3440.71044921875
508,-23.7732342007435,46.1744966442953,3440.71044921875
509,-23.4386617100372,46.1744966442953,3314.04052734375
510,-23.4386617100372,46.510067114094,3674.98046875
511,-23.4386617100372,46.510067114094,3674.98046875
512,-23.4386617100372,46.510067114094,3674.98046875
513,-23.1040892193309,46.510067114094,3992.55053710938
514,-23.1040892193309,46.510067114094,3992.55053710938
515,-23.1040892193309,46.510067114094,3992.55053710938
516,-22.7695167286245,46.510067114094,4035.17041015625
517,-22.7695167286245,46.510067114094,4035.17041015625
518,-22.7695167286245,46.510067114094,4035.17041015625
519,-22.4349442379182,46.510067114094,3805.6005859375
520,-22.4349442379182,46.510067114094,3805.6005859375
521,-22.4349442379182,46.510067114094,3805.6005859375
522,-22.4349442379182,46.510067114094,3805.6005859375
523,-22.1003717472119,46.510067114094,4147.29052734375
524,-22.1003717472119,46.510067114094,4147.29052734375
525,-22.1003717472119,46.510067114094,4147.29052734375
526,-21.7657992565056,46.510067114094,4369.2373046875
527,-21.7657992565056,46.510067114094,4369.2373046875
528,-21.7657992565056,46.510067114094,4369.2373046875
529,-21.7657992565056,46.510067114094,4369.2373046875
530,-21.4312267657993,46.510067114094,4517.1171875
531,-21.4312267657993,46.510067114094,4517.1171875
532,-21.4312267657993,46.510067114094,4517.1171875
533,-21.0966542750929,46.510067114094,4640.6474609375
534,-21.0966542750929,46.510067114094,4640.6474609375
535,-21.0966542750929,46.510067114094,4640.6474609375
536,-20.7620817843866,46.510067114094,4846.52734375
537,-20.7620817843866,46.510067114094,4846.52734375
538,-20.7620817843866,46.510067114094,4846.52734375
539,-20.7620817843866,46.510067114094,4846.52734375
540,-20.4275092936803,46.510067114094,4793.70751953125
541,-20.4275092936803,46.510067114094,4793.70751953125
542,-20.4275092936803,46.510067114094,4793.70751953125
543,-20.092936802974,46.8456375838926,4343.37744140625
544,-20.092936802974,46.8456375838926,4343.37744140625
545,-20.092936802974,46.8456375838926,4343.37744140625
546,-19.7583643122677,46.8456375838926,4320.26953125
547,-19.7583643122677,46.8456375838926,4320.26953125
548,-19.7583643122677,46.8456375838926,4320.26953125
549,-19.7583643122677,46.8456375838926,4320.26953125
550,-19.4237918215613,46.8456375838926,4467.87939453125
551,-19.4237918215613,46.8456375838926,4467.87939453125
552,-19.4237918215613,46.8456375838926,4467.87939453125
553,-19.089219330855,46.8456375838926,4609.06982421875
554,-19.089219330855,46.8456375838926,4609.06982421875
555,-19.089219330855,46.8456375838926,4609.06982421875
556,-18.7546468401487,46.8456375838926,4488.1494140625
557,-18.7546468401487,46.8456375838926,4488.1494140625
558,-18.7546468401487,46.8456375838926,4488.1494140625
559,-18.7546468401487,46.8456375838926,4488.1494140625
560,-18.4200743494424,46.8456375838926,4211.939453125
561,-18.4200743494424,46.8456375838926,4211.939453125
562,-18.4200743494424,46.8456375838926,4211.939453125
563,-18.0855018587361,46.8456375838926,4251.8095703125
564,-18.0855018587361,46.8456375838926,4251.8095703125
565,-18.0855018587361,46.8456375838926,4251.8095703125
566,-17.7509293680297,46.8456375838926,4301.75244140625
567,-17.7509293680297,46.8456375838926,4301.75244140625
568,-17.7509293680297,46.8456375838926,4301.75244140625
569,-17.7509293680297,46.8456375838926,4301.75244140625
570,-17.4163568773234,46.8456375838926,4486.8828125
571,-17.4163568773234,46.8456375838926,4486.8828125
572,-17.4163568773234,46.8456375838926,4486.8828125
573,-17.0817843866171,46.8456375838926,4700.392578125
574,-17.0817843866171,46.8456375838926,4700.392578125
575,-17.0817843866171,46.8456375838926,4700.392578125
576,-16.7472118959108,46.8456375838926,4555.58251953125
577,-16.7472118959108,46.8456375838926,4555.58251953125
578,-16.7472118959108,46.8456375838926,4555.58251953125
579,-16.7472118959108,46.8456375838926,4555.58251953125
580,-16.4126394052045,46.8456375838926,4524.0625
581,-16.4126394052045,46.8456375838926,4524.0625
582,-16.4126394052045,46.8456375838926,4524.0625
583,-16.0780669144981,46.8456375838926,4415.6826171875
584,-16.0780669144981,46.8456375838926,4415.6826171875
585,-16.0780669144981,46.8456375838926,4415.6826171875
586,-15.7434944237918,46.8456375838926,4685.0126953125
587,-15.7434944237918,46.8456375838926,4685.0126953125
588,-15.7434944237918,46.8456375838926,4685.0126953125
589,-15.7434944237918,46.8456375838926,4685.0126953125
590,-15.4089219330855,46.8456375838926,4691.7900390625
591,-15.4089219330855,46.8456375838926,4691.7900390625
592,-15.4089219330855,46.8456375838926,4691.7900390625
593,-15.0743494423792,46.8456375838926,4766.5
594,-15.0743494423792,46.8456375838926,4766.5
595,-15.0743494423792,46.8456375838926,4766.5
596,-14.7397769516729,47.1812080536913,4820.93017578125
597,-14.7397769516729,47.1812080536913,4820.93017578125
598,-14.7397769516729,47.1812080536913,4820.93017578125
599,-14.7397769516729,47.1812080536913,4820.93017578125
600,-14.4052044609665,47.1812080536913,4813.81005859375
601,-14.4052044609665,47.1812080536913,4813.81005859375
602,-14.4052044609665,47.1812080536913,4813.81005859375
603,-14.0706319702602,47.1812080536913,4818.3203125
604,-14.0706319702602,47.1812080536913,4818.3203125
605,-14.0706319702602,47.1812080536913,4818.3203125
606,-13.7360594795539,47.1812080536913,4764.2900390625
607,-13.7360594795539,47.1812080536913,4764.2900390625
608,-13.7360594795539,47.1812080536913,4764.2900390625
609,-13.7360594795539,47.1812080536913,4764.2900390625
610,-13.4014869888476,47.1812080536913,4747.0673828125
611,-13.4014869888476,47.1812080536913,4747.0673828125
612,-13.4014869888476,47.1812080536913,4747.0673828125
613,-13.0669144981413,47.1812080536913,4707.46728515625
614,-13.0669144981413,47.1812080536913,4707.46728515625
615,-13.0669144981413,47.1812080536913,4707.46728515625
616,-13.0669144981413,47.5167785234899,4693.85986328125
617,-12.7323420074349,47.5167785234899,4598.81982421875
618,-12.7323420074349,47.5167785234899,4598.81982421875
619,-12.7323420074349,47.5167785234899,4598.81982421875
620,-12.3977695167286,47.5167785234899,4626.7998046875
621,-12.3977695167286,47.5167785234899,4626.7998046875
622,-12.3977695167286,47.5167785234899,4626.7998046875
623,-12.0631970260223,47.5167785234899,4683.49951171875
624,-12.0631970260223,47.5167785234899,4683.49951171875
625,-12.0631970260223,47.5167785234899,4683.49951171875
626,-12.0631970260223,47.5167785234899,4683.49951171875
627,-11.728624535316,47.5167785234899,4687.32958984375
628,-11.728624535316,47.5167785234899,4687.32958984375
629,-11.728624535316,47.5167785234899,4687.32958984375
630,-11.3940520446097,47.5167785234899,4611.419921875
631,-11.3940520446097,47.5167785234899,4611.419921875
632,-11.3940520446097,47.5167785234899,4611.419921875
633,-11.0594795539033,47.5167785234899,4590.71826171875
634,-11.0594795539033,47.5167785234899,4590.71826171875
635,-11.0594795539033,47.5167785234899,4590.71826171875
636,-11.0594795539033,47.5167785234899,4590.71826171875
637,-10.724907063197,47.8523489932886,4073.5283203125
638,-10.724907063197,47.8523489932886,4073.5283203125
639,-10.724907063197,47.8523489932886,4073.5283203125
640,-10.3903345724907,47.8523489932886,3648.43823242188
641,-10.3903345724907,47.8523489932886,3648.43823242188
642,-10.3903345724907,47.8523489932886,3648.43823242188
643,-10.0557620817844,47.8523489932886,4019.21826171875
644,-10.0557620817844,47.8523489932886,4019.21826171875
645,-10.0557620817844,47.8523489932886,4019.21826171875
646,-10.0557620817844,47.8523489932886,4019.21826171875
647,-9.72118959107806,47.8523489932886,3869.9482421875
648,-9.72118959107806,47.8523489932886,3869.9482421875
649,-9.72118959107806,47.8523489932886,3869.9482421875
650,-9.38661710037174,47.8523489932886,3904.24829101562
651,-9.38661710037174,47.8523489932886,3904.24829101562
652,-9.38661710037174,47.8523489932886,3904.24829101562
653,-9.05204460966542,47.8523489932886,3687.99658203125
654,-9.05204460966542,47.8523489932886,3687.99658203125
655,-9.05204460966542,47.8523489932886,3687.99658203125
656,-9.05204460966542,48.1879194630873,442.476623535156
657,-8.71747211895911,48.1879194630873,361.476623535156
658,-8.71747211895911,48.5234899328859,168.206619262695
659,-8.71747211895911,48.5234899328859,168.206619262695
660,-8.38289962825279,48.5234899328859,158.096618652344
661,-8.38289962825279,48.8590604026846,151.186614990234
662,-8.38289962825279,48.8590604026846,151.186614990234
663,-8.04832713754647,49.1946308724832,139.016616821289
664,-8.04832713754647,49.1946308724832,139.016616821289
665,-8.04832713754647,49.1946308724832,139.016616821289
666,-8.04832713754647,49.5302013422819,126.475044250488
667,-7.71375464684014,49.5302013422819,126.985046386719
668,-7.71375464684014,49.8657718120805,116.785041809082
669,-7.71375464684014,49.8657718120805,116.785041809082
670,-7.37918215613382,49.8657718120805,118.855041503906
671,-7.37918215613382,49.8657718120805,118.855041503906
672,-7.37918215613382,50.2013422818792,105.665046691895
673,-7.0446096654275,50.2013422818792,107.004776000977
674,-7.0446096654275,50.2013422818792,107.004776000977
675,-7.0446096654275,50.2013422818792,107.004776000977
676,-7.0446096654275,50.2013422818792,107.004776000977
677,-6.71003717472118,50.2013422818792,101.584777832031
678,-6.71003717472118,50.2013422818792,101.584777832031
679,-6.71003717472118,50.2013422818792,101.584777832031
680,-6.37546468401486,50.2013422818792,92.4247741699219
681,-6.37546468401486,50.2013422818792,92.4247741699219
682,-6.37546468401486,50.2013422818792,92.4247741699219
683,-6.04089219330855,50.5369127516779,89.144775390625
684,-6.04089219330855,50.5369127516779,89.144775390625
685,-6.04089219330855,50.5369127516779,89.144775390625
686,-6.04089219330855,50.5369127516779,89.144775390625
687,-5.70631970260223,50.5369127516779,59.5047760009766
688,-5.70631970260223,50.5369127516779,59.5047760009766
689,-5.70631970260223,50.5369127516779,59.5047760009766
690,-5.37174721189591,50.5369127516779,46.7847747802734
691,-5.37174721189591,50.5369127516779,46.7847747802734
692,-5.37174721189591,50.5369127516779,46.7847747802734
693,-5.03717472118959,50.5369127516779,5.51477479934692
694,-5.03717472118959,50.8724832214765,67.9847717285156
695,-5.03717472118959,50.8724832214765,67.9847717285156
696,-5.03717472118959,50.8724832214765,67.9847717285156
697,-4.70260223048327,50.8724832214765,56.3978157043457
698,-4.70260223048327,50.8724832214765,56.3978157043457
699,-4.70260223048327,50.8724832214765,56.3978157043457
700,-4.36802973977694,50.8724832214765,-111.172180175781
