 Format                 IAGA-2002                                    |
 Source of Data         WDC for Geomagnetism, Kyoto                  |
 Station Name           AE Indices                                   |
 IAGA CODE              AE                                           |
 Geodetic Latitude                                                   |
 Geodetic Longitude                                                  |
 Elevation                                                           |
 Reported               AE,AU,AL,AO                                  |
 Sensor Orientation                                                  |
 Digital Sampling                                                    |
 Data Interval Type     1-hour                                       |
 Data Type              Provisional                                  |
 # Converted to IAGA2002 format                                      |
 #   by WDC for Geomagnetism, Kyoto. 2025-07-01                      |
 # The values in the raw of 00:00:00:00.000 are those converted      |
 #  from those in the column of 21-24 which are usually              |
 #  the mean values between 00:00UT and 01:00UT, etc..               |
DATE       TIME         DOY     AE        AU        AL        AO     |
1989-03-01 00:00:00.000 060       352.00    165.00   -185.00     -9.00
1989-03-01 01:00:00.000 060       279.00    124.00   -153.00    -13.00
1989-03-01 02:00:00.000 060       184.00     67.00   -116.00    -24.00
1989-03-01 03:00:00.000 060       145.00     96.00    -48.00     23.00
1989-03-01 04:00:00.000 060       139.00     88.00    -49.00     19.00
1989-03-01 05:00:00.000 060       102.00     91.00     -9.00     40.00
1989-03-01 06:00:00.000 060       103.00    106.00      3.00     54.00
1989-03-01 07:00:00.000 060        67.00     71.00      4.00     38.00
1989-03-01 08:00:00.000 060       116.00     79.00    -36.00     21.00
1989-03-01 09:00:00.000 060       242.00     88.00   -152.00    -31.00
1989-03-01 10:00:00.000 060       137.00     97.00    -39.00     28.00
1989-03-01 11:00:00.000 060       207.00    125.00    -82.00     20.00
1989-03-01 12:00:00.000 060       179.00    100.00    -78.00     10.00
1989-03-01 13:00:00.000 060       196.00     97.00    -99.00     -1.00
1989-03-01 14:00:00.000 060       388.00     79.00   -308.00   -113.00
1989-03-01 15:00:00.000 060       152.00     55.00    -97.00    -20.00
1989-03-01 16:00:00.000 060        56.00     56.00      0.00     28.00
1989-03-01 17:00:00.000 060        51.00     58.00      6.00     32.00
1989-03-01 18:00:00.000 060        47.00     46.00     -1.00     22.00
1989-03-01 19:00:00.000 060        61.00     55.00     -5.00     24.00
1989-03-01 20:00:00.000 060        65.00     58.00     -6.00     25.00
1989-03-01 21:00:00.000 060        71.00     69.00     -1.00     33.00
1989-03-01 22:00:00.000 060        92.00     63.00    -28.00     17.00
1989-03-01 23:00:00.000 060       195.00    102.00    -92.00      5.00
1989-03-02 00:00:00.000 061       237.00    102.00   -134.00    -15.00
1989-03-02 01:00:00.000 061       167.00     92.00    -74.00      8.00
1989-03-02 02:00:00.000 061       108.00     88.00    -19.00     33.00
1989-03-02 03:00:00.000 061       416.00    129.00   -286.00    -77.00
1989-03-02 04:00:00.000 061       569.00    141.00   -427.00   -142.00
1989-03-02 05:00:00.000 061       791.00    330.00   -459.00    -63.00
1989-03-02 06:00:00.000 061       198.00    165.00    -31.00     66.00
1989-03-02 07:00:00.000 061       193.00    161.00    -30.00     65.00
1989-03-02 08:00:00.000 061       169.00    126.00    -41.00     42.00
1989-03-02 09:00:00.000 061       408.00    203.00   -205.00     -1.00
1989-03-02 10:00:00.000 061       531.00    285.00   -245.00     19.00
1989-03-02 11:00:00.000 061       286.00    183.00   -102.00     39.00
1989-03-02 12:00:00.000 061       216.00     91.00   -124.00    -16.00
1989-03-02 13:00:00.000 061       569.00    145.00   -422.00   -137.00
1989-03-02 14:00:00.000 061       722.00    221.00   -499.00   -138.00
1989-03-02 15:00:00.000 061       598.00    296.00   -301.00     -2.00
1989-03-02 16:00:00.000 061       228.00    107.00   -120.00     -6.00
1989-03-02 17:00:00.000 061       119.00     55.00    -62.00     -3.00
1989-03-02 18:00:00.000 061       319.00    138.00   -179.00    -20.00
1989-03-02 19:00:00.000 061       549.00    178.00   -370.00    -95.00
1989-03-02 20:00:00.000 061       234.00    114.00   -118.00     -2.00
1989-03-02 21:00:00.000 061       371.00    193.00   -176.00      8.00
1989-03-02 22:00:00.000 061       456.00    193.00   -262.00    -33.00
1989-03-02 23:00:00.000 061       272.00    129.00   -142.00     -6.00
1989-03-03 00:00:00.000 062       182.00     88.00    -94.00     -3.00
1989-03-03 01:00:00.000 062       349.00    104.00   -244.00    -69.00
1989-03-03 02:00:00.000 062       475.00     97.00   -377.00   -139.00
1989-03-03 03:00:00.000 062       440.00    110.00   -329.00   -109.00
1989-03-03 04:00:00.000 062       319.00     85.00   -233.00    -73.00
1989-03-03 05:00:00.000 062       481.00    170.00   -310.00    -69.00
1989-03-03 06:00:00.000 062       239.00    115.00   -122.00     -3.00
1989-03-03 07:00:00.000 062       735.00    231.00   -504.00   -135.00
1989-03-03 08:00:00.000 062       927.00    221.00   -705.00   -241.00
1989-03-03 09:00:00.000 062       621.00    124.00   -496.00   -185.00
1989-03-03 10:00:00.000 062       427.00    223.00   -204.00      9.00
1989-03-03 11:00:00.000 062       392.00    183.00   -209.00    -13.00
1989-03-03 12:00:00.000 062       618.00    148.00   -469.00   -159.00
1989-03-03 13:00:00.000 062       749.00    219.00   -530.00   -154.00
1989-03-03 14:00:00.000 062       911.00    231.00   -680.00   -223.00
1989-03-03 15:00:00.000 062       964.00    293.00   -671.00   -188.00
1989-03-03 16:00:00.000 062       891.00    247.00   -643.00   -197.00
1989-03-03 17:00:00.000 062       969.00    298.00   -670.00   -185.00
1989-03-03 18:00:00.000 062       626.00    206.00   -419.00   -106.00
1989-03-03 19:00:00.000 062       586.00    244.00   -340.00    -48.00
1989-03-03 20:00:00.000 062       547.00    248.00   -298.00    -24.00
1989-03-03 21:00:00.000 062       502.00    228.00   -273.00    -23.00
1989-03-03 22:00:00.000 062       425.00    215.00   -209.00      2.00
1989-03-03 23:00:00.000 062       281.00    151.00   -128.00     11.00
1989-03-04 00:00:00.000 063       242.00     96.00   -145.00    -24.00
1989-03-04 01:00:00.000 063       341.00    139.00   -200.00    -30.00
1989-03-04 02:00:00.000 063       232.00    171.00    -60.00     55.00
1989-03-04 03:00:00.000 063       102.00     93.00     -7.00     42.00
1989-03-04 04:00:00.000 063        77.00     62.00    -14.00     23.00
1989-03-04 05:00:00.000 063       108.00     93.00    -14.00     38.00
1989-03-04 06:00:00.000 063       185.00    104.00    -80.00     11.00
1989-03-04 07:00:00.000 063       233.00    153.00    -78.00     36.00
1989-03-04 08:00:00.000 063       233.00    176.00    -55.00     60.00
1989-03-04 09:00:00.000 063       352.00    124.00   -227.00    -50.00
1989-03-04 10:00:00.000 063       312.00    156.00   -155.00      0.00
1989-03-04 11:00:00.000 063       589.00    240.00   -348.00    -53.00
1989-03-04 12:00:00.000 063       476.00    232.00   -243.00     -5.00
1989-03-04 13:00:00.000 063       540.00    173.00   -366.00    -95.00
1989-03-04 14:00:00.000 063       501.00    181.00   -318.00    -67.00
1989-03-04 15:00:00.000 063       141.00     71.00    -69.00      1.00
1989-03-04 16:00:00.000 063       137.00     85.00    -51.00     16.00
1989-03-04 17:00:00.000 063        54.00     37.00    -16.00     10.00
1989-03-04 18:00:00.000 063        48.00     20.00    -28.00     -3.00
1989-03-04 19:00:00.000 063        29.00     21.00     -7.00      6.00
1989-03-04 20:00:00.000 063        38.00     30.00     -8.00     10.00
1989-03-04 21:00:00.000 063        39.00     34.00     -4.00     14.00
1989-03-04 22:00:00.000 063        51.00     38.00    -12.00     12.00
1989-03-04 23:00:00.000 063        62.00     43.00    -19.00     11.00
1989-03-05 00:00:00.000 064        83.00     59.00    -24.00     16.00
1989-03-05 01:00:00.000 064       144.00     80.00    -63.00      7.00
1989-03-05 02:00:00.000 064       271.00    110.00   -160.00    -24.00
1989-03-05 03:00:00.000 064       222.00     87.00   -134.00    -22.00
1989-03-05 04:00:00.000 064       263.00    148.00   -114.00     16.00
1989-03-05 05:00:00.000 064       362.00    148.00   -213.00    -32.00
1989-03-05 06:00:00.000 064       563.00    193.00   -369.00    -87.00
1989-03-05 07:00:00.000 064       755.00    161.00   -593.00   -215.00
1989-03-05 08:00:00.000 064       600.00    209.00   -390.00    -89.00
1989-03-05 09:00:00.000 064       256.00    125.00   -130.00     -2.00
1989-03-05 10:00:00.000 064       446.00    187.00   -259.00    -36.00
1989-03-05 11:00:00.000 064      1325.00    145.00  -1179.00   -516.00
1989-03-05 12:00:00.000 064       781.00    157.00   -623.00   -232.00
1989-03-05 13:00:00.000 064       205.00    123.00    -81.00     20.00
1989-03-05 14:00:00.000 064       578.00    198.00   -378.00    -89.00
1989-03-05 15:00:00.000 064       251.00     87.00   -164.00    -37.00
1989-03-05 16:00:00.000 064       124.00     77.00    -46.00     15.00
1989-03-05 17:00:00.000 064       128.00     67.00    -60.00      3.00
1989-03-05 18:00:00.000 064       278.00    108.00   -169.00    -29.00
1989-03-05 19:00:00.000 064       303.00     94.00   -207.00    -56.00
1989-03-05 20:00:00.000 064       149.00     66.00    -82.00     -7.00
1989-03-05 21:00:00.000 064       202.00    112.00    -90.00     10.00
1989-03-05 22:00:00.000 064       346.00     81.00   -264.00    -90.00
1989-03-05 23:00:00.000 064       302.00     91.00   -209.00    -58.00
1989-03-06 00:00:00.000 065       229.00     81.00   -147.00    -32.00
1989-03-06 01:00:00.000 065       311.00    107.00   -203.00    -47.00
1989-03-06 02:00:00.000 065       273.00     74.00   -198.00    -62.00
1989-03-06 03:00:00.000 065       158.00     76.00    -81.00     -2.00
1989-03-06 04:00:00.000 065       200.00     89.00   -110.00    -10.00
1989-03-06 05:00:00.000 065       251.00     93.00   -157.00    -31.00
1989-03-06 06:00:00.000 065       132.00     58.00    -73.00     -7.00
1989-03-06 07:00:00.000 065        69.00     58.00    -10.00     23.00
1989-03-06 08:00:00.000 065       361.00    150.00   -210.00    -29.00
1989-03-06 09:00:00.000 065       513.00    151.00   -361.00   -104.00
1989-03-06 10:00:00.000 065       268.00     81.00   -186.00    -52.00
1989-03-06 11:00:00.000 065       215.00     93.00   -121.00    -13.00
1989-03-06 12:00:00.000 065       361.00     74.00   -286.00   -105.00
1989-03-06 13:00:00.000 065       327.00    116.00   -210.00    -46.00
1989-03-06 14:00:00.000 065       560.00    298.00   -262.00     18.00
1989-03-06 15:00:00.000 065       554.00    207.00   -345.00    -68.00
1989-03-06 16:00:00.000 065       255.00    101.00   -152.00    -25.00
1989-03-06 17:00:00.000 065       256.00     93.00   -161.00    -34.00
1989-03-06 18:00:00.000 065       318.00    130.00   -187.00    -28.00
1989-03-06 19:00:00.000 065       366.00    134.00   -231.00    -48.00
1989-03-06 20:00:00.000 065       539.00    184.00   -354.00    -84.00
1989-03-06 21:00:00.000 065       271.00    127.00   -143.00     -8.00
1989-03-06 22:00:00.000 065       239.00    105.00   -134.00    -14.00
1989-03-06 23:00:00.000 065       466.00    169.00   -296.00    -62.00
1989-03-07 00:00:00.000 066       544.00    237.00   -305.00    -33.00
1989-03-07 01:00:00.000 066       328.00    188.00   -139.00     24.00
1989-03-07 02:00:00.000 066       307.00    168.00   -138.00     15.00
1989-03-07 03:00:00.000 066       165.00    122.00    -41.00     40.00
1989-03-07 04:00:00.000 066       443.00    114.00   -327.00   -105.00
1989-03-07 05:00:00.000 066       583.00    204.00   -378.00    -86.00
1989-03-07 06:00:00.000 066       239.00    142.00    -96.00     22.00
1989-03-07 07:00:00.000 066       119.00     90.00    -27.00     31.00
1989-03-07 08:00:00.000 066       309.00     98.00   -210.00    -55.00
1989-03-07 09:00:00.000 066       248.00     95.00   -152.00    -27.00
1989-03-07 10:00:00.000 066       194.00     94.00    -99.00     -2.00
1989-03-07 11:00:00.000 066       162.00     90.00    -71.00      8.00
1989-03-07 12:00:00.000 066       255.00     65.00   -189.00    -61.00
1989-03-07 13:00:00.000 066       183.00     55.00   -127.00    -35.00
1989-03-07 14:00:00.000 066       181.00     39.00   -141.00    -50.00
1989-03-07 15:00:00.000 066       114.00     35.00    -78.00    -21.00
1989-03-07 16:00:00.000 066        99.00     37.00    -61.00    -11.00
1989-03-07 17:00:00.000 066       153.00     63.00    -89.00    -13.00
1989-03-07 18:00:00.000 066       228.00     87.00   -140.00    -26.00
1989-03-07 19:00:00.000 066       152.00     62.00    -89.00    -13.00
1989-03-07 20:00:00.000 066        52.00     42.00     -9.00     15.00
1989-03-07 21:00:00.000 066       118.00     88.00    -30.00     28.00
1989-03-07 22:00:00.000 066       243.00    110.00   -133.00    -11.00
1989-03-07 23:00:00.000 066       283.00    112.00   -171.00    -29.00
1989-03-08 00:00:00.000 067       240.00    111.00   -129.00     -9.00
1989-03-08 01:00:00.000 067       149.00     89.00    -60.00     13.00
1989-03-08 02:00:00.000 067       109.00     74.00    -35.00     19.00
1989-03-08 03:00:00.000 067       135.00     81.00    -53.00     13.00
1989-03-08 04:00:00.000 067       121.00     56.00    -64.00     -3.00
1989-03-08 05:00:00.000 067       224.00     87.00   -135.00    -23.00
1989-03-08 06:00:00.000 067       223.00     69.00   -154.00    -42.00
1989-03-08 07:00:00.000 067        60.00     47.00    -11.00     17.00
1989-03-08 08:00:00.000 067        52.00     42.00     -9.00     15.00
1989-03-08 09:00:00.000 067        50.00     43.00     -7.00     17.00
1989-03-08 10:00:00.000 067        74.00     43.00    -31.00      6.00
1989-03-08 11:00:00.000 067        64.00     39.00    -24.00      7.00
1989-03-08 12:00:00.000 067        58.00     40.00    -18.00     10.00
1989-03-08 13:00:00.000 067        54.00     36.00    -18.00      8.00
1989-03-08 14:00:00.000 067        49.00     32.00    -16.00      7.00
1989-03-08 15:00:00.000 067        38.00     30.00     -7.00     11.00
1989-03-08 16:00:00.000 067        31.00     26.00     -4.00     10.00
1989-03-08 17:00:00.000 067        56.00     42.00    -14.00     13.00
1989-03-08 18:00:00.000 067       714.00    192.00   -521.00   -164.00
1989-03-08 19:00:00.000 067      1100.00    315.00   -784.00   -233.00
1989-03-08 20:00:00.000 067       774.00    199.00   -573.00   -186.00
1989-03-08 21:00:00.000 067       408.00    185.00   -221.00    -18.00
1989-03-08 22:00:00.000 067       673.00    236.00   -436.00   -100.00
1989-03-08 23:00:00.000 067       723.00    295.00   -427.00    -65.00
1989-03-09 00:00:00.000 068       514.00     80.00   -433.00   -175.00
1989-03-09 01:00:00.000 068       333.00     93.00   -238.00    -72.00
1989-03-09 02:00:00.000 068       386.00    143.00   -242.00    -49.00
1989-03-09 03:00:00.000 068       270.00    128.00   -141.00     -5.00
1989-03-09 04:00:00.000 068       580.00    218.00   -361.00    -70.00
1989-03-09 05:00:00.000 068       688.00    354.00   -332.00     10.00
1989-03-09 06:00:00.000 068       562.00    297.00   -263.00     17.00
1989-03-09 07:00:00.000 068       463.00    277.00   -185.00     45.00
1989-03-09 08:00:00.000 068       434.00    235.00   -198.00     17.00
1989-03-09 09:00:00.000 068       580.00    178.00   -401.00   -110.00
1989-03-09 10:00:00.000 068       318.00    175.00   -142.00     16.00
1989-03-09 11:00:00.000 068       170.00    119.00    -51.00     33.00
1989-03-09 12:00:00.000 068       340.00    185.00   -155.00     14.00
1989-03-09 13:00:00.000 068       579.00    211.00   -366.00    -77.00
1989-03-09 14:00:00.000 068       528.00    244.00   -284.00    -19.00
1989-03-09 15:00:00.000 068       316.00    139.00   -176.00    -18.00
1989-03-09 16:00:00.000 068       459.00    211.00   -247.00    -17.00
1989-03-09 17:00:00.000 068       682.00    288.00   -393.00    -51.00
1989-03-09 18:00:00.000 068       706.00    274.00   -431.00    -78.00
1989-03-09 19:00:00.000 068       828.00    264.00   -562.00   -148.00
1989-03-09 20:00:00.000 068       768.00    262.00   -505.00   -120.00
1989-03-09 21:00:00.000 068       740.00    239.00   -500.00   -129.00
1989-03-09 22:00:00.000 068       788.00    362.00   -424.00    -31.00
1989-03-09 23:00:00.000 068       679.00    281.00   -397.00    -57.00
1989-03-10 00:00:00.000 069       347.00    119.00   -228.00    -53.00
1989-03-10 01:00:00.000 069       313.00    123.00   -189.00    -32.00
1989-03-10 02:00:00.000 069       262.00    126.00   -136.00     -4.00
1989-03-10 03:00:00.000 069       500.00    179.00   -320.00    -69.00
1989-03-10 04:00:00.000 069       481.00    205.00   -274.00    -34.00
1989-03-10 05:00:00.000 069       337.00    178.00   -157.00     10.00
1989-03-10 06:00:00.000 069       458.00    221.00   -236.00     -7.00
1989-03-10 07:00:00.000 069       344.00    203.00   -140.00     31.00
1989-03-10 08:00:00.000 069       346.00    195.00   -149.00     23.00
1989-03-10 09:00:00.000 069       225.00    126.00    -99.00     13.00
1989-03-10 10:00:00.000 069       209.00    140.00    -68.00     35.00
1989-03-10 11:00:00.000 069       156.00    117.00    -39.00     38.00
1989-03-10 12:00:00.000 069       100.00     78.00    -22.00     27.00
1989-03-10 13:00:00.000 069       110.00     72.00    -38.00     17.00
1989-03-10 14:00:00.000 069       115.00     56.00    -58.00      0.00
1989-03-10 15:00:00.000 069       164.00     97.00    -66.00     15.00
1989-03-10 16:00:00.000 069       501.00    197.00   -302.00    -52.00
1989-03-10 17:00:00.000 069       630.00    215.00   -414.00    -98.00
1989-03-10 18:00:00.000 069       326.00    100.00   -225.00    -62.00
1989-03-10 19:00:00.000 069       194.00     99.00    -95.00      1.00
1989-03-10 20:00:00.000 069       202.00    119.00    -82.00     18.00
1989-03-10 21:00:00.000 069       271.00    159.00   -112.00     22.00
1989-03-10 22:00:00.000 069       289.00    109.00   -180.00    -35.00
1989-03-10 23:00:00.000 069       195.00    119.00    -76.00     20.00
1989-03-11 00:00:00.000 070       278.00    142.00   -136.00      2.00
1989-03-11 01:00:00.000 070       199.00    132.00    -65.00     33.00
1989-03-11 02:00:00.000 070       181.00    118.00    -62.00     27.00
1989-03-11 03:00:00.000 070       240.00    134.00   -104.00     14.00
1989-03-11 04:00:00.000 070       372.00    163.00   -209.00    -22.00
1989-03-11 05:00:00.000 070       337.00    146.00   -189.00    -21.00
1989-03-11 06:00:00.000 070       208.00    144.00    -63.00     40.00
1989-03-11 07:00:00.000 070       263.00    134.00   -128.00      2.00
1989-03-11 08:00:00.000 070       248.00    144.00   -103.00     20.00
1989-03-11 09:00:00.000 070       236.00    101.00   -134.00    -16.00
1989-03-11 10:00:00.000 070       258.00    124.00   -134.00     -5.00
1989-03-11 11:00:00.000 070       382.00     91.00   -290.00    -99.00
1989-03-11 12:00:00.000 070       445.00    136.00   -308.00    -85.00
1989-03-11 13:00:00.000 070       411.00    106.00   -305.00    -98.00
1989-03-11 14:00:00.000 070       196.00     87.00   -108.00    -10.00
1989-03-11 15:00:00.000 070       133.00     59.00    -73.00     -7.00
1989-03-11 16:00:00.000 070       180.00     99.00    -80.00      9.00
1989-03-11 17:00:00.000 070       251.00    135.00   -115.00      9.00
1989-03-11 18:00:00.000 070       426.00    192.00   -232.00    -19.00
1989-03-11 19:00:00.000 070       556.00    267.00   -288.00    -10.00
1989-03-11 20:00:00.000 070       678.00    224.00   -452.00   -113.00
1989-03-11 21:00:00.000 070       608.00    291.00   -316.00    -12.00
1989-03-11 22:00:00.000 070       449.00    254.00   -195.00     28.00
1989-03-11 23:00:00.000 070       677.00    201.00   -474.00   -135.00
1989-03-12 00:00:00.000 071       375.00     93.00   -281.00    -93.00
1989-03-12 01:00:00.000 071       451.00     85.00   -365.00   -139.00
1989-03-12 02:00:00.000 071       154.00    125.00    -27.00     48.00
1989-03-12 03:00:00.000 071       113.00     95.00    -17.00     38.00
1989-03-12 04:00:00.000 071       107.00     89.00    -17.00     35.00
1989-03-12 05:00:00.000 071        94.00     84.00     -9.00     37.00
1989-03-12 06:00:00.000 071       183.00    151.00    -31.00     59.00
1989-03-12 07:00:00.000 071       138.00    116.00    -21.00     46.00
1989-03-12 08:00:00.000 071       205.00    155.00    -48.00     53.00
1989-03-12 09:00:00.000 071       256.00    167.00    -88.00     39.00
1989-03-12 10:00:00.000 071       352.00    151.00   -200.00    -24.00
1989-03-12 11:00:00.000 071       466.00    142.00   -324.00    -90.00
1989-03-12 12:00:00.000 071       409.00     63.00   -345.00   -140.00
1989-03-12 13:00:00.000 071       210.00     49.00   -160.00    -55.00
1989-03-12 14:00:00.000 071        78.00     60.00    -18.00     20.00
1989-03-12 15:00:00.000 071       138.00     83.00    -53.00     14.00
1989-03-12 16:00:00.000 071       606.00    262.00   -343.00    -40.00
1989-03-12 17:00:00.000 071      1061.00    276.00   -784.00   -252.00
1989-03-12 18:00:00.000 071       723.00    315.00   -406.00    -45.00
1989-03-12 19:00:00.000 071       265.00    173.00    -91.00     40.00
1989-03-12 20:00:00.000 071       217.00    129.00    -87.00     20.00
1989-03-12 21:00:00.000 071       149.00    100.00    -48.00     25.00
1989-03-12 22:00:00.000 071       129.00     80.00    -48.00     15.00
1989-03-12 23:00:00.000 071       291.00    139.00   -151.00     -5.00
1989-03-13 00:00:00.000 072       301.00    152.00   -148.00      1.00
1989-03-13 01:00:00.000 072       563.00    240.00   -322.00    -40.00
1989-03-13 02:00:00.000 072      1116.00    366.00   -749.00   -190.00
1989-03-13 03:00:00.000 072      1268.00    581.00   -686.00    -52.00
1989-03-13 04:00:00.000 072      1294.00    882.00   -411.00    235.00
1989-03-13 05:00:00.000 072      1233.00    739.00   -493.00    123.00
1989-03-13 06:00:00.000 072      1106.00    602.00   -503.00     49.00
1989-03-13 07:00:00.000 072      1744.00   1089.00   -654.00    216.00
1989-03-13 08:00:00.000 072      1461.00    227.00  -1234.00   -502.00
1989-03-13 09:00:00.000 072       862.00    245.00   -615.00   -184.00
1989-03-13 10:00:00.000 072       750.00     52.00   -697.00   -322.00
1989-03-13 11:00:00.000 072      1220.00    -63.00  -1284.00   -673.00
1989-03-13 12:00:00.000 072      1402.00    -48.00  -1450.00   -748.00
1989-03-13 13:00:00.000 072      1012.00    287.00   -723.00   -217.00
1989-03-13 14:00:00.000 072      1263.00    219.00  -1043.00   -411.00
1989-03-13 15:00:00.000 072      1225.00    -29.00  -1254.00   -641.00
1989-03-13 16:00:00.000 072      1884.00     -8.00  -1892.00   -949.00
1989-03-13 17:00:00.000 072      1028.00    112.00   -915.00   -401.00
1989-03-13 18:00:00.000 072      1260.00      7.00  -1253.00   -622.00
1989-03-13 19:00:00.000 072      1279.00     49.00  -1229.00   -589.00
1989-03-13 20:00:00.000 072      1584.00    -98.00  -1683.00   -890.00
1989-03-13 21:00:00.000 072       981.00     14.00   -967.00   -476.00
1989-03-13 22:00:00.000 072       979.00    303.00   -676.00   -186.00
1989-03-13 23:00:00.000 072      1001.00    147.00   -854.00   -353.00
1989-03-14 00:00:00.000 073      1016.00     -9.00  -1026.00   -517.00
1989-03-14 01:00:00.000 073       886.00    148.00   -737.00   -294.00
1989-03-14 02:00:00.000 073      1389.00    276.00  -1113.00   -417.00
1989-03-14 03:00:00.000 073       456.00    206.00   -249.00    -21.00
1989-03-14 04:00:00.000 073      1144.00    330.00   -813.00   -241.00
1989-03-14 05:00:00.000 073       961.00    152.00   -808.00   -327.00
1989-03-14 06:00:00.000 073       649.00    221.00   -427.00   -103.00
1989-03-14 07:00:00.000 073       762.00     63.00   -698.00   -317.00
1989-03-14 08:00:00.000 073       607.00    166.00   -440.00   -136.00
1989-03-14 09:00:00.000 073       401.00    188.00   -212.00    -12.00
1989-03-14 10:00:00.000 073       304.00     96.00   -208.00    -55.00
1989-03-14 11:00:00.000 073       572.00     90.00   -481.00   -194.00
1989-03-14 12:00:00.000 073       284.00     95.00   -188.00    -45.00
1989-03-14 13:00:00.000 073       222.00    122.00    -98.00     12.00
1989-03-14 14:00:00.000 073       151.00     71.00    -78.00     -3.00
1989-03-14 15:00:00.000 073       150.00     56.00    -93.00    -18.00
1989-03-14 16:00:00.000 073       134.00     57.00    -75.00     -8.00
1989-03-14 17:00:00.000 073       474.00    356.00   -117.00    119.00
1989-03-14 18:00:00.000 073      1004.00    507.00   -496.00      5.00
1989-03-14 19:00:00.000 073      1307.00    530.00   -776.00   -122.00
1989-03-14 20:00:00.000 073       947.00    326.00   -620.00   -147.00
1989-03-14 21:00:00.000 073       993.00    697.00   -294.00    200.00
1989-03-14 22:00:00.000 073       722.00    158.00   -563.00   -201.00
1989-03-14 23:00:00.000 073       288.00    114.00   -173.00    -29.00
1989-03-15 00:00:00.000 074       442.00    243.00   -198.00     22.00
1989-03-15 01:00:00.000 074       887.00    282.00   -604.00   -160.00
1989-03-15 02:00:00.000 074       611.00    157.00   -453.00   -147.00
1989-03-15 03:00:00.000 074       576.00    177.00   -397.00   -109.00
1989-03-15 04:00:00.000 074       360.00    147.00   -211.00    -31.00
1989-03-15 05:00:00.000 074       407.00    180.00   -225.00    -22.00
1989-03-15 06:00:00.000 074       295.00     91.00   -203.00    -55.00
1989-03-15 07:00:00.000 074       337.00    151.00   -184.00    -16.00
1989-03-15 08:00:00.000 074       636.00    193.00   -442.00   -123.00
1989-03-15 09:00:00.000 074      1212.00    210.00  -1002.00   -395.00
1989-03-15 10:00:00.000 074       661.00    265.00   -396.00    -64.00
1989-03-15 11:00:00.000 074       479.00     98.00   -381.00   -140.00
1989-03-15 12:00:00.000 074       544.00    141.00   -402.00   -129.00
1989-03-15 13:00:00.000 074       580.00    246.00   -333.00    -42.00
1989-03-15 14:00:00.000 074       488.00    234.00   -253.00     -9.00
1989-03-15 15:00:00.000 074       525.00    200.00   -325.00    -61.00
1989-03-15 16:00:00.000 074       569.00    286.00   -282.00      2.00
1989-03-15 17:00:00.000 074       532.00    284.00   -246.00     18.00
1989-03-15 18:00:00.000 074       337.00    175.00   -161.00      6.00
1989-03-15 19:00:00.000 074       362.00    143.00   -218.00    -37.00
1989-03-15 20:00:00.000 074       320.00    120.00   -199.00    -39.00
1989-03-15 21:00:00.000 074       287.00     83.00   -203.00    -59.00
1989-03-15 22:00:00.000 074       152.00     52.00    -99.00    -22.00
1989-03-15 23:00:00.000 074        72.00     42.00    -30.00      5.00
1989-03-16 00:00:00.000 075        57.00     34.00    -23.00      4.00
1989-03-16 01:00:00.000 075        55.00     30.00    -23.00      3.00
1989-03-16 02:00:00.000 075        94.00     57.00    -35.00     10.00
1989-03-16 03:00:00.000 075       136.00     39.00    -96.00    -27.00
1989-03-16 04:00:00.000 075       173.00     36.00   -136.00    -49.00
1989-03-16 05:00:00.000 075       264.00    113.00   -149.00    -18.00
1989-03-16 06:00:00.000 075       244.00     91.00   -152.00    -30.00
1989-03-16 07:00:00.000 075       180.00    110.00    -69.00     20.00
1989-03-16 08:00:00.000 075       438.00    271.00   -167.00     51.00
1989-03-16 09:00:00.000 075      1143.00    441.00   -701.00   -129.00
1989-03-16 10:00:00.000 075       459.00    267.00   -192.00     37.00
1989-03-16 11:00:00.000 075      1078.00    508.00   -569.00    -29.00
1989-03-16 12:00:00.000 075       956.00    334.00   -621.00   -142.00
1989-03-16 13:00:00.000 075       487.00    226.00   -261.00    -16.00
1989-03-16 14:00:00.000 075       307.00    108.00   -198.00    -44.00
1989-03-16 15:00:00.000 075       232.00    125.00   -106.00      9.00
1989-03-16 16:00:00.000 075       771.00    254.00   -516.00   -130.00
1989-03-16 17:00:00.000 075       495.00    163.00   -330.00    -83.00
1989-03-16 18:00:00.000 075       205.00     40.00   -164.00    -61.00
1989-03-16 19:00:00.000 075       405.00    156.00   -249.00    -46.00
1989-03-16 20:00:00.000 075       736.00    230.00   -505.00   -136.00
1989-03-16 21:00:00.000 075       547.00    200.00   -346.00    -72.00
1989-03-16 22:00:00.000 075       523.00    215.00   -308.00    -45.00
1989-03-16 23:00:00.000 075       497.00    198.00   -298.00    -49.00
1989-03-17 00:00:00.000 076       605.00    198.00   -406.00   -103.00
1989-03-17 01:00:00.000 076       680.00    183.00   -496.00   -155.00
1989-03-17 02:00:00.000 076       642.00    161.00   -481.00   -158.00
1989-03-17 03:00:00.000 076       529.00    213.00   -314.00    -49.00
1989-03-17 04:00:00.000 076       552.00    193.00   -359.00    -82.00
1989-03-17 05:00:00.000 076       485.00    211.00   -273.00    -30.00
1989-03-17 06:00:00.000 076       798.00    293.00   -504.00   -105.00
1989-03-17 07:00:00.000 076       988.00    352.00   -635.00   -140.00
1989-03-17 08:00:00.000 076       649.00    139.00   -510.00   -185.00
1989-03-17 09:00:00.000 076       911.00    117.00   -793.00   -337.00
1989-03-17 10:00:00.000 076       855.00    243.00   -611.00   -183.00
1989-03-17 11:00:00.000 076       612.00    209.00   -403.00    -96.00
1989-03-17 12:00:00.000 076       650.00    230.00   -419.00    -94.00
1989-03-17 13:00:00.000 076       744.00    277.00   -467.00    -94.00
1989-03-17 14:00:00.000 076       659.00    241.00   -417.00    -87.00
1989-03-17 15:00:00.000 076       534.00    197.00   -336.00    -68.00
1989-03-17 16:00:00.000 076       685.00    268.00   -416.00    -73.00
1989-03-17 17:00:00.000 076       640.00    316.00   -322.00     -3.00
1989-03-17 18:00:00.000 076       592.00    351.00   -239.00     55.00
1989-03-17 19:00:00.000 076       496.00    269.00   -226.00     21.00
1989-03-17 20:00:00.000 076       360.00    143.00   -215.00    -35.00
1989-03-17 21:00:00.000 076       261.00     97.00   -164.00    -32.00
1989-03-17 22:00:00.000 076       264.00    100.00   -163.00    -31.00
1989-03-17 23:00:00.000 076        53.00     44.00     -9.00     17.00
1989-03-18 00:00:00.000 077        32.00     26.00     -5.00      9.00
1989-03-18 01:00:00.000 077        60.00     37.00    -22.00      6.00
1989-03-18 02:00:00.000 077        88.00     54.00    -33.00      9.00
1989-03-18 03:00:00.000 077       212.00     86.00   -124.00    -19.00
1989-03-18 04:00:00.000 077       169.00     62.00   -106.00    -21.00
1989-03-18 05:00:00.000 077        65.00     45.00    -18.00     12.00
1989-03-18 06:00:00.000 077        47.00     36.00    -11.00     11.00
1989-03-18 07:00:00.000 077        71.00     54.00    -16.00     18.00
1989-03-18 08:00:00.000 077       147.00    103.00    -43.00     29.00
1989-03-18 09:00:00.000 077       251.00    164.00    -87.00     38.00
1989-03-18 10:00:00.000 077       325.00    163.00   -160.00      0.00
1989-03-18 11:00:00.000 077       287.00    125.00   -161.00    -17.00
1989-03-18 12:00:00.000 077       313.00    139.00   -174.00    -17.00
1989-03-18 13:00:00.000 077       387.00    130.00   -256.00    -62.00
1989-03-18 14:00:00.000 077      1066.00    337.00   -728.00   -194.00
1989-03-18 15:00:00.000 077      1218.00    400.00   -817.00   -207.00
1989-03-18 16:00:00.000 077       825.00    366.00   -458.00    -45.00
1989-03-18 17:00:00.000 077       387.00    167.00   -219.00    -25.00
1989-03-18 18:00:00.000 077       129.00     69.00    -59.00      4.00
1989-03-18 19:00:00.000 077        72.00     55.00    -16.00     18.00
1989-03-18 20:00:00.000 077        86.00     44.00    -41.00      1.00
1989-03-18 21:00:00.000 077       114.00     56.00    -57.00      0.00
1989-03-18 22:00:00.000 077       169.00     91.00    -77.00      6.00
1989-03-18 23:00:00.000 077       179.00     90.00    -89.00      0.00
1989-03-19 00:00:00.000 078       113.00     64.00    -48.00      7.00
1989-03-19 01:00:00.000 078       141.00     71.00    -70.00      0.00
1989-03-19 02:00:00.000 078       138.00     46.00    -91.00    -21.00
1989-03-19 03:00:00.000 078        72.00     42.00    -29.00      6.00
1989-03-19 04:00:00.000 078       164.00    123.00    -40.00     41.00
1989-03-19 05:00:00.000 078       256.00    174.00    -80.00     46.00
1989-03-19 06:00:00.000 078       936.00    421.00   -514.00    -46.00
1989-03-19 07:00:00.000 078      1087.00    461.00   -625.00    -81.00
1989-03-19 08:00:00.000 078       939.00    416.00   -522.00    -53.00
1989-03-19 09:00:00.000 078       517.00    248.00   -269.00    -10.00
1989-03-19 10:00:00.000 078       749.00    405.00   -343.00     30.00
1989-03-19 11:00:00.000 078       811.00    337.00   -473.00    -67.00
1989-03-19 12:00:00.000 078       628.00    279.00   -348.00    -34.00
1989-03-19 13:00:00.000 078      1259.00    600.00   -659.00    -29.00
1989-03-19 14:00:00.000 078      1136.00    451.00   -685.00   -116.00
1989-03-19 15:00:00.000 078       918.00    395.00   -521.00    -62.00
1989-03-19 16:00:00.000 078       803.00    466.00   -336.00     64.00
1989-03-19 17:00:00.000 078       628.00    376.00   -251.00     62.00
1989-03-19 18:00:00.000 078       673.00    362.00   -309.00     25.00
1989-03-19 19:00:00.000 078       493.00    269.00   -223.00     22.00
1989-03-19 20:00:00.000 078       531.00    236.00   -294.00    -28.00
1989-03-19 21:00:00.000 078       418.00    175.00   -242.00    -33.00
1989-03-19 22:00:00.000 078       211.00     75.00   -136.00    -29.00
1989-03-19 23:00:00.000 078       118.00     46.00    -72.00    -12.00
1989-03-20 00:00:00.000 079        74.00     32.00    -41.00     -4.00
1989-03-20 01:00:00.000 079       117.00     42.00    -75.00    -15.00
1989-03-20 02:00:00.000 079       179.00     84.00    -94.00     -4.00
1989-03-20 03:00:00.000 079       318.00     84.00   -233.00    -73.00
1989-03-20 04:00:00.000 079       366.00    118.00   -248.00    -64.00
1989-03-20 05:00:00.000 079       314.00    106.00   -207.00    -50.00
1989-03-20 06:00:00.000 079       352.00    100.00   -251.00    -74.00
1989-03-20 07:00:00.000 079       117.00     68.00    -47.00     10.00
1989-03-20 08:00:00.000 079        67.00     36.00    -30.00      2.00
1989-03-20 09:00:00.000 079        59.00     25.00    -33.00     -3.00
1989-03-20 10:00:00.000 079        80.00     40.00    -40.00      0.00
1989-03-20 11:00:00.000 079       103.00     41.00    -61.00    -10.00
1989-03-20 12:00:00.000 079       145.00     44.00   -101.00    -27.00
1989-03-20 13:00:00.000 079        59.00     18.00    -41.00    -10.00
1989-03-20 14:00:00.000 079        55.00     23.00    -31.00     -3.00
1989-03-20 15:00:00.000 079       141.00     67.00    -72.00     -2.00
1989-03-20 16:00:00.000 079       363.00    120.00   -242.00    -60.00
1989-03-20 17:00:00.000 079       392.00    139.00   -252.00    -55.00
1989-03-20 18:00:00.000 079       400.00    130.00   -269.00    -68.00
1989-03-20 19:00:00.000 079       150.00     64.00    -85.00    -10.00
1989-03-20 20:00:00.000 079        66.00     48.00    -17.00     15.00
1989-03-20 21:00:00.000 079       153.00    103.00    -49.00     26.00
1989-03-20 22:00:00.000 079       404.00    111.00   -293.00    -90.00
1989-03-20 23:00:00.000 079       373.00    141.00   -231.00    -44.00
1989-03-21 00:00:00.000 080       429.00    138.00   -290.00    -74.00
1989-03-21 01:00:00.000 080       488.00    151.00   -336.00    -91.00
1989-03-21 02:00:00.000 080       397.00    152.00   -244.00    -44.00
1989-03-21 03:00:00.000 080       211.00     88.00   -122.00    -16.00
1989-03-21 04:00:00.000 080       357.00    176.00   -181.00     -2.00
1989-03-21 05:00:00.000 080       512.00    168.00   -343.00    -86.00
1989-03-21 06:00:00.000 080       610.00    232.00   -377.00    -72.00
1989-03-21 07:00:00.000 080       577.00    180.00   -396.00   -107.00
1989-03-21 08:00:00.000 080       518.00    229.00   -288.00    -29.00
1989-03-21 09:00:00.000 080       591.00    304.00   -287.00      7.00
1989-03-21 10:00:00.000 080       411.00    185.00   -226.00    -19.00
1989-03-21 11:00:00.000 080       399.00    158.00   -241.00    -41.00
1989-03-21 12:00:00.000 080       116.00     60.00    -55.00      2.00
1989-03-21 13:00:00.000 080       124.00     45.00    -79.00    -16.00
1989-03-21 14:00:00.000 080        86.00     21.00    -65.00    -21.00
1989-03-21 15:00:00.000 080        77.00     16.00    -60.00    -21.00
1989-03-21 16:00:00.000 080       102.00     40.00    -61.00    -10.00
1989-03-21 17:00:00.000 080        87.00     51.00    -34.00      8.00
1989-03-21 18:00:00.000 080       204.00    107.00    -96.00      5.00
1989-03-21 19:00:00.000 080       286.00    110.00   -174.00    -32.00
1989-03-21 20:00:00.000 080       257.00    112.00   -143.00    -15.00
1989-03-21 21:00:00.000 080       280.00    142.00   -137.00      2.00
1989-03-21 22:00:00.000 080       406.00    184.00   -221.00    -17.00
1989-03-21 23:00:00.000 080       274.00     95.00   -179.00    -41.00
1989-03-22 00:00:00.000 081       271.00    126.00   -144.00     -8.00
1989-03-22 01:00:00.000 081       300.00     88.00   -210.00    -60.00
1989-03-22 02:00:00.000 081       153.00     77.00    -74.00      1.00
1989-03-22 03:00:00.000 081       101.00     63.00    -36.00     12.00
1989-03-22 04:00:00.000 081       120.00     87.00    -31.00     27.00
1989-03-22 05:00:00.000 081       351.00    165.00   -184.00     -9.00
1989-03-22 06:00:00.000 081       628.00    213.00   -414.00    -99.00
1989-03-22 07:00:00.000 081       623.00    264.00   -358.00    -47.00
1989-03-22 08:00:00.000 081       543.00    258.00   -284.00    -12.00
1989-03-22 09:00:00.000 081       439.00    225.00   -214.00      5.00
1989-03-22 10:00:00.000 081       128.00     99.00    -28.00     35.00
1989-03-22 11:00:00.000 081        90.00     52.00    -37.00      7.00
1989-03-22 12:00:00.000 081        86.00     41.00    -44.00     -1.00
1989-03-22 13:00:00.000 081        76.00     33.00    -42.00     -4.00
1989-03-22 14:00:00.000 081       397.00    188.00   -208.00     -9.00
1989-03-22 15:00:00.000 081       686.00    251.00   -434.00    -90.00
1989-03-22 16:00:00.000 081       172.00     68.00   -103.00    -17.00
1989-03-22 17:00:00.000 081       457.00    237.00   -219.00      9.00
1989-03-22 18:00:00.000 081       570.00    189.00   -380.00    -95.00
1989-03-22 19:00:00.000 081       786.00    266.00   -519.00   -126.00
1989-03-22 20:00:00.000 081       719.00    163.00   -555.00   -195.00
1989-03-22 21:00:00.000 081       880.00    255.00   -624.00   -184.00
1989-03-22 22:00:00.000 081       740.00    158.00   -581.00   -211.00
1989-03-22 23:00:00.000 081       873.00    351.00   -521.00    -84.00
1989-03-23 00:00:00.000 082       474.00    208.00   -265.00    -27.00
1989-03-23 01:00:00.000 082       125.00     65.00    -59.00      3.00
1989-03-23 02:00:00.000 082        54.00     24.00    -29.00     -2.00
1989-03-23 03:00:00.000 082        62.00     27.00    -33.00     -2.00
1989-03-23 04:00:00.000 082       119.00     58.00    -60.00     -1.00
1989-03-23 05:00:00.000 082       157.00     46.00   -109.00    -31.00
1989-03-23 06:00:00.000 082        90.00     41.00    -49.00     -3.00
1989-03-23 07:00:00.000 082        86.00     45.00    -41.00      2.00
1989-03-23 08:00:00.000 082       114.00     41.00    -72.00    -15.00
1989-03-23 09:00:00.000 082       140.00     81.00    -58.00     11.00
1989-03-23 10:00:00.000 082       513.00    183.00   -329.00    -72.00
1989-03-23 11:00:00.000 082       502.00    112.00   -390.00   -138.00
1989-03-23 12:00:00.000 082       603.00    128.00   -474.00   -172.00
1989-03-23 13:00:00.000 082       724.00    333.00   -391.00    -28.00
1989-03-23 14:00:00.000 082      1015.00    415.00   -599.00    -91.00
1989-03-23 15:00:00.000 082      1051.00    376.00   -674.00   -148.00
1989-03-23 16:00:00.000 082       964.00    330.00   -633.00   -150.00
1989-03-23 17:00:00.000 082       877.00    288.00   -588.00   -149.00
1989-03-23 18:00:00.000 082      1273.00    389.00   -882.00   -245.00
1989-03-23 19:00:00.000 082       742.00    304.00   -436.00    -65.00
1989-03-23 20:00:00.000 082       661.00    158.00   -501.00   -171.00
1989-03-23 21:00:00.000 082       673.00    248.00   -423.00    -87.00
1989-03-23 22:00:00.000 082       336.00    197.00   -138.00     28.00
1989-03-23 23:00:00.000 082       414.00    172.00   -241.00    -33.00
1989-03-24 00:00:00.000 083       416.00    142.00   -272.00    -64.00
1989-03-24 01:00:00.000 083       290.00    115.00   -175.00    -29.00
1989-03-24 02:00:00.000 083       567.00    208.00   -357.00    -73.00
1989-03-24 03:00:00.000 083       626.00    260.00   -365.00    -51.00
1989-03-24 04:00:00.000 083       465.00    201.00   -263.00    -30.00
1989-03-24 05:00:00.000 083       147.00     43.00   -103.00    -29.00
1989-03-24 06:00:00.000 083        75.00     34.00    -40.00     -2.00
1989-03-24 07:00:00.000 083       200.00    115.00    -84.00     15.00
1989-03-24 08:00:00.000 083       445.00    134.00   -310.00    -87.00
1989-03-24 09:00:00.000 083       221.00     85.00   -134.00    -23.00
1989-03-24 10:00:00.000 083        65.00     35.00    -28.00      3.00
1989-03-24 11:00:00.000 083        45.00     29.00    -16.00      6.00
1989-03-24 12:00:00.000 083        55.00     31.00    -23.00      3.00
1989-03-24 13:00:00.000 083        84.00     38.00    -46.00     -4.00
1989-03-24 14:00:00.000 083       101.00     35.00    -66.00    -14.00
1989-03-24 15:00:00.000 083        67.00     30.00    -35.00     -2.00
1989-03-24 16:00:00.000 083        68.00     35.00    -32.00      1.00
1989-03-24 17:00:00.000 083       103.00     35.00    -66.00    -14.00
1989-03-24 18:00:00.000 083        80.00     33.00    -46.00     -6.00
1989-03-24 19:00:00.000 083        52.00     33.00    -18.00      6.00
1989-03-24 20:00:00.000 083        36.00     27.00     -8.00      8.00
1989-03-24 21:00:00.000 083        37.00     24.00    -12.00      5.00
1989-03-24 22:00:00.000 083        45.00     27.00    -17.00      4.00
1989-03-24 23:00:00.000 083        69.00     45.00    -24.00      9.00
1989-03-25 00:00:00.000 084        55.00     32.00    -22.00      4.00
1989-03-25 01:00:00.000 084        61.00     34.00    -25.00      3.00
1989-03-25 02:00:00.000 084        66.00     35.00    -29.00      2.00
1989-03-25 03:00:00.000 084        68.00     39.00    -27.00      5.00
1989-03-25 04:00:00.000 084        63.00     37.00    -26.00      4.00
1989-03-25 05:00:00.000 084        65.00     39.00    -25.00      6.00
1989-03-25 06:00:00.000 084        56.00     33.00    -22.00      4.00
1989-03-25 07:00:00.000 084        50.00     29.00    -20.00      4.00
1989-03-25 08:00:00.000 084        59.00     41.00    -18.00     11.00
1989-03-25 09:00:00.000 084        83.00     63.00    -20.00     21.00
1989-03-25 10:00:00.000 084       170.00     70.00   -100.00    -14.00
1989-03-25 11:00:00.000 084       150.00     48.00   -102.00    -27.00
1989-03-25 12:00:00.000 084        99.00     37.00    -62.00    -11.00
1989-03-25 13:00:00.000 084        50.00     35.00    -13.00     10.00
1989-03-25 14:00:00.000 084        50.00     32.00    -17.00      7.00
1989-03-25 15:00:00.000 084       148.00     66.00    -81.00     -7.00
1989-03-25 16:00:00.000 084       276.00     99.00   -176.00    -37.00
1989-03-25 17:00:00.000 084       521.00    202.00   -317.00    -56.00
1989-03-25 18:00:00.000 084       709.00    257.00   -451.00    -96.00
1989-03-25 19:00:00.000 084       762.00    289.00   -471.00    -90.00
1989-03-25 20:00:00.000 084       551.00    248.00   -302.00    -26.00
1989-03-25 21:00:00.000 084       327.00    156.00   -171.00     -7.00
1989-03-25 22:00:00.000 084       244.00    114.00   -129.00     -7.00
1989-03-25 23:00:00.000 084       200.00    104.00    -96.00      3.00
1989-03-26 00:00:00.000 085        99.00     59.00    -39.00      9.00
1989-03-26 01:00:00.000 085       132.00     73.00    -59.00      6.00
1989-03-26 02:00:00.000 085       339.00    121.00   -216.00    -47.00
1989-03-26 03:00:00.000 085       393.00    153.00   -239.00    -42.00
1989-03-26 04:00:00.000 085       196.00    108.00    -87.00      9.00
1989-03-26 05:00:00.000 085        81.00     55.00    -25.00     14.00
1989-03-26 06:00:00.000 085        61.00     43.00    -18.00     11.00
1989-03-26 07:00:00.000 085        49.00     34.00    -14.00      9.00
1989-03-26 08:00:00.000 085        50.00     36.00    -12.00     11.00
1989-03-26 09:00:00.000 085        59.00     37.00    -21.00      7.00
1989-03-26 10:00:00.000 085       110.00     91.00    -18.00     36.00
1989-03-26 11:00:00.000 085       319.00    150.00   -169.00     -9.00
1989-03-26 12:00:00.000 085       553.00    156.00   -396.00   -119.00
1989-03-26 13:00:00.000 085       206.00     66.00   -139.00    -36.00
1989-03-26 14:00:00.000 085        60.00     34.00    -24.00      4.00
1989-03-26 15:00:00.000 085        71.00     33.00    -37.00     -2.00
1989-03-26 16:00:00.000 085        97.00     41.00    -55.00     -6.00
1989-03-26 17:00:00.000 085       220.00     43.00   -176.00    -66.00
1989-03-26 18:00:00.000 085       327.00    134.00   -192.00    -29.00
1989-03-26 19:00:00.000 085       175.00     80.00    -94.00     -7.00
1989-03-26 20:00:00.000 085       107.00     76.00    -30.00     22.00
1989-03-26 21:00:00.000 085       124.00     71.00    -52.00      9.00
1989-03-26 22:00:00.000 085       306.00     93.00   -212.00    -58.00
1989-03-26 23:00:00.000 085       260.00    104.00   -155.00    -24.00
1989-03-27 00:00:00.000 086       198.00    120.00    -77.00     21.00
1989-03-27 01:00:00.000 086        80.00     77.00     -3.00     36.00
1989-03-27 02:00:00.000 086        77.00     67.00     -8.00     28.00
1989-03-27 03:00:00.000 086        99.00     72.00    -25.00     22.00
1989-03-27 04:00:00.000 086        90.00     63.00    -26.00     17.00
1989-03-27 05:00:00.000 086        88.00     63.00    -25.00     18.00
1989-03-27 06:00:00.000 086        74.00     58.00    -15.00     20.00
1989-03-27 07:00:00.000 086       212.00    161.00    -50.00     54.00
1989-03-27 08:00:00.000 086       178.00    151.00    -26.00     62.00
1989-03-27 09:00:00.000 086       212.00    167.00    -43.00     61.00
1989-03-27 10:00:00.000 086       114.00     91.00    -22.00     34.00
1989-03-27 11:00:00.000 086       113.00     86.00    -26.00     29.00
1989-03-27 12:00:00.000 086       153.00     88.00    -64.00     11.00
1989-03-27 13:00:00.000 086       131.00     79.00    -51.00     13.00
1989-03-27 14:00:00.000 086       123.00     74.00    -48.00     13.00
1989-03-27 15:00:00.000 086       428.00    274.00   -154.00     59.00
1989-03-27 16:00:00.000 086       802.00    355.00   -445.00    -44.00
1989-03-27 17:00:00.000 086       569.00    245.00   -324.00    -38.00
1989-03-27 18:00:00.000 086       313.00    169.00   -144.00     12.00
1989-03-27 19:00:00.000 086       316.00    210.00   -106.00     51.00
1989-03-27 20:00:00.000 086       617.00    316.00   -300.00      8.00
1989-03-27 21:00:00.000 086       889.00    242.00   -645.00   -201.00
1989-03-27 22:00:00.000 086       804.00    134.00   -668.00   -266.00
1989-03-27 23:00:00.000 086       437.00    217.00   -219.00     -1.00
1989-03-28 00:00:00.000 087       226.00     88.00   -137.00    -24.00
1989-03-28 01:00:00.000 087        92.00     41.00    -50.00     -4.00
1989-03-28 02:00:00.000 087        72.00     37.00    -34.00      1.00
1989-03-28 03:00:00.000 087       104.00     55.00    -48.00      3.00
1989-03-28 04:00:00.000 087       106.00     60.00    -45.00      7.00
1989-03-28 05:00:00.000 087       130.00     72.00    -57.00      7.00
1989-03-28 06:00:00.000 087       391.00    129.00   -260.00    -65.00
1989-03-28 07:00:00.000 087       313.00    135.00   -177.00    -20.00
1989-03-28 08:00:00.000 087       240.00    114.00   -125.00     -5.00
1989-03-28 09:00:00.000 087       286.00    114.00   -171.00    -27.00
1989-03-28 10:00:00.000 087       329.00    139.00   -189.00    -25.00
1989-03-28 11:00:00.000 087       519.00    117.00   -402.00   -141.00
1989-03-28 12:00:00.000 087       296.00     92.00   -203.00    -55.00
1989-03-28 13:00:00.000 087       671.00    252.00   -418.00    -82.00
1989-03-28 14:00:00.000 087       705.00    296.00   -408.00    -55.00
1989-03-28 15:00:00.000 087       397.00    196.00   -199.00     -1.00
1989-03-28 16:00:00.000 087       548.00    227.00   -320.00    -46.00
1989-03-28 17:00:00.000 087       357.00    190.00   -166.00     12.00
1989-03-28 18:00:00.000 087       498.00    240.00   -256.00     -8.00
1989-03-28 19:00:00.000 087       558.00    205.00   -352.00    -73.00
1989-03-28 20:00:00.000 087       398.00    203.00   -193.00      4.00
1989-03-28 21:00:00.000 087       191.00    121.00    -69.00     25.00
1989-03-28 22:00:00.000 087       153.00     94.00    -59.00     17.00
1989-03-28 23:00:00.000 087        97.00     76.00    -21.00     27.00
1989-03-29 00:00:00.000 088       342.00    177.00   -164.00      5.00
1989-03-29 01:00:00.000 088       801.00    209.00   -591.00   -190.00
1989-03-29 02:00:00.000 088       838.00    229.00   -608.00   -188.00
1989-03-29 03:00:00.000 088       598.00    209.00   -388.00    -88.00
1989-03-29 04:00:00.000 088       331.00    247.00    -82.00     82.00
1989-03-29 05:00:00.000 088       372.00    185.00   -185.00      0.00
1989-03-29 06:00:00.000 088       350.00    151.00   -197.00    -22.00
1989-03-29 07:00:00.000 088       505.00    153.00   -351.00    -98.00
1989-03-29 08:00:00.000 088       750.00    210.00   -539.00   -163.00
1989-03-29 09:00:00.000 088       350.00    140.00   -209.00    -34.00
1989-03-29 10:00:00.000 088        95.00     63.00    -31.00     16.00
1989-03-29 11:00:00.000 088       447.00    122.00   -325.00   -101.00
1989-03-29 12:00:00.000 088       737.00    175.00   -562.00   -192.00
1989-03-29 13:00:00.000 088       681.00    198.00   -482.00   -141.00
1989-03-29 14:00:00.000 088       793.00    271.00   -521.00   -124.00
1989-03-29 15:00:00.000 088       758.00    290.00   -467.00    -88.00
1989-03-29 16:00:00.000 088       986.00    375.00   -610.00   -117.00
1989-03-29 17:00:00.000 088       727.00    328.00   -399.00    -35.00
1989-03-29 18:00:00.000 088       771.00    196.00   -573.00   -187.00
1989-03-29 19:00:00.000 088       800.00    134.00   -664.00   -264.00
1989-03-29 20:00:00.000 088       878.00     43.00   -834.00   -395.00
1989-03-29 21:00:00.000 088       888.00    119.00   -768.00   -323.00
1989-03-29 22:00:00.000 088       571.00    115.00   -455.00   -169.00
1989-03-29 23:00:00.000 088       538.00    219.00   -317.00    -48.00
1989-03-30 00:00:00.000 089       362.00    161.00   -200.00    -19.00
1989-03-30 01:00:00.000 089       288.00    130.00   -157.00    -12.00
1989-03-30 02:00:00.000 089       366.00    177.00   -189.00     -5.00
1989-03-30 03:00:00.000 089       447.00    178.00   -268.00    -44.00
1989-03-30 04:00:00.000 089       659.00    166.00   -491.00   -161.00
1989-03-30 05:00:00.000 089       367.00    122.00   -244.00    -60.00
1989-03-30 06:00:00.000 089       309.00    128.00   -179.00    -24.00
1989-03-30 07:00:00.000 089       706.00    248.00   -457.00   -104.00
1989-03-30 08:00:00.000 089       595.00    192.00   -402.00   -104.00
1989-03-30 09:00:00.000 089       255.00    134.00   -120.00      7.00
1989-03-30 10:00:00.000 089       393.00    173.00   -219.00    -22.00
1989-03-30 11:00:00.000 089       473.00    140.00   -332.00    -95.00
1989-03-30 12:00:00.000 089       554.00    140.00   -414.00   -136.00
1989-03-30 13:00:00.000 089       382.00    105.00   -275.00    -84.00
1989-03-30 14:00:00.000 089       135.00     58.00    -76.00     -8.00
1989-03-30 15:00:00.000 089       132.00     59.00    -72.00     -6.00
1989-03-30 16:00:00.000 089        89.00     50.00    -38.00      6.00
1989-03-30 17:00:00.000 089       255.00    112.00   -141.00    -14.00
1989-03-30 18:00:00.000 089       900.00    298.00   -601.00   -151.00
1989-03-30 19:00:00.000 089      1077.00    324.00   -752.00   -213.00
1989-03-30 20:00:00.000 089       553.00    224.00   -328.00    -52.00
1989-03-30 21:00:00.000 089       584.00    235.00   -347.00    -55.00
1989-03-30 22:00:00.000 089       492.00    122.00   -369.00   -123.00
1989-03-30 23:00:00.000 089       812.00    197.00   -613.00   -207.00
1989-03-31 00:00:00.000 090       455.00    151.00   -302.00    -74.00
1989-03-31 01:00:00.000 090       518.00    159.00   -357.00    -98.00
1989-03-31 02:00:00.000 090       622.00    264.00   -356.00    -45.00
1989-03-31 03:00:00.000 090       524.00    317.00   -205.00     55.00
1989-03-31 04:00:00.000 090       467.00    360.00   -106.00    126.00
1989-03-31 05:00:00.000 090       537.00    251.00   -284.00    -16.00
1989-03-31 06:00:00.000 090       509.00    206.00   -302.00    -47.00
1989-03-31 07:00:00.000 090       530.00    243.00   -286.00    -21.00
1989-03-31 08:00:00.000 090       616.00    288.00   -328.00    -20.00
1989-03-31 09:00:00.000 090       630.00    314.00   -315.00      0.00
1989-03-31 10:00:00.000 090       437.00    165.00   -271.00    -52.00
1989-03-31 11:00:00.000 090       401.00    209.00   -190.00      9.00
1989-03-31 12:00:00.000 090       684.00    386.00   -296.00     44.00
1989-03-31 13:00:00.000 090       811.00    444.00   -366.00     38.00
1989-03-31 14:00:00.000 090       648.00    295.00   -352.00    -28.00
1989-03-31 15:00:00.000 090       444.00    225.00   -218.00      3.00
1989-03-31 16:00:00.000 090       637.00    273.00   -363.00    -44.00
1989-03-31 17:00:00.000 090       850.00    360.00   -489.00    -64.00
1989-03-31 18:00:00.000 090       839.00    274.00   -564.00   -144.00
1989-03-31 19:00:00.000 090       777.00    144.00   -632.00   -243.00
1989-03-31 20:00:00.000 090       679.00     -5.00   -684.00   -344.00
1989-03-31 21:00:00.000 090       705.00    174.00   -529.00   -176.00
1989-03-31 22:00:00.000 090       551.00     51.00   -498.00   -223.00
1989-03-31 23:00:00.000 090       346.00    124.00   -221.00    -47.00