dB_E,dB_N,dB_Z
-0.034538,-0.061233,0.085986
-0.040297,-0.045996,0.064658
-0.044284,-0.050931,0.070862
-0.038941,-0.047748,0.065895
-0.040264,-0.049229,0.067628
-0.03883,-0.047444,0.065532
-0.036087,-0.047252,0.064011
-0.035386,-0.045983,0.062815
-0.033669,-0.045087,0.061215
-0.032451,-0.044486,0.060553
-0.031131,-0.043326,0.059079
-0.030061,-0.042629,0.058262
-0.029162,-0.041927,0.057522
-0.028539,-0.041432,0.057003
-0.027942,-0.041151,0.056613
-0.027623,-0.041012,0.056379
-0.027468,-0.04096,0.056363
-0.027276,-0.040649,0.056032
-0.035355,-0.039547,0.061332
-0.037278,-0.051519,0.066562
-0.019215,-0.04529,0.052682
-0.0045105,-0.034679,0.037271
-0.0016796,-0.033347,0.03164
-0.020155,-0.031122,0.045734
-0.034317,-0.046115,0.067686
-0.035946,-0.050071,0.071619
-0.045258,-0.053276,0.081424
-0.04791,-0.060249,0.088003
-0.052324,-0.067895,0.094995
-0.059645,-0.079067,0.10495
-0.067082,-0.093711,0.11777
-0.082052,-0.11122,0.13779
-0.085335,-0.12715,0.15134
-0.090163,-0.15364,0.17442
-0.1007,-0.17062,0.19338
-0.096362,-0.20126,0.21459
-0.1019,-0.22323,0.23407
-0.10376,-0.2508,0.25747
-0.10051,-0.27611,0.27514
-0.097819,-0.30076,0.29228
-0.10417,-0.3222,0.31236
-0.11097,-0.33719,0.32775
-0.11178,-0.33604,0.32786
-0.11685,-0.33741,0.32904
-0.13042,-0.31441,0.3216
-0.14637,-0.3162,0.33354
-0.15247,-0.31729,0.33931
-0.15797,-0.30271,0.33662
-0.15667,-0.29129,0.33109
-0.15848,-0.28089,0.32708
-0.14028,-0.25645,0.3024
-0.1331,-0.24631,0.29098
-0.14276,-0.22842,0.28504
-0.15112,-0.23191,0.29386
-0.15526,-0.23064,0.29345
-0.16267,-0.22919,0.29503
-0.1633,-0.22598,0.29118
-0.15548,-0.21353,0.27426
-0.16667,-0.22262,0.28367
-0.17838,-0.22008,0.28519
-0.1786,-0.2294,0.28893
-0.173,-0.21981,0.27399
-0.17751,-0.22277,0.2776
-0.17058,-0.2267,0.27301
-0.1691,-0.22167,0.26648
-0.18052,-0.23838,0.2831
-0.18125,-0.24315,0.2834
-0.17869,-0.25577,0.28971
-0.18402,-0.26415,0.29576
-0.18062,-0.27244,0.29926
-0.18451,-0.27487,0.30038
-0.16875,-0.28645,0.30036
-0.15778,-0.28972,0.29808
-0.14984,-0.30306,0.29886
-0.14764,-0.31387,0.30191
-0.14577,-0.32716,0.30753
-0.13372,-0.34234,0.31073
-0.11784,-0.36185,0.31451
-0.11409,-0.37214,0.3184
-0.10845,-0.40347,0.33636
-0.10833,-0.42421,0.34454
-0.09129,-0.44554,0.35147
-0.07281,-0.45578,0.34049
-0.057799,-0.46429,0.34153
-0.058554,-0.46672,0.33258
-0.043339,-0.47249,0.32751
-0.02105,-0.48337,0.31708
-0.015567,-0.5003,0.31967
-0.026643,-0.49796,0.3234
-0.056097,-0.49403,0.33308
-0.063676,-0.5004,0.34012
-0.071673,-0.47965,0.33136
-0.039756,-0.48161,0.32533
-0.065003,-0.44544,0.3044
-0.06025,-0.46132,0.31821
-0.082789,-0.42927,0.30353
-0.073486,-0.43201,0.30096
-0.051137,-0.43431,0.30103
-0.078818,-0.41299,0.28575
-0.086339,-0.41529,0.29188
-0.082256,-0.41015,0.27956
-0.081555,-0.40219,0.27575
-0.083608,-0.39287,0.2711
-0.1034,-0.40038,0.28334
-0.1272,-0.38763,0.27993
-0.092568,-0.38918,0.26442
-0.026711,-0.37543,0.22196
-0.10341,-0.35013,0.2396
-0.09892,-0.37389,0.24888
-0.10098,-0.36442,0.23169
-0.073001,-0.35141,0.19684
-0.088154,-0.32592,0.18278
-0.070158,-0.32061,0.16136
-0.094685,-0.31389,0.16122
-0.10082,-0.32152,0.16884
-0.10152,-0.33321,0.17197
-0.1087,-0.32722,0.16772
-0.081196,-0.29911,0.12436
-0.096299,-0.29413,0.13148
-0.088143,-0.30732,0.13651
-0.098525,-0.33298,0.15859
-0.094263,-0.34166,0.16395
-0.080768,-0.30235,0.11985
-0.073107,-0.26055,0.08625
-0.079312,-0.25002,0.086057
-0.067391,-0.2515,0.084827
-0.063657,-0.24375,0.076464
-0.069928,-0.24452,0.086263
-0.068233,-0.21272,0.056183
-0.067738,-0.20107,0.05577
-0.057149,-0.18998,0.03739
-0.042937,-0.18342,0.033177
-0.032266,-0.16864,0.011275
-0.039896,-0.19534,0.031765
-0.024584,-0.17655,0.0121
-0.034815,-0.18205,0.020113
-0.032269,-0.1921,0.028417
-0.027553,-0.18659,0.022418
-0.020679,-0.17211,0.0087053
-0.021054,-0.16703,-0.00065795
-0.021312,-0.1498,-0.010238
-0.025832,-0.18412,0.02109
-0.033436,-0.19212,0.036153
-0.011569,-0.18357,0.0096787
-0.0039044,-0.1334,-0.028082
0.0078066,-0.1201,-0.030046
0.0028111,-0.12418,-0.0038282
0.012103,-0.14005,0.0064165
0.0067768,-0.12098,-5.7348e-06
0.017095,-0.14786,0.026885
-0.0074712,-0.17967,0.071171
0.0078321,-0.20012,0.089694
-0.00063063,-0.22031,0.11025
-0.0075791,-0.2274,0.1246
0.0035149,-0.22738,0.1209
0.011011,-0.23098,0.1302
0.01987,-0.24256,0.15101
0.029914,-0.25725,0.1638
0.038513,-0.2608,0.16421
0.056029,-0.26134,0.16154
0.060721,-0.27852,0.17935
0.06626,-0.28825,0.18488
0.063853,-0.30944,0.20312
0.069858,-0.30852,0.20994
0.073484,-0.33697,0.23663
0.082048,-0.34703,0.24482
0.076786,-0.35899,0.25864
0.068476,-0.36867,0.26405
0.061597,-0.38676,0.28684
0.074895,-0.38346,0.27
0.065573,-0.3552,0.24616
0.071133,-0.3401,0.23426
0.07089,-0.34341,0.2358
0.079506,-0.34047,0.23871
0.086916,-0.33202,0.22468
0.090027,-0.33771,0.22558
0.096603,-0.3161,0.20535
0.099321,-0.30905,0.19784
0.099067,-0.3015,0.19241
0.10409,-0.30252,0.1898
0.099777,-0.2935,0.18066
0.10388,-0.30697,0.18746
0.10391,-0.29987,0.18292
0.10519,-0.30614,0.18869
0.1114,-0.29739,0.17881
0.10746,-0.29825,0.17627
0.12265,-0.23787,0.11168
0.10566,-0.27136,0.16144
0.11284,-0.32981,0.22106
0.13507,-0.36832,0.2412
0.13528,-0.38773,0.25876
0.14017,-0.40388,0.26759
0.14055,-0.40427,0.26095
0.13767,-0.35959,0.21564
0.13558,-0.36404,0.22593
0.14202,-0.35239,0.2209
0.1449,-0.38296,0.24733
0.1465,-0.41434,0.27725
0.14897,-0.42446,0.28225
0.14166,-0.43104,0.29179
0.13788,-0.43125,0.29146
0.13051,-0.43785,0.29421
0.11965,-0.41018,0.26724
0.091725,-0.35529,0.22887
0.093645,-0.31076,0.19368
0.09428,-0.24713,0.13522
0.086172,-0.25321,0.15832
0.10258,-0.26113,0.16556
0.10716,-0.26363,0.16879
0.10572,-0.25637,0.16735
0.092749,-0.26293,0.17983
0.090398,-0.27256,0.18895
0.075932,-0.26597,0.18468
0.062261,-0.2625,0.18722
0.038548,-0.27351,0.20539
0.035559,-0.25532,0.1783
0.018926,-0.23322,0.16325
0.0093001,-0.22043,0.15519
0.0091495,-0.19872,0.13534
0.00090195,-0.20875,0.15069
0.0077307,-0.19699,0.13285
0.0071942,-0.19124,0.12367
0.0051299,-0.1784,0.11976
0.0018922,-0.1819,0.12328
-0.008087,-0.20328,0.14917
-0.012577,-0.21858,0.16909
-0.0186,-0.24018,0.19257
-0.030664,-0.26556,0.22184
-0.042313,-0.28397,0.24591
-0.053409,-0.31201,0.2746
-0.064348,-0.33657,0.29934
-0.075163,-0.36876,0.3326
-0.080981,-0.39399,0.35747
-0.085797,-0.4029,0.3649
-0.089944,-0.4274,0.3922
-0.098677,-0.45612,0.42122
-0.1068,-0.48822,0.45644
-0.11161,-0.51193,0.47994
-0.11401,-0.52631,0.49392
-0.10908,-0.53277,0.50035
-0.1138,-0.5458,0.50556
-0.11587,-0.54028,0.49523
-0.11544,-0.54182,0.49768
-0.11659,-0.54747,0.50329
-0.11697,-0.54646,0.49954
-0.12142,-0.5418,0.49268
-0.12885,-0.5544,0.50644
-0.13269,-0.56934,0.52256
-0.13089,-0.56798,0.51764
-0.14014,-0.5473,0.49881
-0.15512,-0.54317,0.50136
-0.16765,-0.57309,0.53491
-0.1742,-0.61192,0.57185
-0.16437,-0.61182,0.5658
-0.16135,-0.59731,0.54888
-0.16406,-0.56616,0.51497
-0.16352,-0.54876,0.50435
-0.1558,-0.54238,0.50057
-0.14458,-0.53087,0.48978
-0.14494,-0.52121,0.48005
-0.14542,-0.49487,0.45253
-0.15372,-0.49176,0.45825
-0.14972,-0.4974,0.47403
-0.14146,-0.51767,0.50481
-0.11915,-0.50403,0.48651
-0.11136,-0.48418,0.45964
-0.10927,-0.45778,0.42687
-0.11042,-0.43045,0.39639
-0.10354,-0.43121,0.39994
-0.088973,-0.42102,0.3864
-0.075346,-0.43014,0.39466
-0.049766,-0.45993,0.42345
-0.034601,-0.453,0.41591
-0.015756,-0.45483,0.41352
-0.0040463,-0.3902,0.36481
0.043494,-0.37536,0.35403
0.079433,-0.36463,0.32857
0.13538,-0.41284,0.34461
0.1498,-0.40053,0.31495
0.15567,-0.38753,0.26982
0.19869,-0.37277,0.23691
0.18369,-0.37624,0.23033
0.1858,-0.37643,0.22277
0.19339,-0.37516,0.21705
0.17471,-0.38035,0.22228
0.17653,-0.38002,0.22338
0.17638,-0.36075,0.20039
0.19706,-0.36498,0.20161
0.20887,-0.36412,0.19451
0.21227,-0.36577,0.19256
0.19619,-0.36869,0.19902
0.20198,-0.36641,0.18139
0.18331,-0.3684,0.19522
0.18148,-0.36484,0.18533
0.16662,-0.36149,0.18075
0.17386,-0.36061,0.17778
0.17203,-0.35692,0.18269
0.17359,-0.33112,0.15538
0.1915,-0.33443,0.15726
0.14346,-0.32596,0.13611
0.17064,-0.33902,0.15215
0.17876,-0.30389,0.11546
0.198,-0.29516,0.10084
0.20395,-0.27882,0.080073
0.18253,-0.30311,0.10215
0.17845,-0.33097,0.12685
0.15784,-0.34676,0.14643
0.16732,-0.36067,0.15325
0.15851,-0.37527,0.1667
0.15555,-0.37926,0.16984
0.15408,-0.37821,0.16333
0.15699,-0.37486,0.15352
0.151,-0.36331,0.15366
0.15647,-0.37594,0.15589
0.15241,-0.38653,0.16104
0.14518,-0.39284,0.16756
0.13041,-0.40385,0.18967
0.13235,-0.40828,0.19146
0.11549,-0.40302,0.18124
0.10756,-0.38964,0.16317
0.098326,-0.38774,0.16755
0.096181,-0.37571,0.15924
0.098975,-0.37126,0.1504
0.082691,-0.34964,0.13274
0.081718,-0.3298,0.11848
0.074872,-0.31908,0.1139
0.07529,-0.30831,0.10543
0.06665,-0.30494,0.09956
0.056378,-0.28006,0.066375
0.060123,-0.25923,0.046573
0.069918,-0.22025,0.017381
0.041248,-0.21928,0.012511
0.038605,-0.20015,-0.0031726
0.045069,-0.18643,-0.019583
0.040256,-0.17534,-0.025965
0.025415,-0.17828,-0.018139
0.016506,-0.18224,-0.010462
0.011215,-0.17322,-0.023861
0.014265,-0.17228,-0.017049
0.020068,-0.18727,0.0081756
0.026609,-0.18023,-0.0035405
0.023248,-0.17232,-0.011652
0.018789,-0.17439,0.00061124
0.023293,-0.17824,0.0057502
0.029992,-0.18213,0.017881
0.031789,-0.18742,0.025875
0.035585,-0.19186,0.029863
0.034728,-0.19061,0.032743
0.03944,-0.19126,0.033432
0.037777,-0.19165,0.036461
0.041673,-0.18825,0.035994
0.041927,-0.18473,0.035049
0.045371,-0.18447,0.041068
0.051868,-0.18858,0.051058
0.05555,-0.18764,0.047047
0.051364,-0.18509,0.049473
0.059963,-0.18876,0.062879
0.062371,-0.18742,0.055936
0.054821,-0.17558,0.047487
0.05806,-0.17559,0.050919
0.05799,-0.17585,0.053889
0.065264,-0.17592,0.059282
0.068651,-0.17201,0.058656
0.067498,-0.16876,0.05563
0.073313,-0.17581,0.066106
0.073921,-0.17485,0.06891
0.079173,-0.17301,0.070285
0.082431,-0.17529,0.072921
0.080122,-0.17198,0.073084
0.083906,-0.17123,0.072971
0.085199,-0.17368,0.079826
0.089498,-0.17679,0.085174
0.093398,-0.17984,0.090043
0.096205,-0.17867,0.090067
0.098275,-0.17816,0.09205
0.10074,-0.17813,0.095974
0.10449,-0.17849,0.099698
0.11221,-0.18612,0.11323
0.11171,-0.17842,0.1015
0.11231,-0.17777,0.10295
0.11501,-0.17851,0.10563
0.10706,-0.16795,0.090548
0.10108,-0.15472,0.075783
0.10142,-0.15268,0.077963
0.10747,-0.1527,0.083159
0.11359,-0.15367,0.087976
0.12076,-0.15522,0.09259
0.13344,-0.16428,0.11333
0.1317,-0.16101,0.10755
0.13641,-0.15668,0.10062
0.13107,-0.14832,0.085478
0.12132,-0.14931,0.080369
0.12151,-0.15175,0.085912
0.1305,-0.15839,0.090762
0.13181,-0.14634,0.088641
0.13508,-0.15204,0.091314
0.13564,-0.15277,0.090715
0.13309,-0.14789,0.089558
0.13218,-0.13602,0.080425
0.12956,-0.138,0.08135
0.13091,-0.14213,0.088761
0.13515,-0.14174,0.095119
0.13507,-0.14183,0.093742
0.1352,-0.13841,0.092347
0.14086,-0.14248,0.10012
0.14184,-0.14239,0.10239
0.14213,-0.13853,0.098808
0.14374,-0.1356,0.097422
0.14209,-0.13088,0.09379
0.13956,-0.12567,0.090272
0.14195,-0.1222,0.090261
0.14296,-0.11824,0.089086
0.14864,-0.12097,0.10149
0.15105,-0.12295,0.10816
0.15312,-0.12362,0.11036
0.15035,-0.11878,0.10406
0.14505,-0.11265,0.0994
0.14152,-0.10849,0.097487
0.14162,-0.1089,0.10377
0.1436,-0.10707,0.10926
0.14946,-0.1078,0.11195
0.1465,-0.10312,0.10959
0.15003,-0.10736,0.12337
0.14697,-0.099666,0.10799
0.15412,-0.10464,0.11128
0.14063,-0.090572,0.096127
0.12821,-0.082518,0.080814
0.11815,-0.072674,0.06284
0.1104,-0.069807,0.058383
0.10812,-0.064468,0.055776
0.11047,-0.064808,0.064927
0.11333,-0.06507,0.071431
0.12171,-0.066785,0.078541
0.12119,-0.065693,0.090159
0.13462,-0.074265,0.10964
0.14303,-0.074605,0.12311
0.14974,-0.075328,0.12961
0.15266,-0.075746,0.1354
0.15598,-0.079359,0.14514
0.15632,-0.078352,0.14767
0.15682,-0.080406,0.15663
0.16559,-0.084187,0.17181
0.17124,-0.086061,0.17612
0.17094,-0.085204,0.18039
0.1824,-0.092641,0.20211
0.19237,-0.095299,0.21378
0.20403,-0.098203,0.22586
0.21615,-0.10064,0.24153
0.23986,-0.10581,0.25891
0.27395,-0.10352,0.27675
0.2953,-0.094735,0.27108
0.29549,-0.10862,0.29139
0.31391,-0.10644,0.30323
0.32917,-0.093242,0.311
0.30938,-0.083746,0.28722
0.32942,-0.084262,0.31975
0.34403,-0.091672,0.30488
0.33349,-0.094056,0.2919
0.32226,-0.093969,0.28306
0.33022,-0.094754,0.28676
0.35135,-0.09034,0.29548
0.35225,-0.087333,0.28742
0.35036,-0.086477,0.2835
0.352,-0.086002,0.28722
0.3637,-0.084778,0.28786
0.36825,-0.085609,0.27983
0.37048,-0.083133,0.28714
0.37484,-0.078059,0.27842
0.36789,-0.074871,0.26503
0.3502,-0.067867,0.24306
0.36205,-0.065855,0.26073
0.3615,-0.048951,0.24764
0.36544,-0.054203,0.24008
0.35794,-0.052146,0.23151
0.349,-0.052343,0.21983
0.3505,-0.048048,0.21657
0.33739,-0.041649,0.19901
0.32446,-0.037113,0.18604
0.30417,-0.035381,0.16752
0.29219,-0.033657,0.16312
0.28758,-0.032828,0.15676
0.2755,-0.031721,0.14128
0.26533,-0.028414,0.12298
0.27998,0.038587,0.05397
0.23486,-0.0014266,0.07124
0.26545,0.060743,0.019921
0.24726,-0.01387,0.057434
0.23658,0.009733,0.048474
0.23831,0.010153,0.038924
0.25617,0.0074093,0.038612
0.25489,0.00081506,0.045659
0.22426,0.0031688,0.035703
0.19151,-0.0015125,0.020471
0.19026,-0.03003,0.023185
0.16524,-0.049446,0.021637
0.15882,-0.065658,0.020262
0.16393,-0.066166,0.027981
0.18,-0.06539,0.04277
0.18471,-0.066866,0.041917
0.17249,-0.072469,0.035864
0.17804,-0.071304,0.039984
0.18761,-0.070693,0.044288
0.17743,-0.070581,0.033699
0.1675,-0.070816,0.028703
0.15893,-0.068806,0.024104
0.14739,-0.064427,0.017942
0.13669,-0.063902,0.010605
0.12723,-0.063411,0.0037043
0.11442,-0.068871,-0.00073543
0.10832,-0.061779,-0.011826
0.11001,-0.052079,-0.016543
0.10577,-0.056297,-0.016137
0.09425,-0.063751,-0.014627
0.085475,-0.064419,-0.019149
0.079548,-0.064526,-0.020506
0.075474,-0.0675,-0.021683
0.075798,-0.066642,-0.021052
0.077204,-0.059174,-0.025014
0.068618,-0.063912,-0.025565
0.063432,-0.064296,-0.026831
0.056128,-0.062534,-0.027977
0.054733,-0.06077,-0.027958
0.051756,-0.062303,-0.030955
0.052906,-0.059235,-0.02918
0.051161,-0.056519,-0.030652
0.047538,-0.056429,-0.029973
0.040633,-0.056501,-0.033766
0.033651,-0.056338,-0.036898
0.022233,-0.057497,-0.045578
0.01703,-0.058122,-0.045442
0.020867,-0.053701,-0.040519
0.016682,-0.055565,-0.044202
0.011081,-0.056172,-0.044832
0.012505,-0.051708,-0.039329
0.011964,-0.049951,-0.038873
0.0083896,-0.052545,-0.041932
0.0035376,-0.054078,-0.044307
0.0083864,-0.050024,-0.04084
0.0020859,-0.050512,-0.042632
0.00012102,-0.049917,-0.041593
0.0012793,-0.047314,-0.038094
0.0049319,-0.041946,-0.031294
0.0067816,-0.041888,-0.031997
0.0086626,-0.03859,-0.029579
0.004801,-0.040333,-0.033046
0.0028427,-0.041443,-0.035294
0.0038659,-0.037188,-0.032294
0.0029783,-0.038374,-0.034476
0.0021054,-0.03711,-0.032849
0.010471,-0.030201,-0.026473
0.01242,-0.03024,-0.026498
0.017096,-0.027006,-0.022833
0.023148,-0.022359,-0.017585
0.031443,-0.01445,-0.009083
0.044514,-0.0036594,0.0010998
0.050494,-0.00081687,0.0034579
0.037283,-0.0096506,-0.005283
0.019365,-0.024258,-0.021983
-0.0022397,-0.040328,-0.035034
-0.03072,-0.064145,-0.052092
-0.027556,-0.050317,-0.040259
-0.02469,-0.055351,-0.046572
-0.031087,-0.059652,-0.047429
-0.032482,-0.055688,-0.044985
-0.011002,-0.033754,-0.02737
0.0057377,-0.02007,-0.016422
0.022348,-0.004797,-0.0045872
0.032449,0.0054482,0.0035613
0.049397,0.023536,0.016672
0.05694,0.028244,0.017741
0.042897,0.009395,0.0047409
0.02345,-0.015302,-0.010827
-0.00057984,-0.039269,-0.02631
-0.019985,-0.053237,-0.032844
-0.028812,-0.058913,-0.035669
-0.020044,-0.048932,-0.029405
-0.017723,-0.046998,-0.02832
-0.012766,-0.0396,-0.023385
-0.013397,-0.043737,-0.027356
-0.015485,-0.041522,-0.024849
-0.0063063,-0.025212,-0.012731
0.0087044,-0.0095195,-0.0042601
0.016787,-0.0012485,0.00049916
0.025829,0.011633,0.0094888
0.036061,0.023344,0.015664
0.038383,0.023683,0.015339
0.035341,0.020901,0.014387
0.027199,0.011139,0.0094681
0.01567,0.0019188,0.0076243
0.011492,-0.00016349,0.007197
0.0083142,0.00015196,0.0084584
0.0050417,0.0029837,0.01268
0.00093528,-0.0033744,0.010068
-0.0053192,-0.010464,0.0067981
-0.015896,-0.020246,0.0035096
-0.022138,-0.020909,0.0054326
-0.025735,-0.023033,0.0060528
-0.02612,-0.021493,0.0061733
-0.031725,-0.028028,0.0041207
-0.032626,-0.030617,0.0019139
-0.036119,-0.03258,0.0016036
-0.035243,-0.032078,0.0017114
-0.037954,-0.034541,0.0013393
-0.025834,-0.0089552,0.014387
-0.0081989,0.019946,0.026985
0.0025404,0.034964,0.033275
0.0034282,0.030311,0.028973
-0.0031563,0.019773,0.023879
-0.003037,0.026992,0.027976
0.0057157,0.046181,0.034608
0.0059387,0.046258,0.033506
0.0094049,0.052119,0.035249
0.014158,0.05975,0.037471
0.025694,0.085142,0.047269
0.032316,0.097911,0.051855
0.039307,0.10841,0.054
0.041918,0.11378,0.055058
0.043229,0.12111,0.05778
0.043581,0.12599,0.059105
0.04295,0.12872,0.05914
0.04121,0.13031,0.059357
0.041406,0.13895,0.062724
0.04744,0.15347,0.066185
0.047744,0.15574,0.066747
0.049675,0.15866,0.065737
0.051298,0.16078,0.064406
0.052203,0.16548,0.065113
0.056339,0.17041,0.063766
0.055028,0.16603,0.061184
0.055904,0.16667,0.058398
0.05575,0.17039,0.058336
0.054797,0.17152,0.057757
0.053026,0.17038,0.056002
0.054031,0.18233,0.060251
0.053519,0.18497,0.059605
0.049637,0.18409,0.059162
0.039188,0.16662,0.053563
0.037151,0.16706,0.052149
0.029789,0.16247,0.051961
0.028738,0.16203,0.04994
0.024147,0.15716,0.049013
0.025544,0.17489,0.054166
0.023172,0.17709,0.053498
0.016617,0.17209,0.052867
0.012293,0.18246,0.057862
0.0065425,0.18912,0.060531
0.0066135,0.20028,0.062958
0.010288,0.21782,0.065149
0.0084908,0.21549,0.061579
0.006732,0.22076,0.063633
0.01222,0.24521,0.06806
0.012364,0.24543,0.065473
0.012427,0.24535,0.062911
0.0063437,0.23092,0.055189
0.00055446,0.22629,0.053368
-0.0018446,0.22734,0.054147
-0.0012381,0.23048,0.052511
0.00062587,0.23099,0.05237
-2.1e-05,0.23265,0.053029
-0.0042492,0.22284,0.049585
-0.0070059,0.20634,0.043788
-0.011939,0.19884,0.041772
-0.01343,0.19988,0.040894
-0.016184,0.18852,0.037626
-0.015388,0.18814,0.036224
-0.013169,0.19392,0.035605
-0.012131,0.18381,0.027157
-0.011242,0.18607,0.028082
0.010448,0.25107,0.031739
0.027143,0.2796,0.021618
0.042404,0.29901,0.0078298
0.04811,0.30322,-0.0058204
0.055774,0.3213,-0.010774
0.054435,0.31062,-0.022212
0.051559,0.30172,-0.031397
0.050684,0.29863,-0.029565
0.054155,0.3009,-0.026441
0.052429,0.30064,-0.02456
0.049527,0.29536,-0.020125
0.044282,0.27161,-0.020518
0.036195,0.2321,-0.023026
0.027539,0.22824,-0.016477
0.021301,0.20999,-0.017647
0.016917,0.20325,-0.012984
0.0075039,0.19788,-0.0067254
-0.00060082,0.20012,-0.0052937
-0.013425,0.18806,-0.0051497
-0.017752,0.1801,2.2458e-05
-0.026459,0.16665,-0.0015353
-0.027476,0.16317,-0.0026715
-0.032718,0.16127,-0.0021877
-0.031477,0.14768,-0.0080512
-0.036201,0.14333,-0.012419
-0.045676,0.15007,-0.022606
-0.045158,0.14623,-0.0064278
-0.041755,0.14329,-0.0044334
-0.040926,0.15052,-0.013299
-0.038078,0.14885,-0.023979
-0.07485,0.19227,-0.056579
-0.059924,0.14654,-0.026191
-0.050819,0.14118,-0.020041
-0.039759,0.12715,-0.025519
-0.042474,0.10771,-0.026274
-0.052959,0.11173,-0.029804
-0.053235,0.10457,-0.029357
-0.041193,0.11242,-0.034843
-0.038731,0.11295,-0.032602
-0.039749,0.11218,-0.031741
-0.027289,0.10664,-0.031396
-0.028068,0.097899,-0.034317
-0.039592,0.10857,-0.037494
-0.030153,0.10898,-0.032045
-0.028921,0.12097,-0.036135
-0.025074,0.11147,-0.03312
-0.027185,0.12595,-0.036283
-0.02457,0.13516,-0.039465
-0.019831,0.13312,-0.040061
-0.013368,0.12529,-0.038758
-0.0061775,0.12622,-0.04149
-0.007979,0.12572,-0.044355
-0.0046297,0.12572,-0.05015
0.0032288,0.11287,-0.054668
0.0036851,0.099996,-0.05811
0.0062296,0.092827,-0.05827
0.0030127,0.081247,-0.055452
-0.00054525,0.094363,-0.050965
0.0082515,0.10868,-0.046403
0.010714,0.12068,-0.050928
0.016704,0.12761,-0.053217
0.020373,0.1211,-0.056838
0.016659,0.1384,-0.056534
0.022739,0.13163,-0.061699
0.031377,0.13154,-0.063351
0.036548,0.12945,-0.060068
0.036296,0.14531,-0.061258
0.037304,0.14144,-0.060635
0.038051,0.14846,-0.064972
0.040393,0.16652,-0.0664
0.039613,0.17486,-0.062673
0.037838,0.18014,-0.059454
0.044283,0.17855,-0.06119
0.038591,0.1779,-0.061809
0.025776,0.20025,-0.075513
0.024888,0.20871,-0.07289
0.021699,0.2241,-0.079675
0.022886,0.21608,-0.082052
0.020316,0.21435,-0.077774
0.020518,0.22317,-0.076239
0.022726,0.23171,-0.080413
0.030586,0.23501,-0.080826
0.026099,0.25072,-0.084688
0.029457,0.2504,-0.082493
0.021579,0.26008,-0.080415
0.029438,0.25262,-0.07782
0.025493,0.25348,-0.079813
0.029753,0.24888,-0.074521
0.020384,0.26909,-0.082015
0.024665,0.26918,-0.084898
0.018363,0.27934,-0.089687
0.020067,0.26283,-0.084874
0.017404,0.26298,-0.08471
0.0041722,0.27904,-0.089894
-0.00040915,0.28536,-0.089399
0.0032175,0.28004,-0.080867
0.0099306,0.26006,-0.069921
0.015003,0.25128,-0.068988
0.0051497,0.25692,-0.075421
0.0026896,0.26349,-0.085857
0.0050287,0.26048,-0.093267
0.0087772,0.25498,-0.098094
0.0072356,0.25122,-0.10156
0.015781,0.2305,-0.10213
0.018199,0.24804,-0.10587
0.023493,0.26058,-0.10414
0.022061,0.25836,-0.10039
0.01655,0.24555,-0.096373
0.017016,0.23731,-0.10284
0.011092,0.25248,-0.11791
0.016484,0.24054,-0.11469
0.028678,0.24873,-0.11109
0.045171,0.25228,-0.10271
0.043168,0.27006,-0.11168
0.048864,0.26707,-0.11519
0.054531,0.26177,-0.11606
0.061827,0.26313,-0.11062
0.074222,0.26003,-0.10827
0.07884,0.26331,-0.10924
0.079182,0.27397,-0.11275
0.077646,0.2766,-0.11411
0.072908,0.28733,-0.11473
0.07533,0.29721,-0.11655
0.073493,0.3075,-0.11569
0.07125,0.32086,-0.11891
0.072903,0.32061,-0.12091
0.071594,0.31632,-0.11804
0.066308,0.32506,-0.12112
0.065034,0.32063,-0.11821
0.057591,0.33523,-0.11952
0.05422,0.34179,-0.12505
0.063562,0.34873,-0.12001
0.063221,0.3568,-0.12303
0.064853,0.35379,-0.1214
0.06439,0.35166,-0.12125
0.059804,0.35815,-0.12672
0.055566,0.36473,-0.12672
0.05117,0.37211,-0.12648
0.061301,0.36104,-0.12744
0.058262,0.35399,-0.12441
0.053514,0.35124,-0.12029
0.045749,0.35592,-0.12095
0.045017,0.36171,-0.12358
0.047164,0.35618,-0.12201
0.039807,0.36158,-0.11806
0.038502,0.35759,-0.11596
0.034528,0.35648,-0.1166
0.028995,0.35628,-0.11743
0.024281,0.36116,-0.11629
0.014564,0.36059,-0.11783
0.013959,0.36013,-0.11697
0.014184,0.35753,-0.11216
0.011134,0.35816,-0.11014
0.0045224,0.36713,-0.11451
0.0031093,0.37226,-0.11425
-0.002931,0.37015,-0.11665
0.0034273,0.35938,-0.114
0.00072414,0.35768,-0.1122
-0.002815,0.35972,-0.11103
-0.0031807,0.35952,-0.11418
-0.0039213,0.35554,-0.11176
-0.0092194,0.35004,-0.11528
-0.0054779,0.34753,-0.11567
-0.0064463,0.34986,-0.11455
-0.0090239,0.35424,-0.12145
-0.018068,0.36962,-0.12149
-0.024539,0.3713,-0.11931
-0.026652,0.37455,-0.12463
-0.03567,0.3919,-0.1273
-0.038222,0.40547,-0.13119
-0.044582,0.41631,-0.13457
-0.046179,0.41437,-0.1399
-0.03715,0.40878,-0.14401
-0.036184,0.41494,-0.14603
-0.038392,0.4169,-0.15459
-0.033414,0.40581,-0.1507
-0.028234,0.40488,-0.15117
-0.023476,0.39749,-0.15025
-0.021795,0.40539,-0.14912
-0.014748,0.4073,-0.14939
-0.013145,0.41516,-0.15487
-0.018288,0.41605,-0.15917
-0.015018,0.40889,-0.15822
-0.022123,0.41139,-0.15769
-0.019909,0.41014,-0.15976
-0.014037,0.40382,-0.1584
-0.014847,0.39399,-0.16059
-0.022774,0.389,-0.1611
-0.026871,0.38971,-0.15901
-0.024955,0.39163,-0.15669
-0.030733,0.41142,-0.16179
-0.03614,0.42587,-0.17293
-0.032043,0.43319,-0.18173
-0.037775,0.44435,-0.19074
-0.043812,0.44446,-0.19433
-0.041696,0.4459,-0.19957
-0.047588,0.45417,-0.20788
-0.061976,0.46635,-0.21694
-0.068352,0.46998,-0.22045
-0.079358,0.47571,-0.23007
-0.097128,0.48185,-0.24492
-0.10077,0.47703,-0.25333
-0.10369,0.48382,-0.26258
-0.099182,0.48743,-0.26164
-0.12047,0.51689,-0.27013
-0.13618,0.54797,-0.28385
-0.13948,0.57508,-0.29537
-0.12749,0.58062,-0.29865
-0.10694,0.57927,-0.29737
-0.097573,0.57264,-0.3027
-0.069986,0.55438,-0.29788
-0.042879,0.53446,-0.28772
-0.039596,0.52937,-0.27829
-0.035435,0.5198,-0.26841
-0.06068,0.56229,-0.27955
-0.070743,0.596,-0.28602
-0.074037,0.62979,-0.29365
-0.060504,0.64104,-0.29765
-0.047864,0.62859,-0.29428
-0.045313,0.61251,-0.2868
-0.036565,0.59699,-0.28007
-0.026277,0.58376,-0.27361
-0.031049,0.57395,-0.26862
-0.028782,0.56367,-0.26335
-0.037972,0.56295,-0.26037
-0.035962,0.55856,-0.25679
-0.038439,0.55235,-0.25107
-0.047867,0.55006,-0.24462
-0.051875,0.5474,-0.24192
-0.062975,0.55089,-0.24032
-0.065523,0.54649,-0.23834
-0.069666,0.53925,-0.2333
-0.080956,0.53673,-0.22864
-0.090201,0.52985,-0.22273
-0.099351,0.53258,-0.22436
-0.094741,0.52953,-0.22211
-0.092159,0.51993,-0.21712
-0.092227,0.50476,-0.21406
-0.090864,0.49944,-0.21083
-0.090299,0.48794,-0.20597
-0.10063,0.48896,-0.20246
-0.10706,0.49248,-0.20073
-0.10532,0.4908,-0.19791
-0.099246,0.48529,-0.19318
-0.099201,0.4745,-0.18924
-0.10271,0.47403,-0.1888
-0.10113,0.46706,-0.18415
-0.10814,0.46543,-0.18403
-0.10611,0.4661,-0.18444
-0.11084,0.4766,-0.18723
-0.1037,0.47197,-0.18776
-0.098381,0.46758,-0.18903
-0.10017,0.45828,-0.18549
-0.10021,0.44964,-0.17755
-0.10746,0.45156,-0.17307
-0.10151,0.44563,-0.17
-0.10427,0.44385,-0.16684
-0.11069,0.43726,-0.16412
-0.10976,0.43657,-0.15687
-0.11998,0.43278,-0.15311
-0.12559,0.43472,-0.15448
-0.13003,0.43957,-0.15137
-0.13196,0.43134,-0.14199
-0.13536,0.42199,-0.13824
-0.14066,0.42283,-0.13384
-0.14829,0.41579,-0.12941
-0.15114,0.41529,-0.1249
-0.15603,0.41169,-0.12152
-0.15558,0.40847,-0.11906
-0.15462,0.40074,-0.11642
-0.15261,0.38741,-0.11132
-0.15777,0.38018,-0.11242
-0.14763,0.37333,-0.10869
-0.14627,0.36383,-0.10508
-0.13796,0.35306,-0.10098
-0.13797,0.34314,-0.097016
-0.13361,0.33108,-0.094938
-0.1314,0.32616,-0.092798
-0.12552,0.31915,-0.086423
-0.12234,0.31425,-0.083855
-0.11897,0.30494,-0.079714
-0.12079,0.30079,-0.074541
-0.12962,0.30054,-0.074889
-0.13214,0.30077,-0.075506
-0.13653,0.30097,-0.074788
-0.13453,0.29848,-0.071599
-0.13567,0.29736,-0.06938
-0.13641,0.28956,-0.067387
-0.13597,0.28307,-0.065613
-0.1352,0.27952,-0.064856
-0.13655,0.28044,-0.064457
-0.13633,0.27744,-0.063187
-0.1306,0.27082,-0.059188
-0.13255,0.26631,-0.057311
-0.12729,0.25892,-0.05627
-0.13097,0.25764,-0.056387
-0.12658,0.25421,-0.053737
-0.13227,0.25618,-0.051392
-0.13272,0.25213,-0.04868
-0.13218,0.24866,-0.048466
-0.13324,0.24778,-0.047919
-0.1374,0.24794,-0.044837
-0.14158,0.25062,-0.046315
-0.14,0.24439,-0.043486
-0.13894,0.24195,-0.038602
-0.13668,0.23424,-0.037668
-0.12908,0.23198,-0.034969
-0.12943,0.22995,-0.03396
-0.13086,0.21956,-0.027445
-0.12712,0.21638,-0.027558
-0.11831,0.21118,-0.034367
-0.10403,0.211,-0.032261
-0.10693,0.20665,-0.024841
-0.10623,0.19233,-0.022809
-0.10486,0.18143,-0.020003
-0.10775,0.18133,-0.018953
-0.11473,0.18621,-0.015289
-0.12448,0.18983,-0.013691
-0.12796,0.19738,-0.013318
-0.12975,0.20082,-0.019431
-0.12483,0.20277,-0.020834
-0.12401,0.20945,-0.017032
-0.11369,0.19196,-0.016071
-0.10948,0.18449,-0.013182
-0.10963,0.17504,-0.0056746
-0.10456,0.16987,-0.0088758
-0.10127,0.17066,-0.0093122
-0.10498,0.16752,-0.008109
-0.11436,0.16358,0.0013616
-0.11225,0.16446,-0.0053477
-0.10432,0.16822,-0.013799
-0.10249,0.17647,-0.015254
-0.11654,0.17874,-0.0091672
-0.105,0.17116,-0.015865
-0.096175,0.1631,-0.017466
-0.089665,0.17504,-0.024223
-0.099526,0.17089,-0.016274
-0.093699,0.1685,-0.018206
-0.077734,0.15734,-0.018651
-0.080077,0.15467,-0.012253
-0.076008,0.15846,-0.016911
-0.07893,0.14917,-0.0083716
-0.083516,0.1521,-0.012292
-0.092406,0.14938,-0.0087099
-0.094062,0.15738,-0.010933
-0.082762,0.16097,-0.019035
-0.084379,0.1623,-0.018074
-0.11291,0.15214,0.001877
-0.11923,0.13385,0.010564
-0.10894,0.13318,0.0018486
-0.10911,0.14117,-0.0033086
-0.12835,0.14517,0.0043276
-0.13147,0.13666,0.0094318
-0.12192,0.13059,0.014872
-0.11385,0.12418,0.014667
-0.12877,0.1196,0.026434
-0.11321,0.12214,0.020548
-0.12305,0.10801,0.021012
-0.12516,0.13652,0.025512
-0.18883,0.099437,0.091041
-0.50122,0.404,-0.050017
-0.48841,0.47883,-0.040631
-0.5448,0.30211,-0.026762
-0.42852,0.21603,-0.094777
-0.43153,0.1953,-0.09104
-0.56371,0.27858,-0.12798
-0.6835,0.35335,-0.15878
-0.8844,0.5181,-0.27291
-0.49103,0.42713,-0.23399
-0.73216,0.50102,-0.22937
-0.72773,0.37002,-0.082622
-1.0115,0.33342,0.026132
-1.3516,0.39501,-0.030021
-1.4219,0.53423,-0.1144
-1.2942,0.45606,-0.17287
-0.91991,0.32961,-0.24151
-0.66009,0.18298,-0.31892
-0.55832,0.2508,-0.48104
-0.5903,0.10016,-0.4879
-0.7121,-0.023873,-0.39578
-0.64888,0.028916,-0.51677
-0.47489,0.053547,-0.57673
-0.20867,0.082577,-0.70648
0.03753,0.13458,-0.77581
0.15969,0.16959,-0.82263
0.14428,0.19662,-0.84064
0.091075,0.23512,-0.90056
0.022137,0.25356,-0.96102
-0.032874,0.31959,-1.0081
-0.1391,0.32032,-1.0336
-0.096323,0.351,-1.0469
0.20034,0.39968,-1.0354
0.35804,0.30757,-0.95775
0.4014,0.2894,-0.93978
0.63567,0.19285,-0.859
0.72043,0.15541,-0.8501
0.80505,0.12779,-0.85343
1.0018,0.14937,-0.79651
1.4875,-0.070102,-0.67137
1.7287,-0.13383,-0.69555
2.0099,-0.25123,-0.71735
2.1763,-0.28022,-0.84517
2.1223,-0.36381,-0.83863
2.083,-0.2021,-1.0362
1.8972,-0.25792,-1.1441
1.739,-0.21763,-1.1741
1.4752,-0.1063,-1.3424
1.1165,-0.18385,-1.3183
1.1173,-0.11534,-1.3944
0.90339,-0.024332,-1.4878
1.1049,0.015229,-1.5391
1.2335,-0.11537,-1.511
1.6289,-0.24919,-1.4009
1.9854,-0.21315,-1.446
2.2803,-0.11929,-1.5397
2.5803,-0.096036,-1.7077
2.9039,-0.060213,-1.7881
3.1234,-0.17554,-1.8922
3.0536,0.083542,-2.1787
2.8962,0.61666,-2.6152
2.7155,1.1005,-2.9979
2.0122,1.5269,-3.3994
1.8468,1.8564,-3.6474
1.6183,1.9577,-3.6189
1.5647,2.3893,-3.7961
1.378,2.3449,-3.5807
1.2485,2.2983,-3.4253
1.0531,2.3636,-3.461
1.167,2.163,-3.3903
1.169,2.512,-3.5926
1.2843,2.4353,-3.7478
1.4346,2.464,-3.9704
1.2619,2.6645,-4.1219
1.2158,2.7074,-4.2898
1.1758,2.425,-4.2578
1.2203,2.0983,-4.2077
1.2326,2.2944,-4.3262
1.209,2.5275,-4.5011
1.148,2.4371,-4.5286
1.2339,2.2266,-4.6822
0.92142,2.194,-4.8256
0.92815,1.7308,-4.7245
0.79869,1.5423,-4.6025
0.64287,1.3915,-4.2125
0.38257,1.631,-3.9964
0.17261,1.7557,-3.6749
-0.22489,1.7637,-3.4197
-0.43423,1.878,-3.1847
-0.64871,2.0091,-3.1808
-0.87331,2.0189,-3.0833
-1.1843,2.0582,-3.1292
-1.5961,1.9121,-3.095
-1.7567,1.6072,-2.8625
-1.7492,1.4084,-2.769
-1.7557,1.1759,-2.5985
-1.4033,1.0919,-2.5723
-0.7699,1.1138,-2.5239
-0.43924,0.91474,-2.3118
-0.079226,0.92521,-2.206
-0.022648,0.72421,-2.2413
-0.24426,0.94272,-2.6284
-0.71937,1.1319,-3.3136
-0.22537,0.98124,-3.4593
-0.084742,0.11316,-3.2349
1.1257,0.16978,-3.0715
1.851,0.23725,-2.9718
2.0911,0.18286,-2.9507
2.1819,0.44291,-3.1463
1.6339,0.64578,-3.686
1.4496,1.1227,-4.1453
1.4742,1.089,-4.1183
1.7219,1.4836,-4.0878
1.7662,1.4691,-3.7914
1.4497,1.3857,-3.5373
1.3944,1.2608,-3.3661
1.1562,1.0652,-3.1362
0.42344,1.3725,-3.1619
0.20935,1.5862,-3.5021
-0.042409,1.9283,-4.0641
0.19257,2.5445,-4.7553
0.24701,2.8548,-5.2947
0.27094,3.2367,-5.9438
0.44161,3.294,-6.0991
0.63852,3.2544,-6.0512
0.90649,3.0658,-5.9234
0.638,2.8987,-6.0178
0.38496,2.8156,-6.0024
0.39203,2.6438,-5.6562
0.44737,2.5112,-5.3727
0.46228,2.5765,-5.2892
0.27698,2.4658,-5.1481
0.067199,2.2982,-4.9823
-0.14098,2.2403,-4.8571
-0.31542,2.1161,-4.7461
-0.10674,1.958,-4.7836
0.10319,1.9086,-4.9312
0.18786,1.9472,-5.1603
0.13605,1.9842,-5.3021
-0.1056,2.0382,-5.17
-0.2978,2.2498,-5.2719
-0.47871,2.2724,-5.2553
-0.56955,2.1989,-5.1334
-0.57011,2.2469,-4.9908
-0.64853,2.3926,-4.9941
-0.8258,2.3484,-4.8463
-0.78401,2.2171,-4.7359
-0.78224,2.021,-4.555
-0.84744,1.8174,-4.376
-0.93317,1.6287,-4.1662
-0.87619,1.8893,-4.2325
-0.79946,1.957,-4.2412
-0.51403,2.0309,-4.4051
-0.62262,2.0681,-4.3694
-0.77133,2.0181,-4.1736
-0.59923,1.991,-4.1646
-0.60294,2.196,-4.1773
-0.79866,2.3043,-4.1315
-1.0557,2.1802,-3.9499
-0.86985,2.1725,-3.8948
-0.41738,2.489,-4.5631
-0.94831,2.7101,-4.8935
-1.3476,2.9628,-5.1815
-1.663,3.1645,-5.2005
-1.7559,3.5693,-5.4406
-1.8207,3.6245,-5.5629
-1.8854,3.5534,-5.5668
-1.8669,3.4797,-5.6693
-1.9318,3.349,-5.6911
-2.2277,3.1033,-5.6068
-2.1982,2.6679,-5.5928
-1.9508,2.3982,-5.5397
-1.6834,2.2714,-5.1673
-1.1888,1.8767,-4.6309
-1.0116,1.5512,-4.2532
-0.64544,1.5601,-3.9531
-0.68702,1.494,-3.7239
-0.97654,1.6642,-3.8683
-1.4017,1.7589,-3.7415
-2.3665,2.2349,-4.5941
-3.1569,2.3212,-4.9043
-3.3484,2.2008,-4.6904
-3.3364,2.0987,-4.3999
-3.3383,2.0254,-4.0609
-2.9286,2.2993,-3.6877
-2.8455,2.3532,-3.2289
-2.7723,2.4202,-3.0186
-3.4037,2.0941,-2.6372
-4.5575,2.7646,-3.2355
-5.2894,2.6459,-3.0926
-6.0621,2.7444,-3.0698
-6.2291,2.6668,-2.5777
-5.7316,2.8364,-2.0839
-5.8984,2.9855,-1.8075
-5.9892,2.9919,-1.5206
-5.907,3.0346,-1.13
-5.9726,2.9546,-0.80622
-6.1359,2.7915,-0.57462
-6.4978,2.2988,-0.10503
-7.0412,2.1991,0.043981
-7.0839,2.3998,-0.20818
-6.794,3.0109,-0.52314
-6.0797,3.5461,-1.0402
-5.6274,3.8067,-1.5949
-5.3195,3.6501,-1.6514
-4.7605,2.7046,-1.8356
-3.8691,1.7764,-1.4027
-4.216,1.3271,-0.94745
-4.7832,1.2559,-0.93072
-5.3534,1.1748,-1.1161
-5.6673,0.95441,-1.1846
-5.9419,1.4364,-1.6426
-5.7864,1.3044,-1.6204
-5.4363,1.0767,-1.3848
-5.1141,0.73747,-1.0671
-4.7106,0.56404,-0.86537
-4.481,0.42063,-0.51282
-4.3325,0.94108,-0.66279
-4.4147,2.3717,-1.7011
-4.3351,3.2977,-2.6912
-4.2011,3.9412,-2.9557
-4.4653,3.6961,-3.1861
-4.5366,2.8672,-3.1195
-4.7468,1.8985,-2.7763
-4.3444,0.73777,-2.1729
-4.809,0.22227,-2.2865
-4.3788,0.10901,-2.1484
-4.1794,0.10247,-2.1165
-3.9968,-0.21033,-1.9512
-3.5593,-0.50841,-1.7143
-3.115,0.047027,-1.5938
-3.1538,0.391,-1.4586
-3.2139,0.39185,-1.1843
-3.1791,0.33009,-1.0291
-3.4192,0.38455,-1.0409
-3.9095,1.0915,-1.6961
-4.3537,2.0723,-2.4086
-4.1631,2.3489,-2.7737
-3.9419,2.3463,-3.0509
-4.3775,2.312,-3.8089
-4.3974,2.4417,-4.4997
-3.712,2.3761,-4.9542
-3.598,2.0114,-4.5793
-3.1497,1.6184,-4.247
-3.5181,2.0531,-4.4248
-3.8527,2.0147,-4.2379
-4.0722,1.8506,-3.813
-3.8626,1.4185,-3.378
-3.4287,0.90931,-2.8915
-3.2553,0.85303,-2.4062
-3.4292,1.1398,-2.1055
-3.702,1.6511,-1.9679
-3.672,1.8805,-1.722
-3.8066,1.8066,-1.2619
-4.5361,1.8133,-1.0334
-5.1551,2.1036,-1.4147
-5.8899,2.407,-1.8306
-5.5079,2.6085,-2.3902
-4.8014,2.5246,-2.8684
-4.5872,2.1901,-3.2229
-4.8264,2.315,-4.4297
-5.4177,2.6231,-5.6811
-5.5441,2.7716,-6.383
-4.2703,1.8776,-5.9041
-2.972,2.0431,-5.4488
-3.3163,1.8514,-5.3825
-3.5388,1.4869,-5.6536
-3.3099,1.5439,-5.5729
-2.9899,1.4609,-5.1018
-2.8917,1.185,-4.7844
-3.4705,0.97231,-4.6747
-3.8945,1.1425,-4.7711
-3.8977,0.96154,-4.4769
-3.6855,0.65741,-3.9944
-3.5587,0.64417,-3.8787
-3.3539,0.5876,-3.8756
-3.2973,0.96838,-3.9891
-3.8631,1.257,-4.3704
-4.7541,1.3252,-5.002
-4.9392,1.4086,-4.9473
-5.1179,1.3941,-4.786
-5.0602,0.57265,-4.0273
-4.6749,0.22901,-3.2813
-4.4345,0.050491,-2.558
-4.214,-0.19435,-1.9582
-4.2721,-0.052202,-1.5697
-4.0805,0.17873,-1.7418
-4.0969,0.56318,-2.153
-3.9363,0.75487,-2.3644
-3.9913,0.74211,-2.346
-4.174,1.15,-2.8031
-4.1226,1.7858,-3.4407
-4.6861,2.2039,-4.3961
-5.8597,2.5025,-5.5163
-5.4533,2.1687,-5.49
-4.8706,1.8685,-5.2065
-4.4087,1.1882,-5.0271
-3.9138,0.59711,-4.9909
-4.3856,1.1711,-5.6922
-4.6126,0.34213,-6.5679
-4.4187,0.052016,-7.2371
-4.0038,0.33171,-8.2845
-4.3764,0.37251,-9.2053
-4.5674,0.32748,-9.471
-4.9255,-0.30007,-9.4883
-4.987,-1.3023,-9.7412
-3.8324,-2.3512,-9.5022
-3.3521,-2.7346,-9.4088
-2.0222,-3.215,-8.5753
-2.2045,-3.3329,-7.9822
-3.5101,-3.2198,-8.3702
-5.0254,-3.1258,-9.2808
-5.9217,-4.0079,-9.3344
-6.1272,-3.9472,-9.2625
-5.9027,-2.7342,-9.3502
-5.7602,-1.8976,-9.0228
-5.3484,-2.8376,-8.2934
-4.9009,-3.5703,-7.7477
-4.8237,-3.847,-7.7221
-5.4864,-4.3058,-7.9383
-5.1471,-2.9486,-7.8562
-5.092,-3.1871,-7.4211
-4.2879,-2.9842,-7.7647
-4.7876,-3.6427,-7.9069
-5.2819,-3.5304,-8.8318
-7.663,-4.0746,-10.18
-8.9029,-4.2779,-11.617
-9.7988,-2.89,-14.546
-13.262,-4.3355,-16.28
-12.81,-5.6169,-14.687
-10.93,-5.3969,-12.169
-7.9836,-4.0258,-10.453
-7.1685,-3.7149,-9.2793
-5.9091,-2.7044,-8.3404
-4.8213,-2.8164,-6.6279
-5.1927,-3.1738,-5.3176
-5.4539,-2.7289,-4.1301
-5.2366,-2.5488,-3.0662
-5.0552,-3.5077,-1.7967
-5.5017,-4.2348,-0.92282
-6.2606,-4.5824,-0.032273
-7.4201,-4.7886,0.25386
-7.6674,-3.4414,-0.1148
-8.2783,-3.4283,0.098952
-8.5714,-2.9153,0.27601
-8.6494,-3.3929,0.46266
-7.6341,-3.7831,0.52179
-6.6474,-2.9979,0.12106
-6.2987,-3.1711,0.33617
-6.0032,-3.3938,0.30125
-5.4442,-3.4184,0.20165
-5.2393,-3.0567,0.17417
-5.1169,-3.1836,0.25217
-5.0282,-3.0322,0.23373
-5.1213,-2.9838,0.45671
-4.8259,-3.0116,0.51476
-4.8301,-2.7824,0.52995
-5.1538,-2.2778,0.55918
-5.3054,-2.773,0.77528
-5.4811,-3.289,1.0279
-5.5345,-3.5143,1.0595
-5.3932,-3.273,0.86232
-5.28,-2.6939,0.7557
-5.1216,-2.3073,0.7765
-5.0333,-1.5002,0.84473
-5.5643,-1.1889,1.1809
-5.3779,-2.1142,1.5945
-5.2858,-2.4896,1.5094
-5.3815,-2.6734,1.4734
-5.1228,-3.5694,1.6002
-4.7613,-4.2248,1.493
-4.205,-4.7463,1.3491
-3.4284,-5.2137,1.0813
-2.2142,-5.9834,0.6445
0.29636,-6.472,0.86008
-0.31905,-5.761,1.3892
-0.076147,-5.1503,1.5529
-0.33105,-4.8158,1.8687
-0.99542,-4.273,1.8609
-1.4175,-4.3188,1.7504
-1.2232,-4.7021,1.6372
-0.72103,-5.3775,1.6042
0.12867,-5.8931,1.5973
0.36251,-6.6191,1.6796
0.9355,-7.3312,1.7718
1.5716,-7.4539,1.5873
4.4907,-7.8694,1.4661
5.0017,-7.0619,1.8615
3.8365,-6.9499,2.3406
3.1351,-7.4067,2.3554
3.3071,-7.3952,2.2468
3.3212,-7.8876,2.8269
4.3596,-7.8299,2.4699
4.858,-7.4004,2.206
5.7379,-6.3337,1.5203
5.823,-5.491,1.7142
6.5633,-5.3641,1.6461
5.9845,-5.1046,2.2742
5.0772,-4.7947,2.7423
4.658,-5.453,2.7564
4.2923,-5.7217,2.3129
3.9731,-5.6486,2.0313
4.0257,-5.6799,1.7878
3.8368,-5.8635,1.8234
4.1502,-6.3188,1.877
4.1459,-6.8166,2.2785
4.0892,-7.5382,2.7483
5.0432,-7.7606,3.0614
4.6198,-7.8491,3.2956
5.0492,-8.2096,3.7522
4.9613,-7.4895,3.6216
4.4107,-6.6364,3.4227
3.7574,-6.4708,3.0983
3.1986,-6.5591,2.4918
2.926,-7.205,2.5285
3.1789,-8.0761,3.0365
4.9116,-8.5452,3.3353
4.3249,-6.9572,3.7797
3.8818,-6.2362,3.9604
3.4728,-6.2416,4.2102
3.5181,-6.5354,4.0841
2.7051,-8.4849,3.8841
1.1347,-9.9622,3.2443
1.9916,-11.374,3.2248
3.6419,-10.909,3.5789
3.7028,-9.1382,3.8731
3.3738,-8.5089,4.1092
3.6495,-8.1279,4.5074
4.4544,-7.4771,4.6298
5.4031,-7.3719,4.6963
6.3353,-9.3987,4.8906
5.2883,-12.941,3.9051
4.4427,-12.709,3.0141
5.0303,-12.963,3.7825
6.6793,-12.165,2.5185
6.1642,-11.693,2.6101
6.9749,-10.858,2.149
7.6974,-9.6159,1.9559
8.1923,-8.9076,1.7096
8.2675,-8.9381,2.1541
9.3185,-9.4951,2.7036
9.9563,-9.2223,2.6964
7.2753,-11.049,2.5407
5.0952,-12.724,2.0956
3.8127,-13.205,2.0859
4.1137,-13.608,2.4249
3.9875,-13.105,2.8542
3.6277,-12.399,2.8261
2.481,-10.843,2.6962
0.58241,-9.2989,2.5861
-0.88135,-9.35,3.0171
-1.8914,-9.5827,2.9798
-2.5618,-10.201,3.1622
-2.4718,-11.16,3.2841
-1.9242,-11.628,3.1148
-0.78889,-11.845,2.621
0.27972,-12.781,2.4313
1.9797,-13.373,1.6649
3.8842,-12.321,0.20357
4.2048,-8.734,-0.19756
4.8395,-7.0816,-0.29027
4.2535,-6.1877,-0.11297
3.2687,-6.9217,0.68321
2.9976,-8.2737,1.382
-1.7443,-11.401,0.96087
-2.6168,-14.281,0.49528
-0.85194,-14.263,0.95911
-0.43969,-12.986,1.5358
-0.49362,-12.721,1.8784
0.16863,-12.548,1.6683
0.57597,-12.367,1.8273
1.1802,-12.048,1.9036
0.51094,-11.49,2.2372
0.67273,-11.167,2.4388
0.099505,-10.618,2.3081
-1.5822,-11.332,2.7141
-2.5618,-13.872,2.4524
-2.1439,-14.094,2.4674
-1.9624,-13.422,2.2741
-2.0776,-12.466,2.3198
-1.3203,-13.345,2.7693
-0.51749,-13.409,3.2007
0.29398,-11.955,3.1814
0.60357,-10.3,2.9905
0.94206,-9.8874,2.9248
0.91351,-10.327,3.056
-0.50644,-11.14,3.3174
-4.2398,-13.621,3.0415
-2.7756,-12.891,2.081
-1.8373,-13.956,1.6219
-0.8441,-14.472,1.9794
0.070706,-13.354,1.5579
0.60231,-13.347,1.8768
1.6727,-12.153,1.1553
3.3405,-9.8236,0.98251
4.2776,-8.3848,0.94569
4.3306,-8.5993,1.4039
3.9911,-9.4452,0.78028
-1.2452,-13.42,-0.69946
-3.7782,-13.791,-1.4646
-2.9804,-12.467,-2.3095
-2.9169,-10.468,-3.0838
-2.1216,-9.076,-3.7333
-1.5952,-9.9799,-3.654
-1.9976,-10.778,-3.4532
-1.9632,-10.859,-3.6026
-2.1216,-11.661,-3.8493
-1.9733,-11.353,-4.6384
-2.6508,-11.426,-3.9956
-2.0834,-11.277,-3.6784
-1.8459,-11.781,-3.4679
-1.6174,-11.36,-3.858
-1.6758,-10.485,-3.9296
-1.2677,-10.087,-3.9632
-1.4172,-9.6938,-3.5192
-1.5155,-9.0098,-3.0247
-1.2147,-8.7578,-3.0004
-1.9686,-10.175,-3.0837
-3.0763,-11.209,-3.096
-2.9583,-11.326,-3.5723
-2.7861,-12.193,-4.0423
-2.6123,-12.276,-4.4344
-2.4126,-12.183,-4.4803
-1.9619,-12.275,-3.9566
-1.6994,-12.514,-2.8919
-1.4168,-12.85,-2.0255
-1.3727,-13.068,-1.6133
-1.7209,-13.893,-1.2236
-1.2581,-13.024,-1.0854
-1.1898,-12.857,-0.81278
-0.85472,-12.436,-0.41695
-0.6016,-11.926,-0.17955
-0.52912,-11.11,-0.16701
-0.12736,-10.448,-0.24456
0.085744,-9.49,-0.3954
0.14629,-9.4353,-0.24185
0.27451,-10.236,-0.25728
-0.20151,-10.393,-0.64778
-0.50947,-9.942,-1.1059
-0.71432,-9.4456,-1.1907
-0.46888,-8.8971,-1.3528
-0.13711,-8.7441,-1.0207
0.052968,-9.0761,-0.38344
0.77345,-9.4108,0.20307
1.3433,-10.013,0.90337
1.2862,-10.231,1.3042
1.5875,-10.635,1.9031
1.7951,-10.951,2.0917
2.381,-10.98,2.1954
2.7651,-10.722,2.0398
3.15,-11.115,2.904
3.3595,-10.678,3.1877
3.5405,-10.156,3.1367
3.7811,-10.062,3.2667
4.016,-10.382,3.9738
3.7963,-10.594,3.9203
4.0232,-11.754,3.6036
2.4773,-10.487,3.1848
1.1694,-9.9927,4.1976
1.5772,-10.81,4.6712
2.4381,-10.94,4.6753
2.9415,-10.829,4.5718
3.3457,-10.425,4.5134
3.6486,-10.507,4.6135
3.6267,-10.358,4.5651
3.1343,-10.537,4.4942
2.8015,-10.338,4.5214
2.4969,-10.418,4.7242
2.3427,-10.322,4.9934
2.4679,-10.4,5.1346
2.8481,-10.701,5.0923
2.0631,-9.9868,5.3081
1.432,-9.5541,4.8381
1.7124,-10.628,4.9303
1.6259,-10.49,4.8106
1.1006,-9.7213,4.2868
0.62171,-9.4603,4.1165
0.48857,-9.5379,3.9066
0.82929,-10.216,3.7962
1.1906,-10.248,3.4738
0.68317,-9.8473,3.5016
1.0044,-10.215,3.5306
0.9543,-10.503,3.0308
-0.21942,-10.126,2.7242
0.42931,-10.072,2.1943
0.77729,-10.004,1.2777
1.07,-10.972,1.7918
0.76633,-10.773,1.5363
0.17715,-10.894,1.4039
-0.68076,-10.259,0.87674
-1.5009,-9.7832,0.66546
-2.1035,-9.0404,0.5797
-2.1345,-9.0008,0.43737
-1.9496,-9.0897,0.49218
-1.8101,-8.8089,0.48971
-1.4528,-8.662,0.17514
-1.4238,-8.4194,-0.40183
-1.23,-8.2804,-0.91045
-1.4358,-8.0375,-1.3726
-1.604,-8.3249,-1.8171
-2.0978,-8.7338,-1.9056
-2.1031,-9.0813,-1.7163
-1.3302,-9.4788,-1.5204
-1.0356,-9.3403,-1.8261
-1.1218,-9.2945,-1.6992
-0.66067,-9.6242,-1.4379
-0.71857,-9.4556,-1.0482
-0.80238,-8.4689,-1.153
-0.99625,-8.32,-0.92115
-0.93661,-8.3714,-0.55447
-1.3186,-8.0316,-0.51836
-2.016,-7.3246,-0.60636
-3.0733,-7.0898,-0.39874
-3.2185,-6.8967,0.086925
-2.7675,-7.0963,0.37091
-2.2647,-7.1879,0.44267
-1.8561,-7.5233,0.34048
-1.8391,-7.4509,0.082813
-2.2477,-7.1005,0.030048
-2.3329,-7.1714,-0.0067882
-2.4632,-7.1688,-0.33157
-2.3663,-7.0536,-0.45123
-2.2254,-6.9661,-0.59732
-2.0433,-6.9543,-0.68813
-2.1792,-6.8409,-0.46885
-2.2639,-7.5625,-0.063669
-2.0961,-8.3027,-0.086209
-2.9064,-9.2136,-0.29651
-3.4965,-9.8805,-0.35478
-3.9756,-10.057,-0.39025
-4.107,-9.7206,-0.26313
-4.0103,-9.123,-0.19684
-2.9381,-8.6018,-0.39654
-2.5103,-8.1226,-0.49897
-2.3486,-7.7379,-0.34007
-1.9273,-7.5599,-0.18567
-1.2639,-7.4076,-0.17892
-0.93823,-7.3371,-0.19515
-0.86598,-7.3853,-0.26614
-1.0649,-7.9555,-0.44141
-1.7901,-8.6744,-0.3999
-2.3443,-9.1373,-0.35146
-1.8949,-8.8929,-0.54479
-1.6814,-8.046,-0.64365
-1.4138,-7.8087,-0.43745
-1.2438,-8.6565,-0.34911
-1.5787,-9.5379,-0.58677
-1.8436,-9.5404,-0.29357
-1.9099,-9.2241,0.082996
-1.6407,-9.0394,0.24387
-1.3893,-8.6003,0.22592
-1.3656,-8.3988,0.24188
-1.2666,-8.077,0.12401
-0.94865,-7.9102,0.29573
-0.26831,-7.5015,0.29544
0.22496,-7.5337,0.51292
0.59318,-7.6278,0.33318
0.22047,-8.0135,0.57846
0.048311,-8.1139,0.64002
-0.37638,-8.065,0.88363
-0.6129,-8.2063,1.2328
-0.39802,-8.148,1.483
0.22294,-8.3542,1.6093
0.67802,-8.2854,1.4835
1.0302,-8.6147,1.5395
1.1379,-9.3993,1.2888
1.2318,-9.5618,1.0207
0.53228,-9.8734,1.0823
0.15585,-9.8565,1.2014
-0.043881,-10.001,1.641
1.4764,-9.9391,1.2852
1.7762,-9.2735,1.0474
1.5962,-9.0775,1.145
1.2693,-9.8898,0.83787
0.36027,-11.069,0.28851
-0.05887,-11.289,0.28074
-0.25472,-11.756,0.53749
-1.2345,-10.905,0.78461
-1.129,-9.874,0.83728
-0.099932,-9.8569,0.66659
0.86159,-9.3575,0.52859
1.3128,-8.4723,0.23422
1.5916,-7.8878,0.033331
2.3608,-7.8785,-0.047256
4.1162,-8.0484,-0.44559
4.6233,-8.5634,-0.86735
3.4417,-9.2215,-1.134
1.8752,-9.2979,-0.15725
1.3044,-9.6025,-0.18949
1.4839,-9.1992,-0.04735
1.1016,-8.988,-0.038948
1.032,-8.6876,-0.080728
1.332,-8.571,-0.16107
1.6681,-8.304,-0.32516
0.39643,-8.381,-0.33132
0.58002,-8.9417,-0.21928
1.0673,-9.0966,-0.3702
1.3392,-9.047,-0.44832
2.1907,-8.9263,-0.065705
1.1859,-9.0317,0.47705
0.5855,-8.7388,0.58668
-0.14926,-8.568,0.59457
-0.16578,-8.1952,0.38684
-0.1095,-7.9599,0.47397
0.156,-7.5421,0.15671
0.38349,-7.4004,-0.0021724
0.53949,-6.917,-0.070072
0.43064,-6.6339,-0.023022
0.54288,-6.2514,-0.077064
0.64209,-5.9579,-0.27021
0.65602,-5.7126,-0.35623
0.54989,-5.4853,-0.36128
0.66663,-5.2559,-0.44321
0.6998,-5.2439,-0.54057
0.95999,-5.2529,-0.50816
1.0479,-5.2146,-0.59396
1.414,-5.6124,-0.53595
1.5996,-5.4765,-0.60741
1.6634,-5.4239,-0.49537
1.8779,-5.3768,-0.47414
1.8229,-5.3394,-0.36259
1.9282,-5.2401,-0.34148
1.8731,-5.1296,-0.27956
1.6848,-4.7884,-0.42505
1.6395,-5.0684,-0.34106
1.4241,-5.033,-0.38289
1.4166,-5.4248,-0.19038
1.6206,-5.6814,-0.075572
1.8985,-5.7694,0.015639
2.3479,-5.9246,0.23266
2.279,-6.0057,0.50742
2.223,-5.8638,0.55131
1.9901,-5.4558,0.55097
2.0029,-5.3847,0.58322
1.7453,-5.1996,0.52815
1.6499,-5.2768,0.59279
1.8637,-5.3808,0.55164
1.8056,-5.149,0.5309
1.9911,-5.0859,0.5333
2.1388,-4.8443,0.50515
2.1464,-4.8435,0.55295
2.0643,-4.9076,0.5439
2.3097,-4.9928,0.54052
2.2571,-5.0394,0.55861
2.222,-4.9495,0.56001
2.6056,-4.7845,0.42943
2.6682,-4.8143,0.50545
2.9391,-4.8855,0.51771
2.8015,-5.1371,0.6272
2.7489,-5.3337,0.68335
2.857,-5.578,0.79602
2.8498,-5.7855,0.85688
3.0185,-5.86,0.94772
3.3385,-5.4564,0.77895
3.4313,-5.2867,0.72845
3.612,-5.4768,0.78567
3.6444,-5.4521,0.66873
3.9572,-5.2973,0.64847
3.9903,-5.5336,0.78167
3.88,-5.5413,0.55587
3.7408,-5.7432,0.52556
3.6646,-6.1171,0.6613
4.1034,-6.4756,0.69295
4.5742,-6.3659,0.55596
4.4599,-6.5564,0.51504
5.0582,-6.7881,0.31613
5.1808,-6.9352,0.21407
5.1807,-7.3428,0.33644
5.3377,-7.4951,0.25047
5.1803,-7.5572,0.22459
5.071,-7.6717,0.27639
4.7189,-7.9586,0.33027
4.6809,-8.0573,0.25645
4.2614,-8.1669,0.45176
3.7325,-8.0231,0.40129
3.625,-7.7689,0.36163
3.7353,-7.6097,0.45486
3.6794,-7.331,0.38017
3.8202,-7.0806,0.31418
4.5731,-7.1102,0.32032
4.7344,-6.988,0.30116
4.5044,-6.7076,0.25516
4.4272,-6.3107,0.12516
4.184,-6.0658,0.16079
4.3878,-5.7564,0.0072492
4.7415,-5.6763,0.019326
5.0228,-5.7482,0.0085732
4.6516,-5.6987,-0.010641
4.3382,-5.5887,0.01743
4.4541,-5.5834,-0.01264
4.9747,-5.3579,-0.0064911
5.8064,-5.3032,0.32128
5.9984,-5.5924,0.77667
6.0962,-5.6449,0.98525
6.3921,-5.6741,1.089
7.2487,-5.4402,1.1164
7.5886,-5.7951,1.4812
7.8536,-5.9537,1.6385
8.1491,-6.1663,1.8137
8.5442,-6.3548,1.8432
8.7737,-6.4248,1.8027
8.4346,-6.6844,1.9579
8.3002,-6.8947,2.0591
7.5448,-6.6538,2.0452
6.9874,-6.6507,2.4777
7.0957,-6.3939,2.4932
7.3897,-6.0926,2.4311
7.9608,-5.9039,2.4523
8.1261,-5.4969,2.306
8.1037,-5.5971,2.2204
8.1742,-5.5699,2.2005
8.1443,-5.4642,2.274
8.2355,-5.9554,2.3715
8.3149,-6.2157,2.1869
8.4388,-6.124,1.9363
7.6089,-5.7221,1.6935
8.3022,-6.5502,2.1579
9.3517,-6.2083,2.0668
10.403,-5.7232,1.807
11.314,-5.1132,1.4352
11.529,-4.3858,1.2979
11.267,-4.1096,1.3801
11.805,-4.3197,1.5204
12.467,-4.5155,1.7488
12.523,-4.6624,1.8771
12.682,-4.3534,1.7635
13.184,-3.9046,1.3127
12.793,-4.0524,1.9389
13.183,-3.6421,2.1535
13.559,-3.0245,2.1323
13.18,-2.6675,2.7314
12.908,-3.8975,2.7841
13.083,-4.1462,2.4902
14.01,-4.3097,2.587
14.062,-3.6993,2.2425
13.087,-3.7837,2.4778
12.52,-3.6179,2.8808
12.084,-3.8259,2.8664
11.563,-3.2384,2.5228
11.751,-2.6426,1.9566
11.337,-3.3273,2.3768
11.331,-4.3126,2.6676
12.106,-4.8862,2.8175
12.42,-5.5949,3.2827
12.463,-4.8899,2.5642
11.204,-4.454,3.3794
11.053,-4.1783,4.0509
11.51,-3.9875,4.4339
12.606,-3.7368,4.5302
14.44,-3.6069,4.1445
15.875,-3.3134,2.6065
15.914,-3.2229,2.2996
15.979,-2.6541,1.9119
14.689,-2.5005,2.2383
13.535,-1.5615,2.7546
13.535,-1.0406,2.9247
13.317,-1.4587,3.1575
13.89,-1.479,2.8558
14.452,-1.145,2.2326
13.982,-1.6918,2.3429
13.76,-1.9475,2.5607
13.531,-1.3267,2.3608
13.042,-1.1912,2.8055
13.01,-1.3066,3.0046
14.038,-1.1957,2.7227
15.006,-1.0349,2.2814
14.887,-0.6206,2.132
15.331,0.39788,1.5295
15.149,1.2351,1.3462
15.121,0.97506,1.2503
14.309,0.5937,1.3985
13.301,1.2325,1.0373
13.304,1.2446,1.7782
12.811,1.1955,1.9616
11.986,1.0717,2.0673
11.209,0.82743,2.2174
10.556,0.56522,2.1787
10.137,0.60693,2.3372
10.551,0.48289,2.7349
11.485,1.0679,2.8313
12.092,1.593,2.5196
12.513,1.9793,2.6734
12.861,1.9254,2.9349
13.012,2.0607,2.3574
12.511,1.975,1.742
12.063,2.095,1.6261
11.692,2.525,1.7336
11.425,2.5524,1.3056
12.19,2.4807,1.4795
12.74,2.1084,1.9267
13.439,2.0104,1.9762
13.229,2.0548,1.7958
12.323,1.8895,1.4239
11.281,1.8238,1.0988
10.831,1.8536,1.2253
10.986,2.0216,1.2199
11.252,2.1742,1.2272
10.622,1.7949,1.0405
9.6353,1.4781,1.0461
9.7536,1.4106,1.2185
9.4422,1.7716,1.1613
9.27,2.2083,0.70757
8.3284,2.1615,0.2446
7.0895,2.2183,-0.67793
6.3957,1.9648,-1.1115
5.8811,1.9351,-1.4451
5.6833,1.7101,-1.1873
6.2298,2.0944,-1.2903
6.3795,2.1212,-1.4132
6.386,2.3167,-1.7221
6.3621,2.0687,-1.4864
6.8201,2.3634,-1.2075
8.6498,4.1553,-1.7715
9.5521,4.8143,-2.4329
9.0025,4.1964,-1.7044
7.7487,2.7963,-0.92989
7.9459,2.898,-1.1649
8.1555,3.4228,-1.4491
8.9321,3.9128,-1.5204
9.6273,4.3639,-1.7722
9.6068,4.4108,-1.7438
9.3393,4.7059,-1.4898
9.0114,4.7098,-1.2807
9.3624,4.9872,-1.1725
9.8192,5.3402,-1.1283
9.9142,5.6809,-1.3618
10.082,5.6009,-1.1742
9.9901,5.6894,-1.3537
9.6677,5.4381,-1.291
9.6132,5.6255,-1.4908
9.6167,5.7642,-2.0257
8.4029,4.6996,-2.0708
6.7039,3.1114,-1.4061
5.8798,1.9679,-0.60707
6.0532,1.5959,-0.19556
6.9539,1.8963,-0.43014
7.5421,2.8554,-1.013
8.0265,3.5614,-1.0205
8.0798,3.8472,-1.3072
7.8333,3.6866,-1.3178
7.6817,3.598,-1.3001
7.3867,2.9191,-0.61403
7.6269,2.8448,-0.1239
7.8847,3.4679,-0.13785
7.983,4.5143,-0.64575
8.0196,5.0654,-1.0251
7.9118,5.1865,-1.3383
8.2045,4.4462,-1.8005
8.1806,3.1638,-1.5113
7.9243,2.1861,-0.88087
7.7753,1.7565,-0.62375
7.6039,1.2928,-0.25907
7.8074,1.4477,-0.2766
7.7688,1.8412,-0.49114
7.4165,2.2712,-0.77974
6.7023,2.0986,-0.36939
6.5444,2.3346,-0.39376
6.4834,2.4532,-0.19565
6.5487,2.5542,-0.25075
6.5216,2.8388,-0.50539
6.404,3.1213,-0.76089
6.1976,3.3072,-1.0257
5.3916,3.3551,-1.0898
5.4453,3.2059,-0.6846
5.42,2.9067,-0.54669
5.9274,3.5783,-0.85222
6.2854,3.932,-1.2488
6.1796,3.66,-1.2407
6.1587,3.7958,-1.4236
6.1271,3.6441,-1.4323
5.4512,3.5026,-1.5728
4.2992,3.2416,-1.2403
4.7566,3.2861,-0.97287
5.4771,2.9913,-0.60731
6.1414,3.111,-0.50045
6.4408,3.1798,-0.65494
6.7144,3.2216,-0.79677
6.8463,3.3505,-1.1715
6.5093,2.4495,-0.82026
6.1554,2.3019,-1.1002
5.404,2.0315,-1.159
4.9853,1.3853,-0.47483
4.7012,0.41632,-0.02829
5.2013,0.49146,0.16319
5.6925,0.73502,-0.10266
5.6525,0.89052,-0.13753
5.4376,1.1949,-0.29681
5.3668,1.4815,-0.33284
5.2606,2.1025,-0.62178
5.5559,2.9674,-0.77643
5.8979,4.4874,-1.8927
6.5078,5.5876,-2.5612
7.1271,6.9878,-3.8753
8.6556,6.5358,-4.9239
8.4186,6.2783,-5.5034
7.3099,6.213,-5.2043
7.8904,8.0564,-6.1725
7.5813,9.9562,-7.5434
7.3634,10.712,-7.9964
7.3463,11.289,-8.2493
7.6494,10.417,-8.1334
7.1384,9.4762,-7.4833
6.585,9.2724,-6.8064
6.1579,8.0016,-6.0393
5.9387,8.0192,-5.5087
5.9518,8.123,-5.1898
5.5238,8.9517,-5.1918
5.3359,8.6932,-4.7312
5.3707,8.9908,-4.6125
4.747,8.5585,-4.0121
4.4517,8.3857,-3.8469
4.377,7.9804,-3.5404
4.6773,7.0061,-3.0239
4.8712,7.009,-3.1853
4.6356,6.7821,-3.0647
4.7575,6.1397,-2.8184
4.8934,6.0621,-2.9542
5.0318,5.7895,-2.9942
5.255,5.3392,-2.7585
5.572,5.4291,-2.5522
5.7836,5.6375,-2.6419
5.9475,5.3521,-2.7455
6.013,4.9341,-2.6239
6.0075,5.0908,-2.743
5.9858,5.1109,-2.7495
5.9093,4.825,-2.6201
5.8054,4.6647,-2.4504
5.6073,4.4154,-2.3217
5.4252,4.0875,-2.1401
5.2294,3.8045,-1.9122
5.0062,3.7494,-1.7879
4.9752,3.7112,-1.7176
4.9006,3.5928,-1.6473
4.8921,3.8227,-1.6082
4.7921,4.0592,-1.855
4.541,3.6661,-1.8303
4.3169,3.4432,-1.7691
4.2021,3.3892,-1.7486
4.1046,3.4187,-1.7296
4.0688,3.3022,-1.6709
4.0143,3.3257,-1.6658
3.9486,3.3092,-1.6841
3.8921,3.2831,-1.7215
3.8428,3.1705,-1.7403
3.7552,2.8699,-1.5957
3.6352,2.8488,-1.5899
3.5216,2.4706,-1.4954
3.3551,2.3087,-1.3003
3.2828,2.276,-1.1858
3.2779,2.5834,-1.3078
3.2189,3.1182,-1.5581
3.2294,3.1442,-1.8502
3.2399,3.1799,-2.0492
3.1764,3.0216,-2.1381
3.1688,2.5142,-1.9955
2.8206,2.4952,-1.7289
2.7068,2.7072,-1.8698
2.789,2.6629,-2.1083
2.7401,2.2811,-1.9917
2.5526,1.9326,-1.7039
2.4009,1.8664,-1.5679
2.3789,1.7589,-1.5318
2.2016,1.7437,-1.4359
2.1608,1.7481,-1.4526
2.1895,1.7295,-1.4493
2.1743,1.8639,-1.4049
2.3376,1.9841,-1.3854
2.3747,2.0346,-1.3048
2.4213,2.2106,-1.254
2.5254,2.3774,-1.2131
2.7903,2.6903,-1.2196
2.9996,3.1479,-1.2734
3.1253,3.6751,-1.4235
3.303,4.1968,-1.5211
3.4412,4.312,-1.5294
3.6075,4.4436,-1.3759
3.8427,5.3235,-1.5401
3.9535,5.665,-1.5801
3.97,5.7498,-1.5387
3.9217,5.6878,-1.4073
4.2165,6.3445,-1.4405
4.365,6.4994,-1.3757
4.3322,6.6646,-1.3121
4.201,6.4684,-1.1272
4.0305,6.3708,-1.0929
3.9315,6.4114,-1.1334
3.9037,6.5608,-1.3367
3.8054,6.9824,-1.6447
3.7061,6.725,-1.7015
3.5151,6.0938,-1.5628
3.3323,5.7196,-1.4998
3.19,5.6623,-1.6698
3.051,5.4292,-1.6997
2.9004,5.4491,-1.8051
2.7646,5.0746,-1.7335
2.6686,4.9919,-1.6619
2.5751,5.4051,-1.85
2.5738,5.4741,-2.0509
2.3459,4.8756,-1.8403
2.2021,4.5351,-1.7234
2.0137,4.2628,-1.6503
2.0207,4.6667,-2.0121
1.8491,4.7107,-2.3491
1.8413,4.6251,-2.7048
2.1619,5.4957,-3.44
2.5149,5.0234,-3.3977
2.3647,4.3874,-2.9092
2.4261,3.3389,-2.2536
2.3013,3.3189,-1.8957
2.2382,2.7687,-1.5502
2.1976,2.2637,-1.0322
2.1108,2.4167,-0.82321
1.9855,2.6663,-0.83659
2.0122,2.8059,-0.68286
1.9053,3.5579,-1.122
1.9317,3.6953,-1.1452
1.7449,4.7396,-1.4953
1.6624,4.7005,-1.5911
1.4242,4.526,-1.6565
1.0124,4.8534,-1.7278
0.95682,5.8308,-2.248
1.2146,5.2716,-2.4652
1.2356,4.1957,-2.1257
1.505,3.3986,-1.7273
1.6549,3.7028,-1.5417
1.7375,4.1884,-1.8829
1.6651,4.4925,-2.3596
1.7421,4.108,-2.1867
1.7858,4.4397,-2.5316
2.0914,4.6504,-2.6744
2.4637,4.5091,-2.7048
2.5171,4.7277,-2.712
2.5314,4.0197,-2.3611
2.4586,3.4665,-1.7186
2.4595,3.4062,-1.4015
2.3611,3.1955,-1.1378
2.1258,3.4759,-1.2309
2.1701,3.0238,-1.1489
2.1341,2.8697,-0.8474
2.0214,3.119,-0.93063
2.0356,3.5424,-1.0959
1.9906,3.8429,-1.1778
1.8985,4.0347,-1.1684
1.7581,4.2997,-1.2186
1.7634,4.6122,-1.1265
1.9595,4.4875,-1.0278
2.0026,4.2345,-0.6468
1.7633,4.1862,-0.51689
1.5526,3.8882,-0.37481
1.6004,3.7957,-0.1223
1.6443,3.7993,0.063431
1.7459,3.6637,0.355
1.7614,3.6062,0.4966
1.7701,3.6327,0.50307
1.9873,3.7776,0.67371
1.9242,4.102,0.57488
1.927,4.6053,0.35309
2.0004,4.921,0.26969
1.9128,5.2827,0.080609
1.5483,5.0521,-0.11928
1.521,5.3714,-0.094117
0.98673,5.7997,-0.43665
0.78494,5.635,-0.41703
0.91591,5.3354,-0.1399
1.0685,4.8115,0.28245
1.1588,4.4629,0.45477
1.3324,4.1567,0.64582
1.053,4.3357,0.50337
0.95239,4.5296,0.3378
0.81511,4.1992,0.38932
0.77073,3.9614,0.52708
0.73601,4.2493,0.42547
0.61233,4.4334,0.19574
0.85257,4.6702,0.015885
0.91515,4.6943,-0.061983
0.70694,5.0043,-0.26927
0.32328,4.9635,-0.52162
0.31344,4.6686,-0.58068
0.70699,3.9178,-0.3848
0.68024,3.6172,-0.33586
1.1052,3.4253,-0.074512
1.208,3.1214,-0.13653
1.0811,3.046,-0.25121
1.2326,2.7126,-0.15579
1.0055,2.0735,-0.1418
1.3072,1.5434,0.20016
1.7095,1.8758,0.20274
1.4009,2.0452,-0.080666
1.2589,1.9659,-0.16089
1.2311,2.0662,-0.11756
1.1413,2.3097,-0.097272
1.0566,2.6568,-0.46342
1.139,2.8239,-0.7098
1.0307,2.8185,-0.93373
1.0704,2.491,-0.89894
1.4681,2.6078,-0.68986
1.6025,2.492,-0.71353
1.9823,2.4287,-0.80173
2.2339,2.4134,-0.92762
2.4189,2.4163,-0.96486
2.32,2.5317,-0.99859
2.1002,2.612,-1.1231
1.8114,2.3636,-1.0021
1.7785,2.5053,-0.72465
1.8449,2.5385,-0.7679
1.8696,2.477,-0.66879
2.0787,2.5604,-0.67555
2.407,2.5998,-0.81435
2.7456,2.7083,-0.94008
2.9166,2.7808,-0.99299
2.9452,2.8367,-1.1016
3.1115,2.8164,-1.2065
3.2563,2.8711,-1.2921
3.6614,2.8428,-1.8161
1.9926,2.0998,-2.0235
2.6634,1.905,-1.046
2.743,1.4447,-0.9054
2.537,1.809,-1.1097
2.4225,1.7733,-1.2229
2.6002,1.9429,-1.1904
2.752,2.4735,-1.2186
2.7706,2.8966,-1.2884
2.7072,3.3723,-1.6431
2.5064,3.7152,-1.8876
1.9397,3.9415,-2.2774
1.3963,3.679,-2.183
1.38,3.3634,-1.2022
1.3317,3.4787,-1.2696
2.008,3.19,-1.5959
3.0022,2.9842,-1.8927
3.2636,3.0406,-2.4127
3.0746,3.1964,-2.316
3.165,3.5452,-2.2205
3.4871,3.8938,-2.4222
3.428,4.6576,-2.8205
3.025,5.0199,-3.0568
2.8433,5.0729,-2.9042
2.435,5.0573,-3.1619
2.5911,4.3266,-2.8969
3.1728,3.6595,-1.7448
3.2653,3.658,-1.7645
3.3588,4.0938,-2.2773
3.6189,4.0044,-2.6839
4.654,4.1546,-3.2375
4.9003,4.7578,-3.4785
4.5295,5.2493,-3.64
3.9536,5.4853,-3.9794
3.761,5.451,-3.994
3.6625,5.1643,-3.715
3.91,5.4369,-3.4815
3.4994,5.5555,-3.3541
3.5916,5.8374,-3.0317
3.6969,5.945,-3.0728
3.8986,5.8594,-3.0743
3.8847,5.8274,-3.059
3.8807,5.8332,-3.0446
3.9105,6.1425,-2.9759
3.688,6.647,-3.1034
3.3495,6.8714,-3.1898
3.1268,7.1769,-3.3972
2.9767,7.3543,-3.5989
3.3544,6.9612,-3.5455
3.3834,6.5996,-3.4699
3.5647,6.1724,-3.0744
3.9737,5.9036,-2.9121
3.9391,6.0476,-3.1873
3.6978,6.4875,-3.3767
3.6051,6.7947,-3.5687
3.7902,7.22,-3.6894
3.5858,7.5155,-3.8496
2.8217,7.5092,-4.1351
2.8362,7.7538,-4.2393
2.7276,7.4588,-4.1112
2.902,7.2191,-3.873
3.0195,7.1251,-3.7195
2.545,7.3133,-3.8579
2.5296,7.5249,-3.9444
2.394,7.8063,-4.1066
2.0256,7.9538,-4.3277
1.9779,8.0899,-4.2602
1.6189,8.2811,-4.137
1.1915,7.9055,-3.9382
1.5634,7.5565,-3.4794
1.7121,7.6744,-3.3362
1.5895,7.6931,-3.1735
1.6167,7.9873,-3.3327
1.6678,7.759,-3.4464
1.6688,7.6244,-3.5653
1.628,7.9605,-3.7031
1.6868,8.2928,-3.8909
1.4544,8.4659,-4.2801
1.1334,8.7424,-4.5446
1.0081,8.8981,-4.7223
0.83797,8.9779,-4.7585
0.6097,8.8858,-4.8482
0.61372,8.7152,-4.9188
0.3754,8.0232,-4.6279
0.53772,8.471,-4.6157
0.30175,8.2662,-4.3333
0.22939,8.0692,-4.1667
0.28882,7.8688,-4.0044
0.30716,8.0577,-3.9954
0.32303,8.1187,-4.05
0.48586,8.266,-4.3041
0.62941,8.5246,-4.7055
0.32188,9.0723,-5.3333
-0.23078,9.4278,-5.6897
-0.55891,9.8038,-6.0822
-0.73936,9.7195,-6.4881
-0.93745,9.4615,-6.6674
-0.95292,9.34,-6.5869
-1.3693,8.8592,-6.2551
-1.1524,8.2828,-5.4591
-1.1129,7.934,-4.8635
-0.74692,7.8138,-4.5059
-0.574,7.7781,-4.456
-0.5141,7.7388,-4.6685
-0.19114,7.6351,-5.0912
0.27892,7.4443,-5.3748
0.29525,7.4933,-5.4783
0.2209,7.5481,-5.537
0.025257,7.4627,-5.5762
-0.31882,7.6988,-5.5811
-0.65599,7.533,-5.6119
-0.45598,7.4244,-5.137
-0.18738,6.8812,-4.77
-0.09196,6.5441,-4.6712
0.34711,6.1461,-4.1917
0.5928,5.841,-3.8585
0.61402,5.5761,-3.6049
0.5595,5.3189,-3.3307
0.44591,5.1723,-3.249
0.3007,4.9499,-3.183
0.34649,4.8373,-3.1562
0.22836,4.862,-3.2012
0.17831,4.9249,-3.3193
0.24958,4.9433,-3.3861
0.29437,5.0156,-3.5526
0.2553,5.0746,-3.6093
0.034705,5.1264,-3.5435
0.14111,5.1519,-3.6661
0.15937,4.9904,-3.6064
0.29595,4.7706,-3.483
0.6605,4.5485,-3.2937
0.63378,4.3087,-3.394
0.7248,4.1376,-3.3143
0.6677,4.1756,-3.2846
0.59993,4.1417,-3.3522
0.60556,4.1593,-3.4559
0.62206,4.1928,-3.5664
0.51182,4.2214,-3.6558
0.22657,4.2037,-3.7056
0.088927,4.2213,-3.7959
-0.0055266,4.2272,-3.8091
-0.069669,4.292,-3.7173
-0.21516,4.2008,-3.6181
-0.25229,4.1969,-3.5184
0.034255,4.2824,-3.3862
-0.097075,4.2018,-3.3768
0.014965,4.1299,-3.2116
0.1608,4.0491,-3.1192
0.24,3.9756,-3.1617
0.054556,4.0141,-3.3464
0.11045,4.232,-3.6352
0.11059,4.4785,-3.7783
0.12784,4.6543,-3.8037
0.028775,4.7293,-3.8958
0.0025469,4.8608,-3.9855
-0.075912,4.8473,-3.9495
-0.03666,4.8475,-3.9943
0.067102,4.7135,-3.8859
0.040089,4.6911,-3.7473
0.17832,4.477,-3.5106
0.21651,4.2405,-3.3472
0.1467,3.9975,-3.2579
0.15562,3.9012,-3.3057
0.21169,3.8484,-3.2725
0.11147,3.8969,-3.3397
-0.061275,3.9094,-3.3819
-0.19948,3.8475,-3.3038
-0.21724,3.7486,-3.2393
-0.32225,3.5954,-3.2372
-0.44525,3.5519,-3.2532
-0.35642,3.5329,-3.3886
-0.11098,3.4792,-3.6281
0.16936,3.5913,-3.9492
0.3664,3.4319,-4.1221
0.48817,3.3579,-3.9982
0.58534,3.3252,-4.0063
0.62796,3.1028,-3.9894
0.51894,3.1421,-3.9837
0.55185,3.1095,-3.9043
0.53683,3.0867,-3.8536
0.55867,3.1536,-3.8604
0.53465,3.2285,-3.846
0.45976,3.2571,-3.8419
0.37691,3.2959,-3.9223
0.35262,3.3693,-3.9762
0.3062,3.4142,-4.0224
0.26482,3.4269,-4.0205
0.29348,3.3008,-3.8404
0.19771,3.0914,-3.6712
0.10797,2.9521,-3.5679
0.044091,2.958,-3.4557
-0.0028076,2.9553,-3.3093
-0.075128,2.8044,-3.2506
-0.18996,2.79,-3.2451
-0.14764,2.8668,-3.3656
-0.0095768,2.806,-3.2729
0.063429,2.6121,-3.1552
0.10337,2.4652,-3.3376
0.20975,2.4962,-3.4538
0.33639,2.5118,-3.4908
0.3686,2.5651,-3.5778
0.3626,2.6726,-3.5889
0.30271,2.6902,-3.5768
0.28697,2.6492,-3.5154
0.33365,2.6413,-3.4616
0.41444,2.6049,-3.3486
0.40117,2.5205,-3.2127
0.33808,2.403,-3.0788
0.24868,2.3151,-3.0094
0.059459,2.1897,-2.9668
0.049583,2.1546,-2.9823
0.00050868,2.1632,-2.9473
0.021499,2.192,-2.9516
0.048811,2.2085,-2.9708
0.027876,2.2088,-2.9838
0.069617,2.2146,-3.0235
0.14758,2.2369,-3.027
0.22307,2.2529,-3.0308
0.24001,2.2062,-2.9975
0.30504,2.1827,-2.9971
0.32139,2.2026,-3.0103
0.30633,2.2094,-3.0356
0.30454,2.203,-3.0411
0.3031,2.1555,-3.0138
0.28218,2.1651,-3.0357
0.27007,2.1625,-2.9892
0.22312,2.0932,-2.8999
0.18488,2.0455,-2.8587
0.14206,1.9862,-2.8409
0.14414,1.8478,-2.9051
0.063419,1.8641,-3.1599
0.039153,1.9441,-3.4319
-0.080026,2.0128,-3.6843
-0.11105,2.0537,-3.8606
0.037461,2.2194,-4.0232
0.17493,2.3146,-4.0371
0.30461,2.3889,-4.0448
0.31775,2.5175,-4.1401
0.22701,2.5109,-4.0092
0.12227,2.5305,-3.9019
0.14278,2.422,-3.8154
0.079417,2.3352,-3.7513
0.10173,2.2488,-3.6955
0.081546,2.2042,-3.6294
-0.054313,2.1229,-3.5295
-0.17071,2.1332,-3.4037
-0.035574,2.0291,-3.433
-0.047062,2.1369,-3.7707
-0.018033,2.2099,-4.0471
-0.14086,2.3782,-4.2743
-0.14016,2.471,-4.2427
-0.05186,2.7506,-4.2131
-0.062083,2.7463,-3.8935
-0.10794,2.8,-3.7654
-0.29068,2.6285,-3.5584
-0.46948,2.6278,-3.4817
-0.62551,2.5397,-3.3514
-0.70693,2.3694,-3.1207
-0.94585,2.2926,-2.9128
-0.93673,2.2031,-2.6852
-0.97982,2.1084,-2.4921
-1.0975,2.0715,-2.4238
-1.462,1.8954,-2.2695
-1.1395,2.0986,-2.3849
-0.98065,2.035,-2.3577
-0.97102,1.9497,-2.3292
-0.94267,2.0317,-2.3242
-0.92323,1.9608,-2.3078
-0.9524,1.9591,-2.3079
-1.0084,1.9451,-2.3023
-1.0127,1.9464,-2.367
-1.0298,1.9515,-2.3977
-1.0273,1.9035,-2.3797
-1.0558,1.8704,-2.3623
-1.0565,1.8709,-2.3591
-1.1072,1.8687,-2.3325
-1.181,1.6831,-2.2435
-1.3639,1.5686,-2.1317
-1.1119,1.6582,-2.107
-1.0832,1.6766,-2.0884
-0.95686,1.6679,-2.0976
-1.0004,1.5581,-2.0044
-1.0803,1.506,-1.9954
-1.1102,1.4585,-1.9647
-1.0547,1.5747,-2.0909
-1.0363,1.5131,-1.9989
-0.93837,1.5113,-1.9286
-0.89836,1.4555,-1.874
-0.92297,1.3895,-1.7459
-0.94343,1.2609,-1.8801
-1.0564,1.306,-1.9569
-1.0532,1.4392,-2.0297
-1.0066,1.6184,-2.0687
-0.87585,1.7522,-2.042
-0.88554,1.8011,-1.9368
-0.98671,1.7731,-1.8235
-1.0876,1.757,-1.7049
-1.1039,1.7638,-1.6397
-1.063,1.7671,-1.5015
-1.0823,1.732,-1.3258
-1.334,1.577,-0.94617
-1.995,1.6158,-1.0526
-1.9075,1.7464,-1.1734
-2.1399,1.8776,-1.1473
-2.1474,2.0057,-1.2855
-2.0171,2.0604,-1.2749
-1.912,2.0949,-1.288
-1.6177,2.0687,-1.2588
-1.5486,1.9901,-1.1052
-1.7589,1.9262,-0.92682
-1.7982,1.8603,-0.77635
-1.6844,1.922,-0.76456
-1.7149,1.8701,-0.69683
-1.7678,1.7614,-0.6262
-1.6684,1.77,-0.52902
-1.4887,1.8076,-0.52501
-1.3339,1.7819,-0.3698
-1.4273,1.7067,-0.27462
-1.5517,1.6324,-0.27295
-1.5182,1.6541,-0.21965
-1.7755,1.6789,-0.1417
-1.7864,1.8808,-0.26764
-2.072,1.9571,-0.080371
-2.5455,2.0445,-0.1564
-2.5179,2.2335,-0.24217
-2.3525,2.0752,-0.17834
-2.1433,1.9137,-0.23106
-1.831,1.8525,-0.32766
-1.682,1.7072,-0.096773
-1.8206,1.5415,-0.15902
-1.6797,1.5493,-0.047925
-1.6254,1.601,-0.15934
-1.5466,1.6122,-0.20244
-1.5969,1.4937,-0.13276
-1.587,1.4838,-0.098162
-1.4907,1.4114,0.021034
-1.3853,1.404,-0.0051859
-1.3092,1.2994,0.035642
-1.1764,1.1687,0.040414
-1.0556,1.01,-0.099698
-0.80878,0.88228,-0.28987
-0.67996,0.79363,-0.29594
-0.61314,0.73892,-0.36357
-0.54141,0.71937,-0.53407
-0.43773,0.80667,-0.82589
-0.35189,0.97495,-1.0437
-0.30068,1.1156,-1.1938
-0.28503,1.2048,-1.2528
-0.30488,1.0935,-1.1461
-0.32758,1.1418,-1.4552
-0.3473,1.3483,-1.6415
-0.37968,1.3043,-1.4832
-0.30811,1.2119,-1.3718
-0.28782,1.2284,-1.4465
-0.33981,1.2173,-1.444
-0.26528,1.2224,-1.5051
-0.30629,1.2691,-1.6232
-0.22692,1.22,-1.7116
-0.18627,1.2868,-1.8378
-0.31763,1.233,-1.8043
-0.32585,1.242,-1.9148
-0.39183,1.2273,-1.9949
-0.42332,1.1465,-2.0888
-0.67894,1.1004,-2.2728
-0.86907,1.1671,-2.353
-1.1768,1.1427,-2.3568
-1.4699,1.1393,-2.354
-1.6872,1.1879,-2.2113
-1.7858,1.1053,-1.8633
-1.9044,0.92817,-1.4351
-2.0712,0.75063,-1.2518
-2.0211,0.85422,-1.2695
-1.9622,0.8172,-1.0432
-1.8724,0.68993,-0.6682
-1.8266,0.68465,-0.66136
-1.7668,0.64132,-0.31747
-1.8127,0.64486,-0.22745
-1.841,0.64957,-0.082134
-1.9958,0.51332,-0.030584
-2.1184,0.43289,-0.065337
-2.224,0.32448,0.058004
-2.2932,0.30419,0.12408
-2.4039,0.30423,0.12435
-2.4216,0.41167,0.095014
-2.446,0.45564,0.076309
-2.3667,0.5318,0.080702
-2.2759,0.45445,0.16684
-2.2411,0.49834,0.13458
-2.1806,0.48046,0.22956
-2.1282,0.50912,0.24377
-2.0703,0.54387,0.20275
-2.0539,0.53045,0.21497
-2.0038,0.52864,0.21024
-1.9412,0.5389,0.2196
-1.9797,0.58681,0.17758
-1.951,0.56932,0.16537
-1.8892,0.58457,0.16455
-1.745,0.57488,0.15104
-1.6613,0.46825,0.24522
-1.5816,0.45402,0.27684
-1.5413,0.35876,0.26932
-1.5067,0.21452,0.29201
-1.356,0.16106,0.4222
-1.3335,0.32955,0.41281
-1.421,0.40558,0.33439
-1.4344,0.46672,0.24712
-1.3948,0.52034,0.21175
-1.2168,0.52239,0.17864
-1.1173,0.42501,0.17017
-1.0116,0.41345,0.077739
-0.96754,0.31492,0.042647
-0.96955,0.14843,0.28308
-0.96871,0.31833,0.15597
-1.0639,0.2062,0.16669
-1.0261,0.24764,0.10317
-0.90961,0.36226,0.070564
-0.87878,0.35308,0.13243
-0.86333,0.33063,0.10994
-0.8592,0.28343,0.084067
-0.74558,0.22247,0.051738
-0.64958,0.24841,-0.0041189
-0.57536,0.28242,-0.027669
-0.5395,0.27829,-0.04117
-0.4655,0.30276,-0.11928
-0.34808,0.37399,-0.24249
-0.29983,0.48862,-0.40034
-0.30137,0.58383,-0.50504
-0.24666,0.66803,-0.60189
-0.22831,0.72268,-0.68016
-0.28962,0.80103,-0.77293
-0.30317,0.8412,-0.83329
-0.39998,0.83212,-0.79411
-0.40493,0.81354,-0.78478
-0.4374,0.77459,-0.75776
-0.52082,0.73219,-0.70202
-0.5931,0.69626,-0.6406
-0.68648,0.57461,-0.51551
-0.77874,0.51447,-0.50337
-0.85377,0.43197,-0.44155
-0.88467,0.37673,-0.40544
-0.92145,0.3428,-0.36374
-0.95247,0.31597,-0.31715
-0.97544,0.30738,-0.31994
-1.0096,0.26605,-0.31058
-1.029,0.22983,-0.26853
-1.0244,0.23688,-0.25193
-1.0275,0.21055,-0.19576
-1.0313,0.17162,-0.17953
-1.0446,0.2219,-0.1712
-1.0931,0.18697,-0.14709
-1.1472,0.094602,-0.079293
-1.1221,0.15305,-0.1168
-1.1078,0.1592,-0.10779
-1.0612,0.18172,-0.10901
-1.0056,0.20353,-0.17608
-1.0259,0.1842,-0.19401
-1.0246,0.163,-0.15672
-1.0243,0.17609,-0.10904
-1.0678,0.10102,-0.052578
-1.1136,0.062076,-0.060424
-1.0801,0.073916,-0.044676
-1.0441,0.0068671,0.0011391
-0.98429,0.052529,-0.0034628
-0.96888,0.017107,0.029343
-0.98002,-0.038225,0.058773
-0.98341,0.030448,0.090531
-0.98921,-0.03399,0.11334
-1.144,-0.10699,0.13174
-1.2647,-0.16205,0.10508
-1.2745,-0.17572,0.070587
-1.2586,-0.097093,-0.030861
-1.2515,-0.0886,-0.11118
-1.2442,-0.032886,-0.16535
-1.2369,-0.017716,-0.22551
-1.2907,-0.01521,-0.27099
-1.295,-0.017649,-0.24249
-1.2683,-0.046194,-0.18487
-1.2849,-0.097633,-0.11487
-1.311,-0.16025,-0.026444
-1.3157,-0.21196,0.053954
-1.299,-0.18953,0.098304
-1.2692,-0.1383,0.13177
-1.2543,-0.19453,0.2138
-1.2389,-0.30163,0.26701
-1.1857,-0.26186,0.19497
-1.1162,-0.30534,0.23174
-1.0392,-0.30003,0.24773
-0.99547,-0.29803,0.218
-0.93737,-0.32222,0.22139
-0.86128,-0.32448,0.20769
-0.82388,-0.33638,0.21533
-0.79464,-0.32862,0.18691
-0.82026,-0.35197,0.16716
-0.77179,-0.33509,0.15151
-0.69891,-0.35618,0.19523
-0.61366,-0.25083,0.086908
-0.71002,-0.26004,0.077466
-0.58737,-0.20456,-0.017768
-0.47356,-0.12846,-0.059102
-0.45271,-0.082165,-0.036308
-0.41096,-0.1103,-0.041628
-0.39687,-0.090854,-0.0076647
-0.39848,-0.09238,-0.0091982
-0.40553,-0.094505,-0.017077
-0.39281,-0.10554,-0.041361
-0.36453,-0.066765,-0.096613
-0.33592,-0.044422,-0.13047
-0.29363,-0.022312,-0.16133
-0.25451,0.00035344,-0.19086
-0.23525,0.015767,-0.21076
-0.22175,0.028943,-0.2219
-0.19437,0.029872,-0.236
-0.16871,0.03866,-0.24188
-0.14192,0.042357,-0.23378
-0.12356,0.053067,-0.2303
-0.11493,0.048637,-0.2222
-0.10469,0.048082,-0.22006
-0.10451,0.055448,-0.21472
-0.096181,0.048892,-0.20327
-0.086917,0.048852,-0.19223
-0.081568,0.046794,-0.18004
-0.074333,0.055656,-0.17588
-0.07335,0.050919,-0.15841
-0.078772,0.064864,-0.16591
-0.10485,0.062138,-0.15532
-0.089946,0.064765,-0.17341
-0.09395,0.085395,-0.16363
-0.099234,0.015,-0.12784
-0.039645,-0.0025245,-0.14339
-0.064751,0.088192,-0.12915
-0.10649,-0.013322,-0.060844
-0.087063,0.0020456,-0.11884
-0.069812,-0.011822,-0.12152
-0.059811,0.0049691,-0.10497
-0.047186,-0.01541,-0.096427
-0.0050848,-0.036864,-0.1138
-0.0046045,-0.012169,-0.1152
-0.021029,-0.042936,-0.091096
-0.021498,-0.046455,-0.11829
-0.033662,0.0078425,-0.081614
-0.094765,-0.049015,-0.042149
-0.098905,-0.0045247,-0.12539
-0.09486,0.047131,-0.108
-0.12181,0.030745,-0.047483
-0.15749,-0.0028624,-0.018929
-0.21403,-0.0062447,0.0352
-0.23973,-0.055201,0.078797
-0.2928,-0.0648,0.065369
-0.3044,-0.15879,0.098222
-0.39162,-0.2157,0.15083
-0.4235,-0.36982,0.29602
-0.50123,-0.42599,0.36995
-0.55307,-0.44512,0.40949
-0.55029,-0.50961,0.47803
-0.50739,-0.5651,0.49866
-0.4811,-0.57037,0.5221
-0.43512,-0.58875,0.56146
-0.48499,-0.61042,0.61524
-0.44222,-0.59876,0.62719
-0.38394,-0.53265,0.55107
-0.36744,-0.46329,0.52352
-0.31331,-0.41288,0.50556
-0.30916,-0.33803,0.43613
-0.30192,-0.31611,0.43839
-0.30721,-0.28622,0.44542
-0.28983,-0.2786,0.42556
-0.2637,-0.2832,0.38568
-0.18333,-0.27636,0.31235
-0.17761,-0.27369,0.31096
-0.16949,-0.29295,0.34284
-0.2051,-0.27162,0.33505
-0.14268,-0.36225,0.29933
-0.18111,-0.27607,0.2502
-0.16859,-0.24012,0.27001
-0.15117,-0.22498,0.25837
-0.11311,-0.21911,0.20851
-0.061305,-0.18794,0.15547
-0.083883,-0.15213,0.16881
-0.057799,-0.20603,0.18314
-0.078891,-0.17499,0.17633
-0.069102,-0.203,0.17868
-0.03626,-0.19491,0.15198
-0.11646,-0.18514,0.17833
-0.12891,-0.22004,0.21424
-0.11765,-0.23806,0.20618
-0.06204,-0.27049,0.18396
-0.043772,-0.1915,0.14905
-0.14189,-0.16159,0.19909
-0.14649,-0.20321,0.24028
-0.11339,-0.2274,0.22373
-0.15129,-0.18016,0.22197
-0.2185,-0.22825,0.28864
-0.19905,-0.28112,0.29302
-0.17408,-0.26147,0.26181
-0.21998,-0.25667,0.28383
-0.25321,-0.24959,0.31158
-0.29563,-0.25375,0.34207
-0.2566,-0.26585,0.32464
-0.29323,-0.28733,0.34357
-0.29136,-0.31977,0.34466
-0.30287,-0.3533,0.35491
-0.26565,-0.36955,0.32576
-0.33303,-0.29164,0.30814
-0.61753,-0.3677,0.49222
-0.60007,-0.46438,0.55315
-0.5891,-0.54,0.54847
-0.60428,-0.6726,0.58756
-0.51541,-0.66602,0.53773
-0.45487,-0.57093,0.46344
-0.67166,-0.62595,0.61102
-0.63058,-0.70387,0.69143
-0.5901,-0.75111,0.68173
-0.57558,-0.71982,0.67235
-0.56431,-0.73946,0.67772
-0.57587,-0.74404,0.7101
-0.55173,-0.74573,0.71461
-0.47172,-0.72613,0.66493
-0.475,-0.70535,0.66892
-0.37838,-0.67949,0.61458
-0.329,-0.66332,0.59032
-0.3554,-0.63082,0.61291
-0.36342,-0.63941,0.64701
-0.33933,-0.64569,0.62598
-0.37094,-0.6477,0.65313
-0.28044,-0.67472,0.61586
-0.37626,-0.62317,0.64983
-0.39403,-0.62784,0.69177
-0.37819,-0.62426,0.68059
-0.38547,-0.61034,0.68921
-0.40829,-0.6155,0.69716
-0.39877,-0.55237,0.655
-0.46143,-0.62327,0.75429
-0.46648,-0.65265,0.77204
-0.48676,-0.68613,0.8237
-0.48125,-0.72023,0.8387
-0.42263,-0.7151,0.80728
-0.39722,-0.72712,0.8138
-0.33982,-0.70078,0.74875
-0.30961,-0.63737,0.7013
-0.30098,-0.5926,0.69827